index,field,pv,value,record_type
1,cell_01_excite_amps,SR01A-CS-FOFB-01:EXCITE:AMPS,[0. 0. 0. 0. 0. 0. 0. 0. 0. 0. 0. 0. 0. 0. 0. 0. 0. 0.],wfm
1,cell_01_excite_deltas,SR01A-CS-FOFB-01:EXCITE:DELTAS,[0. 0. 0. 0. 0. 0. 0. 0. 0. 0. 0. 0. 0. 0. 0. 0. 0. 0.],wfm
1,cell_01_excite_prime,SR01A-CS-FOFB-01:EXCITE:PRIME,0,ao
1,cell_01_excite_start_times,SR01A-CS-FOFB-01:EXCITE:START_TIMES,[0. 0. 0. 0. 0. 0. 0. 0. 0. 0. 0. 0. 0. 0. 0. 0. 0. 0.],wfm
1,cell_01_excite_ticks,SR01A-CS-FOFB-01:EXCITE:TICKS,[0. 0. 0. 0. 0. 0. 0. 0. 0. 0. 0. 0. 0. 0. 0. 0. 0. 0.],wfm
2,cell_02_excite_amps,SR02A-CS-FOFB-01:EXCITE:AMPS,[0. 0. 0. 0. 0. 0. 0. 0. 0. 0. 0. 0. 0. 0. 0. 0. 0. 0.],wfm
2,cell_02_excite_deltas,SR02A-CS-FOFB-01:EXCITE:DELTAS,[0. 0. 0. 0. 0. 0. 0. 0. 0. 0. 0. 0. 0. 0. 0. 0. 0. 0.],wfm
2,cell_02_excite_prime,SR02A-CS-FOFB-01:EXCITE:PRIME,0,ao
2,cell_02_excite_start_times,SR02A-CS-FOFB-01:EXCITE:START_TIMES,[0. 0. 0. 0. 0. 0. 0. 0. 0. 0. 0. 0. 0. 0. 0. 0. 0. 0.],wfm
2,cell_02_excite_ticks,SR02A-CS-FOFB-01:EXCITE:TICKS,[0. 0. 0. 0. 0. 0. 0. 0. 0. 0. 0. 0. 0. 0. 0. 0. 0. 0.],wfm
3,bba_offset_x,SR01C-DI-EBPM-01:CF:BBA_X_S,0,ao
3,bba_offset_y,SR01C-DI-EBPM-01:CF:BBA_Y_S,0,ao
3,bcd_offset_x,SR01C-DI-EBPM-01:CF:BCD_X_S,0,ao
3,bcd_offset_y,SR01C-DI-EBPM-01:CF:BCD_Y_S,0,ao
3,cell_03_excite_amps,SR03A-CS-FOFB-01:EXCITE:AMPS,[0. 0. 0. 0. 0. 0. 0. 0. 0. 0. 0. 0. 0. 0. 0. 0. 0. 0.],wfm
3,cell_03_excite_deltas,SR03A-CS-FOFB-01:EXCITE:DELTAS,[0. 0. 0. 0. 0. 0. 0. 0. 0. 0. 0. 0. 0. 0. 0. 0. 0. 0.],wfm
3,cell_03_excite_prime,SR03A-CS-FOFB-01:EXCITE:PRIME,0,ao
3,cell_03_excite_start_times,SR03A-CS-FOFB-01:EXCITE:START_TIMES,[0. 0. 0. 0. 0. 0. 0. 0. 0. 0. 0. 0. 0. 0. 0. 0. 0. 0.],wfm
3,cell_03_excite_ticks,SR03A-CS-FOFB-01:EXCITE:TICKS,[0. 0. 0. 0. 0. 0. 0. 0. 0. 0. 0. 0. 0. 0. 0. 0. 0. 0.],wfm
3,golden_offset_x,SR01C-DI-EBPM-01:CF:GOLDEN_X_S,0,ao
3,golden_offset_y,SR01C-DI-EBPM-01:CF:GOLDEN_Y_S,0,ao
4,cell_04_excite_amps,SR04A-CS-FOFB-01:EXCITE:AMPS,[0. 0. 0. 0. 0. 0. 0. 0. 0. 0. 0. 0. 0. 0. 0. 0. 0. 0.],wfm
4,cell_04_excite_deltas,SR04A-CS-FOFB-01:EXCITE:DELTAS,[0. 0. 0. 0. 0. 0. 0. 0. 0. 0. 0. 0. 0. 0. 0. 0. 0. 0.],wfm
4,cell_04_excite_prime,SR04A-CS-FOFB-01:EXCITE:PRIME,0,ao
4,cell_04_excite_start_times,SR04A-CS-FOFB-01:EXCITE:START_TIMES,[0. 0. 0. 0. 0. 0. 0. 0. 0. 0. 0. 0. 0. 0. 0. 0. 0. 0.],wfm
4,cell_04_excite_ticks,SR04A-CS-FOFB-01:EXCITE:TICKS,[0. 0. 0. 0. 0. 0. 0. 0. 0. 0. 0. 0. 0. 0. 0. 0. 0. 0.],wfm
5,cell_05_excite_amps,SR05A-CS-FOFB-01:EXCITE:AMPS,[0. 0. 0. 0. 0. 0. 0. 0. 0. 0. 0. 0. 0. 0. 0. 0. 0. 0.],wfm
5,cell_05_excite_deltas,SR05A-CS-FOFB-01:EXCITE:DELTAS,[0. 0. 0. 0. 0. 0. 0. 0. 0. 0. 0. 0. 0. 0. 0. 0. 0. 0.],wfm
5,cell_05_excite_prime,SR05A-CS-FOFB-01:EXCITE:PRIME,0,ao
5,cell_05_excite_start_times,SR05A-CS-FOFB-01:EXCITE:START_TIMES,[0. 0. 0. 0. 0. 0. 0. 0. 0. 0. 0. 0. 0. 0. 0. 0. 0. 0.],wfm
5,cell_05_excite_ticks,SR05A-CS-FOFB-01:EXCITE:TICKS,[0. 0. 0. 0. 0. 0. 0. 0. 0. 0. 0. 0. 0. 0. 0. 0. 0. 0.],wfm
6,cell_06_excite_amps,SR06A-CS-FOFB-01:EXCITE:AMPS,[0. 0. 0. 0. 0. 0. 0. 0. 0. 0. 0. 0. 0. 0. 0. 0. 0. 0.],wfm
6,cell_06_excite_deltas,SR06A-CS-FOFB-01:EXCITE:DELTAS,[0. 0. 0. 0. 0. 0. 0. 0. 0. 0. 0. 0. 0. 0. 0. 0. 0. 0.],wfm
6,cell_06_excite_prime,SR06A-CS-FOFB-01:EXCITE:PRIME,0,ao
6,cell_06_excite_start_times,SR06A-CS-FOFB-01:EXCITE:START_TIMES,[0. 0. 0. 0. 0. 0. 0. 0. 0. 0. 0. 0. 0. 0. 0. 0. 0. 0.],wfm
6,cell_06_excite_ticks,SR06A-CS-FOFB-01:EXCITE:TICKS,[0. 0. 0. 0. 0. 0. 0. 0. 0. 0. 0. 0. 0. 0. 0. 0. 0. 0.],wfm
7,cell_07_excite_amps,SR07A-CS-FOFB-01:EXCITE:AMPS,[0. 0. 0. 0. 0. 0. 0. 0. 0. 0. 0. 0. 0. 0. 0. 0. 0. 0.],wfm
7,cell_07_excite_deltas,SR07A-CS-FOFB-01:EXCITE:DELTAS,[0. 0. 0. 0. 0. 0. 0. 0. 0. 0. 0. 0. 0. 0. 0. 0. 0. 0.],wfm
7,cell_07_excite_prime,SR07A-CS-FOFB-01:EXCITE:PRIME,0,ao
7,cell_07_excite_start_times,SR07A-CS-FOFB-01:EXCITE:START_TIMES,[0. 0. 0. 0. 0. 0. 0. 0. 0. 0. 0. 0. 0. 0. 0. 0. 0. 0.],wfm
7,cell_07_excite_ticks,SR07A-CS-FOFB-01:EXCITE:TICKS,[0. 0. 0. 0. 0. 0. 0. 0. 0. 0. 0. 0. 0. 0. 0. 0. 0. 0.],wfm
8,cell_08_excite_amps,SR08A-CS-FOFB-01:EXCITE:AMPS,[0. 0. 0. 0. 0. 0. 0. 0. 0. 0. 0. 0. 0. 0. 0. 0. 0. 0.],wfm
8,cell_08_excite_deltas,SR08A-CS-FOFB-01:EXCITE:DELTAS,[0. 0. 0. 0. 0. 0. 0. 0. 0. 0. 0. 0. 0. 0. 0. 0. 0. 0.],wfm
8,cell_08_excite_prime,SR08A-CS-FOFB-01:EXCITE:PRIME,0,ao
8,cell_08_excite_start_times,SR08A-CS-FOFB-01:EXCITE:START_TIMES,[0. 0. 0. 0. 0. 0. 0. 0. 0. 0. 0. 0. 0. 0. 0. 0. 0. 0.],wfm
8,cell_08_excite_ticks,SR08A-CS-FOFB-01:EXCITE:TICKS,[0. 0. 0. 0. 0. 0. 0. 0. 0. 0. 0. 0. 0. 0. 0. 0. 0. 0.],wfm
9,cell_09_excite_amps,SR09A-CS-FOFB-01:EXCITE:AMPS,[0. 0. 0. 0. 0. 0. 0. 0. 0. 0. 0. 0. 0. 0. 0. 0. 0. 0.],wfm
9,cell_09_excite_deltas,SR09A-CS-FOFB-01:EXCITE:DELTAS,[0. 0. 0. 0. 0. 0. 0. 0. 0. 0. 0. 0. 0. 0. 0. 0. 0. 0.],wfm
9,cell_09_excite_prime,SR09A-CS-FOFB-01:EXCITE:PRIME,0,ao
9,cell_09_excite_start_times,SR09A-CS-FOFB-01:EXCITE:START_TIMES,[0. 0. 0. 0. 0. 0. 0. 0. 0. 0. 0. 0. 0. 0. 0. 0. 0. 0.],wfm
9,cell_09_excite_ticks,SR09A-CS-FOFB-01:EXCITE:TICKS,[0. 0. 0. 0. 0. 0. 0. 0. 0. 0. 0. 0. 0. 0. 0. 0. 0. 0.],wfm
10,cell_10_excite_amps,SR10A-CS-FOFB-01:EXCITE:AMPS,[0. 0. 0. 0. 0. 0. 0. 0. 0. 0. 0. 0. 0. 0. 0. 0. 0. 0.],wfm
10,cell_10_excite_deltas,SR10A-CS-FOFB-01:EXCITE:DELTAS,[0. 0. 0. 0. 0. 0. 0. 0. 0. 0. 0. 0. 0. 0. 0. 0. 0. 0.],wfm
10,cell_10_excite_prime,SR10A-CS-FOFB-01:EXCITE:PRIME,0,ao
10,cell_10_excite_start_times,SR10A-CS-FOFB-01:EXCITE:START_TIMES,[0. 0. 0. 0. 0. 0. 0. 0. 0. 0. 0. 0. 0. 0. 0. 0. 0. 0.],wfm
10,cell_10_excite_ticks,SR10A-CS-FOFB-01:EXCITE:TICKS,[0. 0. 0. 0. 0. 0. 0. 0. 0. 0. 0. 0. 0. 0. 0. 0. 0. 0.],wfm
11,cell_11_excite_amps,SR11A-CS-FOFB-01:EXCITE:AMPS,[0. 0. 0. 0. 0. 0. 0. 0. 0. 0. 0. 0. 0. 0. 0. 0. 0. 0.],wfm
11,cell_11_excite_deltas,SR11A-CS-FOFB-01:EXCITE:DELTAS,[0. 0. 0. 0. 0. 0. 0. 0. 0. 0. 0. 0. 0. 0. 0. 0. 0. 0.],wfm
11,cell_11_excite_prime,SR11A-CS-FOFB-01:EXCITE:PRIME,0,ao
11,cell_11_excite_start_times,SR11A-CS-FOFB-01:EXCITE:START_TIMES,[0. 0. 0. 0. 0. 0. 0. 0. 0. 0. 0. 0. 0. 0. 0. 0. 0. 0.],wfm
11,cell_11_excite_ticks,SR11A-CS-FOFB-01:EXCITE:TICKS,[0. 0. 0. 0. 0. 0. 0. 0. 0. 0. 0. 0. 0. 0. 0. 0. 0. 0.],wfm
12,cell_12_excite_amps,SR12A-CS-FOFB-01:EXCITE:AMPS,[0. 0. 0. 0. 0. 0. 0. 0. 0. 0. 0. 0. 0. 0. 0. 0. 0. 0.],wfm
12,cell_12_excite_deltas,SR12A-CS-FOFB-01:EXCITE:DELTAS,[0. 0. 0. 0. 0. 0. 0. 0. 0. 0. 0. 0. 0. 0. 0. 0. 0. 0.],wfm
12,cell_12_excite_prime,SR12A-CS-FOFB-01:EXCITE:PRIME,0,ao
12,cell_12_excite_start_times,SR12A-CS-FOFB-01:EXCITE:START_TIMES,[0. 0. 0. 0. 0. 0. 0. 0. 0. 0. 0. 0. 0. 0. 0. 0. 0. 0.],wfm
12,cell_12_excite_ticks,SR12A-CS-FOFB-01:EXCITE:TICKS,[0. 0. 0. 0. 0. 0. 0. 0. 0. 0. 0. 0. 0. 0. 0. 0. 0. 0.],wfm
13,cell_13_excite_amps,SR13A-CS-FOFB-01:EXCITE:AMPS,[0. 0. 0. 0. 0. 0. 0. 0. 0. 0. 0. 0. 0. 0. 0. 0. 0. 0.],wfm
13,cell_13_excite_deltas,SR13A-CS-FOFB-01:EXCITE:DELTAS,[0. 0. 0. 0. 0. 0. 0. 0. 0. 0. 0. 0. 0. 0. 0. 0. 0. 0.],wfm
13,cell_13_excite_prime,SR13A-CS-FOFB-01:EXCITE:PRIME,0,ao
13,cell_13_excite_start_times,SR13A-CS-FOFB-01:EXCITE:START_TIMES,[0. 0. 0. 0. 0. 0. 0. 0. 0. 0. 0. 0. 0. 0. 0. 0. 0. 0.],wfm
13,cell_13_excite_ticks,SR13A-CS-FOFB-01:EXCITE:TICKS,[0. 0. 0. 0. 0. 0. 0. 0. 0. 0. 0. 0. 0. 0. 0. 0. 0. 0.],wfm
14,cell_14_excite_amps,SR14A-CS-FOFB-01:EXCITE:AMPS,[0. 0. 0. 0. 0. 0. 0. 0. 0. 0. 0. 0. 0. 0. 0. 0. 0. 0.],wfm
14,cell_14_excite_deltas,SR14A-CS-FOFB-01:EXCITE:DELTAS,[0. 0. 0. 0. 0. 0. 0. 0. 0. 0. 0. 0. 0. 0. 0. 0. 0. 0.],wfm
14,cell_14_excite_prime,SR14A-CS-FOFB-01:EXCITE:PRIME,0,ao
14,cell_14_excite_start_times,SR14A-CS-FOFB-01:EXCITE:START_TIMES,[0. 0. 0. 0. 0. 0. 0. 0. 0. 0. 0. 0. 0. 0. 0. 0. 0. 0.],wfm
14,cell_14_excite_ticks,SR14A-CS-FOFB-01:EXCITE:TICKS,[0. 0. 0. 0. 0. 0. 0. 0. 0. 0. 0. 0. 0. 0. 0. 0. 0. 0.],wfm
15,cell_15_excite_amps,SR15A-CS-FOFB-01:EXCITE:AMPS,[0. 0. 0. 0. 0. 0. 0. 0. 0. 0. 0. 0. 0. 0. 0. 0. 0. 0.],wfm
15,cell_15_excite_deltas,SR15A-CS-FOFB-01:EXCITE:DELTAS,[0. 0. 0. 0. 0. 0. 0. 0. 0. 0. 0. 0. 0. 0. 0. 0. 0. 0.],wfm
15,cell_15_excite_prime,SR15A-CS-FOFB-01:EXCITE:PRIME,0,ao
15,cell_15_excite_start_times,SR15A-CS-FOFB-01:EXCITE:START_TIMES,[0. 0. 0. 0. 0. 0. 0. 0. 0. 0. 0. 0. 0. 0. 0. 0. 0. 0.],wfm
15,cell_15_excite_ticks,SR15A-CS-FOFB-01:EXCITE:TICKS,[0. 0. 0. 0. 0. 0. 0. 0. 0. 0. 0. 0. 0. 0. 0. 0. 0. 0.],wfm
16,cell_16_excite_amps,SR16A-CS-FOFB-01:EXCITE:AMPS,[0. 0. 0. 0. 0. 0. 0. 0. 0. 0. 0. 0. 0. 0. 0. 0. 0. 0.],wfm
16,cell_16_excite_deltas,SR16A-CS-FOFB-01:EXCITE:DELTAS,[0. 0. 0. 0. 0. 0. 0. 0. 0. 0. 0. 0. 0. 0. 0. 0. 0. 0.],wfm
16,cell_16_excite_prime,SR16A-CS-FOFB-01:EXCITE:PRIME,0,ao
16,cell_16_excite_start_times,SR16A-CS-FOFB-01:EXCITE:START_TIMES,[0. 0. 0. 0. 0. 0. 0. 0. 0. 0. 0. 0. 0. 0. 0. 0. 0. 0.],wfm
16,cell_16_excite_ticks,SR16A-CS-FOFB-01:EXCITE:TICKS,[0. 0. 0. 0. 0. 0. 0. 0. 0. 0. 0. 0. 0. 0. 0. 0. 0. 0.],wfm
17,cell_17_excite_amps,SR17A-CS-FOFB-01:EXCITE:AMPS,[0. 0. 0. 0. 0. 0. 0. 0. 0. 0. 0. 0. 0. 0. 0. 0. 0. 0.],wfm
17,cell_17_excite_deltas,SR17A-CS-FOFB-01:EXCITE:DELTAS,[0. 0. 0. 0. 0. 0. 0. 0. 0. 0. 0. 0. 0. 0. 0. 0. 0. 0.],wfm
17,cell_17_excite_prime,SR17A-CS-FOFB-01:EXCITE:PRIME,0,ao
17,cell_17_excite_start_times,SR17A-CS-FOFB-01:EXCITE:START_TIMES,[0. 0. 0. 0. 0. 0. 0. 0. 0. 0. 0. 0. 0. 0. 0. 0. 0. 0.],wfm
17,cell_17_excite_ticks,SR17A-CS-FOFB-01:EXCITE:TICKS,[0. 0. 0. 0. 0. 0. 0. 0. 0. 0. 0. 0. 0. 0. 0. 0. 0. 0.],wfm
18,cell_18_excite_amps,SR18A-CS-FOFB-01:EXCITE:AMPS,[0. 0. 0. 0. 0. 0. 0. 0. 0. 0. 0. 0. 0. 0. 0. 0. 0. 0.],wfm
18,cell_18_excite_deltas,SR18A-CS-FOFB-01:EXCITE:DELTAS,[0. 0. 0. 0. 0. 0. 0. 0. 0. 0. 0. 0. 0. 0. 0. 0. 0. 0.],wfm
18,cell_18_excite_prime,SR18A-CS-FOFB-01:EXCITE:PRIME,0,ao
18,cell_18_excite_start_times,SR18A-CS-FOFB-01:EXCITE:START_TIMES,[0. 0. 0. 0. 0. 0. 0. 0. 0. 0. 0. 0. 0. 0. 0. 0. 0. 0.],wfm
18,cell_18_excite_ticks,SR18A-CS-FOFB-01:EXCITE:TICKS,[0. 0. 0. 0. 0. 0. 0. 0. 0. 0. 0. 0. 0. 0. 0. 0. 0. 0.],wfm
19,bba_offset_x,SR01C-DI-EBPM-02:CF:BBA_X_S,0,ao
19,bba_offset_y,SR01C-DI-EBPM-02:CF:BBA_Y_S,0,ao
19,bcd_offset_x,SR01C-DI-EBPM-02:CF:BCD_X_S,0,ao
19,bcd_offset_y,SR01C-DI-EBPM-02:CF:BCD_Y_S,0,ao
19,cell_19_excite_amps,SR19A-CS-FOFB-01:EXCITE:AMPS,[0. 0. 0. 0. 0. 0. 0. 0. 0. 0. 0. 0. 0. 0. 0. 0. 0. 0.],wfm
19,cell_19_excite_deltas,SR19A-CS-FOFB-01:EXCITE:DELTAS,[0. 0. 0. 0. 0. 0. 0. 0. 0. 0. 0. 0. 0. 0. 0. 0. 0. 0.],wfm
19,cell_19_excite_prime,SR19A-CS-FOFB-01:EXCITE:PRIME,0,ao
19,cell_19_excite_start_times,SR19A-CS-FOFB-01:EXCITE:START_TIMES,[0. 0. 0. 0. 0. 0. 0. 0. 0. 0. 0. 0. 0. 0. 0. 0. 0. 0.],wfm
19,cell_19_excite_ticks,SR19A-CS-FOFB-01:EXCITE:TICKS,[0. 0. 0. 0. 0. 0. 0. 0. 0. 0. 0. 0. 0. 0. 0. 0. 0. 0.],wfm
19,golden_offset_x,SR01C-DI-EBPM-02:CF:GOLDEN_X_S,0,ao
19,golden_offset_y,SR01C-DI-EBPM-02:CF:GOLDEN_Y_S,0,ao
20,cell_20_excite_amps,SR20A-CS-FOFB-01:EXCITE:AMPS,[0. 0. 0. 0. 0. 0. 0. 0. 0. 0. 0. 0. 0. 0. 0. 0. 0. 0.],wfm
20,cell_20_excite_deltas,SR20A-CS-FOFB-01:EXCITE:DELTAS,[0. 0. 0. 0. 0. 0. 0. 0. 0. 0. 0. 0. 0. 0. 0. 0. 0. 0.],wfm
20,cell_20_excite_prime,SR20A-CS-FOFB-01:EXCITE:PRIME,0,ao
20,cell_20_excite_start_times,SR20A-CS-FOFB-01:EXCITE:START_TIMES,[0. 0. 0. 0. 0. 0. 0. 0. 0. 0. 0. 0. 0. 0. 0. 0. 0. 0.],wfm
20,cell_20_excite_ticks,SR20A-CS-FOFB-01:EXCITE:TICKS,[0. 0. 0. 0. 0. 0. 0. 0. 0. 0. 0. 0. 0. 0. 0. 0. 0. 0.],wfm
21,cell_21_excite_amps,SR21A-CS-FOFB-01:EXCITE:AMPS,[0. 0. 0. 0. 0. 0. 0. 0. 0. 0. 0. 0. 0. 0. 0. 0. 0. 0.],wfm
21,cell_21_excite_deltas,SR21A-CS-FOFB-01:EXCITE:DELTAS,[0. 0. 0. 0. 0. 0. 0. 0. 0. 0. 0. 0. 0. 0. 0. 0. 0. 0.],wfm
21,cell_21_excite_prime,SR21A-CS-FOFB-01:EXCITE:PRIME,0,ao
21,cell_21_excite_start_times,SR21A-CS-FOFB-01:EXCITE:START_TIMES,[0. 0. 0. 0. 0. 0. 0. 0. 0. 0. 0. 0. 0. 0. 0. 0. 0. 0.],wfm
21,cell_21_excite_ticks,SR21A-CS-FOFB-01:EXCITE:TICKS,[0. 0. 0. 0. 0. 0. 0. 0. 0. 0. 0. 0. 0. 0. 0. 0. 0. 0.],wfm
22,cell_22_excite_amps,SR22A-CS-FOFB-01:EXCITE:AMPS,[0. 0. 0. 0. 0. 0. 0. 0. 0. 0. 0. 0. 0. 0. 0. 0. 0. 0.],wfm
22,cell_22_excite_deltas,SR22A-CS-FOFB-01:EXCITE:DELTAS,[0. 0. 0. 0. 0. 0. 0. 0. 0. 0. 0. 0. 0. 0. 0. 0. 0. 0.],wfm
22,cell_22_excite_prime,SR22A-CS-FOFB-01:EXCITE:PRIME,0,ao
22,cell_22_excite_start_times,SR22A-CS-FOFB-01:EXCITE:START_TIMES,[0. 0. 0. 0. 0. 0. 0. 0. 0. 0. 0. 0. 0. 0. 0. 0. 0. 0.],wfm
22,cell_22_excite_ticks,SR22A-CS-FOFB-01:EXCITE:TICKS,[0. 0. 0. 0. 0. 0. 0. 0. 0. 0. 0. 0. 0. 0. 0. 0. 0. 0.],wfm
23,cell_23_excite_amps,SR23A-CS-FOFB-01:EXCITE:AMPS,[0. 0. 0. 0. 0. 0. 0. 0. 0. 0. 0. 0. 0. 0. 0. 0. 0. 0.],wfm
23,cell_23_excite_deltas,SR23A-CS-FOFB-01:EXCITE:DELTAS,[0. 0. 0. 0. 0. 0. 0. 0. 0. 0. 0. 0. 0. 0. 0. 0. 0. 0.],wfm
23,cell_23_excite_prime,SR23A-CS-FOFB-01:EXCITE:PRIME,0,ao
23,cell_23_excite_start_times,SR23A-CS-FOFB-01:EXCITE:START_TIMES,[0. 0. 0. 0. 0. 0. 0. 0. 0. 0. 0. 0. 0. 0. 0. 0. 0. 0.],wfm
23,cell_23_excite_ticks,SR23A-CS-FOFB-01:EXCITE:TICKS,[0. 0. 0. 0. 0. 0. 0. 0. 0. 0. 0. 0. 0. 0. 0. 0. 0. 0.],wfm
24,cell_24_excite_amps,SR24A-CS-FOFB-01:EXCITE:AMPS,[0. 0. 0. 0. 0. 0. 0. 0. 0. 0. 0. 0. 0. 0. 0. 0. 0. 0.],wfm
24,cell_24_excite_deltas,SR24A-CS-FOFB-01:EXCITE:DELTAS,[0. 0. 0. 0. 0. 0. 0. 0. 0. 0. 0. 0. 0. 0. 0. 0. 0. 0.],wfm
24,cell_24_excite_prime,SR24A-CS-FOFB-01:EXCITE:PRIME,0,ao
24,cell_24_excite_start_times,SR24A-CS-FOFB-01:EXCITE:START_TIMES,[0. 0. 0. 0. 0. 0. 0. 0. 0. 0. 0. 0. 0. 0. 0. 0. 0. 0.],wfm
24,cell_24_excite_ticks,SR24A-CS-FOFB-01:EXCITE:TICKS,[0. 0. 0. 0. 0. 0. 0. 0. 0. 0. 0. 0. 0. 0. 0. 0. 0. 0.],wfm
25,bba_offset_x,SR01C-DI-EBPM-03:CF:BBA_X_S,0,ao
25,bba_offset_y,SR01C-DI-EBPM-03:CF:BBA_Y_S,0,ao
25,bcd_offset_x,SR01C-DI-EBPM-03:CF:BCD_X_S,0,ao
25,bcd_offset_y,SR01C-DI-EBPM-03:CF:BCD_Y_S,0,ao
25,golden_offset_x,SR01C-DI-EBPM-03:CF:GOLDEN_X_S,0,ao
25,golden_offset_y,SR01C-DI-EBPM-03:CF:GOLDEN_Y_S,0,ao
33,bba_offset_x,SR01C-DI-EBPM-04:CF:BBA_X_S,0,ao
33,bba_offset_y,SR01C-DI-EBPM-04:CF:BBA_Y_S,0,ao
33,bcd_offset_x,SR01C-DI-EBPM-04:CF:BCD_X_S,0,ao
33,bcd_offset_y,SR01C-DI-EBPM-04:CF:BCD_Y_S,0,ao
33,golden_offset_x,SR01C-DI-EBPM-04:CF:GOLDEN_X_S,0,ao
33,golden_offset_y,SR01C-DI-EBPM-04:CF:GOLDEN_Y_S,0,ao
47,bba_offset_x,SR01C-DI-EBPM-05:CF:BBA_X_S,0,ao
47,bba_offset_y,SR01C-DI-EBPM-05:CF:BBA_Y_S,0,ao
47,bcd_offset_x,SR01C-DI-EBPM-05:CF:BCD_X_S,0,ao
47,bcd_offset_y,SR01C-DI-EBPM-05:CF:BCD_Y_S,0,ao
47,golden_offset_x,SR01C-DI-EBPM-05:CF:GOLDEN_X_S,0,ao
47,golden_offset_y,SR01C-DI-EBPM-05:CF:GOLDEN_Y_S,0,ao
57,bba_offset_x,SR01C-DI-EBPM-06:CF:BBA_X_S,0,ao
57,bba_offset_y,SR01C-DI-EBPM-06:CF:BBA_Y_S,0,ao
57,bcd_offset_x,SR01C-DI-EBPM-06:CF:BCD_X_S,0,ao
57,bcd_offset_y,SR01C-DI-EBPM-06:CF:BCD_Y_S,0,ao
57,golden_offset_x,SR01C-DI-EBPM-06:CF:GOLDEN_X_S,0,ao
57,golden_offset_y,SR01C-DI-EBPM-06:CF:GOLDEN_Y_S,0,ao
67,bba_offset_x,SR01C-DI-EBPM-07:CF:BBA_X_S,0,ao
67,bba_offset_y,SR01C-DI-EBPM-07:CF:BBA_Y_S,0,ao
67,bcd_offset_x,SR01C-DI-EBPM-07:CF:BCD_X_S,0,ao
67,bcd_offset_y,SR01C-DI-EBPM-07:CF:BCD_Y_S,0,ao
67,golden_offset_x,SR01C-DI-EBPM-07:CF:GOLDEN_X_S,0,ao
67,golden_offset_y,SR01C-DI-EBPM-07:CF:GOLDEN_Y_S,0,ao
95,bba_offset_x,SR02C-DI-EBPM-01:CF:BBA_X_S,0,ao
95,bba_offset_y,SR02C-DI-EBPM-01:CF:BBA_Y_S,0,ao
95,bcd_offset_x,SR02C-DI-EBPM-01:CF:BCD_X_S,0,ao
95,bcd_offset_y,SR02C-DI-EBPM-01:CF:BCD_Y_S,0,ao
95,golden_offset_x,SR02C-DI-EBPM-01:CF:GOLDEN_X_S,0,ao
95,golden_offset_y,SR02C-DI-EBPM-01:CF:GOLDEN_Y_S,0,ao
118,bba_offset_x,SR02C-DI-EBPM-02:CF:BBA_X_S,0,ao
118,bba_offset_y,SR02C-DI-EBPM-02:CF:BBA_Y_S,0,ao
118,bcd_offset_x,SR02C-DI-EBPM-02:CF:BCD_X_S,0,ao
118,bcd_offset_y,SR02C-DI-EBPM-02:CF:BCD_Y_S,0,ao
118,golden_offset_x,SR02C-DI-EBPM-02:CF:GOLDEN_X_S,0,ao
118,golden_offset_y,SR02C-DI-EBPM-02:CF:GOLDEN_Y_S,0,ao
134,bba_offset_x,SR02C-DI-EBPM-03:CF:BBA_X_S,0,ao
134,bba_offset_y,SR02C-DI-EBPM-03:CF:BBA_Y_S,0,ao
134,bcd_offset_x,SR02C-DI-EBPM-03:CF:BCD_X_S,0,ao
134,bcd_offset_y,SR02C-DI-EBPM-03:CF:BCD_Y_S,0,ao
134,golden_offset_x,SR02C-DI-EBPM-03:CF:GOLDEN_X_S,0,ao
134,golden_offset_y,SR02C-DI-EBPM-03:CF:GOLDEN_Y_S,0,ao
147,bba_offset_x,SR02C-DI-EBPM-04:CF:BBA_X_S,0,ao
147,bba_offset_y,SR02C-DI-EBPM-04:CF:BBA_Y_S,0,ao
147,bcd_offset_x,SR02C-DI-EBPM-04:CF:BCD_X_S,0,ao
147,bcd_offset_y,SR02C-DI-EBPM-04:CF:BCD_Y_S,0,ao
147,golden_offset_x,SR02C-DI-EBPM-04:CF:GOLDEN_X_S,0,ao
147,golden_offset_y,SR02C-DI-EBPM-04:CF:GOLDEN_Y_S,0,ao
155,bba_offset_x,SR02C-DI-EBPM-05:CF:BBA_X_S,0,ao
155,bba_offset_y,SR02C-DI-EBPM-05:CF:BBA_Y_S,0,ao
155,bcd_offset_x,SR02C-DI-EBPM-05:CF:BCD_X_S,0,ao
155,bcd_offset_y,SR02C-DI-EBPM-05:CF:BCD_Y_S,0,ao
155,golden_offset_x,SR02C-DI-EBPM-05:CF:GOLDEN_X_S,0,ao
155,golden_offset_y,SR02C-DI-EBPM-05:CF:GOLDEN_Y_S,0,ao
177,bba_offset_x,SR02C-DI-EBPM-06:CF:BBA_X_S,0,ao
177,bba_offset_y,SR02C-DI-EBPM-06:CF:BBA_Y_S,0,ao
177,bcd_offset_x,SR02C-DI-EBPM-06:CF:BCD_X_S,0,ao
177,bcd_offset_y,SR02C-DI-EBPM-06:CF:BCD_Y_S,0,ao
177,golden_offset_x,SR02C-DI-EBPM-06:CF:GOLDEN_X_S,0,ao
177,golden_offset_y,SR02C-DI-EBPM-06:CF:GOLDEN_Y_S,0,ao
187,bba_offset_x,SR02C-DI-EBPM-07:CF:BBA_X_S,0,ao
187,bba_offset_y,SR02C-DI-EBPM-07:CF:BBA_Y_S,0,ao
187,bcd_offset_x,SR02C-DI-EBPM-07:CF:BCD_X_S,0,ao
187,bcd_offset_y,SR02C-DI-EBPM-07:CF:BCD_Y_S,0,ao
187,golden_offset_x,SR02C-DI-EBPM-07:CF:GOLDEN_X_S,0,ao
187,golden_offset_y,SR02C-DI-EBPM-07:CF:GOLDEN_Y_S,0,ao
212,bba_offset_x,SR02C-DI-EBPM-08:CF:BBA_X_S,0,ao
212,bba_offset_y,SR02C-DI-EBPM-08:CF:BBA_Y_S,0,ao
212,bcd_offset_x,SR02C-DI-EBPM-08:CF:BCD_X_S,0,ao
212,bcd_offset_y,SR02C-DI-EBPM-08:CF:BCD_Y_S,0,ao
212,golden_offset_x,SR02C-DI-EBPM-08:CF:GOLDEN_X_S,0,ao
212,golden_offset_y,SR02C-DI-EBPM-08:CF:GOLDEN_Y_S,0,ao
240,bba_offset_x,SR03C-DI-EBPM-01:CF:BBA_X_S,0,ao
240,bba_offset_y,SR03C-DI-EBPM-01:CF:BBA_Y_S,0,ao
240,bcd_offset_x,SR03C-DI-EBPM-01:CF:BCD_X_S,0,ao
240,bcd_offset_y,SR03C-DI-EBPM-01:CF:BCD_Y_S,0,ao
240,golden_offset_x,SR03C-DI-EBPM-01:CF:GOLDEN_X_S,0,ao
240,golden_offset_y,SR03C-DI-EBPM-01:CF:GOLDEN_Y_S,0,ao
256,bba_offset_x,SR03C-DI-EBPM-02:CF:BBA_X_S,0,ao
256,bba_offset_y,SR03C-DI-EBPM-02:CF:BBA_Y_S,0,ao
256,bcd_offset_x,SR03C-DI-EBPM-02:CF:BCD_X_S,0,ao
256,bcd_offset_y,SR03C-DI-EBPM-02:CF:BCD_Y_S,0,ao
256,golden_offset_x,SR03C-DI-EBPM-02:CF:GOLDEN_X_S,0,ao
256,golden_offset_y,SR03C-DI-EBPM-02:CF:GOLDEN_Y_S,0,ao
262,bba_offset_x,SR03C-DI-EBPM-03:CF:BBA_X_S,0,ao
262,bba_offset_y,SR03C-DI-EBPM-03:CF:BBA_Y_S,0,ao
262,bcd_offset_x,SR03C-DI-EBPM-03:CF:BCD_X_S,0,ao
262,bcd_offset_y,SR03C-DI-EBPM-03:CF:BCD_Y_S,0,ao
262,golden_offset_x,SR03C-DI-EBPM-03:CF:GOLDEN_X_S,0,ao
262,golden_offset_y,SR03C-DI-EBPM-03:CF:GOLDEN_Y_S,0,ao
270,bba_offset_x,SR03C-DI-EBPM-04:CF:BBA_X_S,0,ao
270,bba_offset_y,SR03C-DI-EBPM-04:CF:BBA_Y_S,0,ao
270,bcd_offset_x,SR03C-DI-EBPM-04:CF:BCD_X_S,0,ao
270,bcd_offset_y,SR03C-DI-EBPM-04:CF:BCD_Y_S,0,ao
270,golden_offset_x,SR03C-DI-EBPM-04:CF:GOLDEN_X_S,0,ao
270,golden_offset_y,SR03C-DI-EBPM-04:CF:GOLDEN_Y_S,0,ao
284,bba_offset_x,SR03C-DI-EBPM-05:CF:BBA_X_S,0,ao
284,bba_offset_y,SR03C-DI-EBPM-05:CF:BBA_Y_S,0,ao
284,bcd_offset_x,SR03C-DI-EBPM-05:CF:BCD_X_S,0,ao
284,bcd_offset_y,SR03C-DI-EBPM-05:CF:BCD_Y_S,0,ao
284,golden_offset_x,SR03C-DI-EBPM-05:CF:GOLDEN_X_S,0,ao
284,golden_offset_y,SR03C-DI-EBPM-05:CF:GOLDEN_Y_S,0,ao
294,bba_offset_x,SR03C-DI-EBPM-06:CF:BBA_X_S,0,ao
294,bba_offset_y,SR03C-DI-EBPM-06:CF:BBA_Y_S,0,ao
294,bcd_offset_x,SR03C-DI-EBPM-06:CF:BCD_X_S,0,ao
294,bcd_offset_y,SR03C-DI-EBPM-06:CF:BCD_Y_S,0,ao
294,golden_offset_x,SR03C-DI-EBPM-06:CF:GOLDEN_X_S,0,ao
294,golden_offset_y,SR03C-DI-EBPM-06:CF:GOLDEN_Y_S,0,ao
304,bba_offset_x,SR03C-DI-EBPM-07:CF:BBA_X_S,0,ao
304,bba_offset_y,SR03C-DI-EBPM-07:CF:BBA_Y_S,0,ao
304,bcd_offset_x,SR03C-DI-EBPM-07:CF:BCD_X_S,0,ao
304,bcd_offset_y,SR03C-DI-EBPM-07:CF:BCD_Y_S,0,ao
304,golden_offset_x,SR03C-DI-EBPM-07:CF:GOLDEN_X_S,0,ao
304,golden_offset_y,SR03C-DI-EBPM-07:CF:GOLDEN_Y_S,0,ao
342,bba_offset_x,SR04C-DI-EBPM-01:CF:BBA_X_S,0,ao
342,bba_offset_y,SR04C-DI-EBPM-01:CF:BBA_Y_S,0,ao
342,bcd_offset_x,SR04C-DI-EBPM-01:CF:BCD_X_S,0,ao
342,bcd_offset_y,SR04C-DI-EBPM-01:CF:BCD_Y_S,0,ao
342,golden_offset_x,SR04C-DI-EBPM-01:CF:GOLDEN_X_S,0,ao
342,golden_offset_y,SR04C-DI-EBPM-01:CF:GOLDEN_Y_S,0,ao
358,bba_offset_x,SR04C-DI-EBPM-02:CF:BBA_X_S,0,ao
358,bba_offset_y,SR04C-DI-EBPM-02:CF:BBA_Y_S,0,ao
358,bcd_offset_x,SR04C-DI-EBPM-02:CF:BCD_X_S,0,ao
358,bcd_offset_y,SR04C-DI-EBPM-02:CF:BCD_Y_S,0,ao
358,golden_offset_x,SR04C-DI-EBPM-02:CF:GOLDEN_X_S,0,ao
358,golden_offset_y,SR04C-DI-EBPM-02:CF:GOLDEN_Y_S,0,ao
364,bba_offset_x,SR04C-DI-EBPM-03:CF:BBA_X_S,0,ao
364,bba_offset_y,SR04C-DI-EBPM-03:CF:BBA_Y_S,0,ao
364,bcd_offset_x,SR04C-DI-EBPM-03:CF:BCD_X_S,0,ao
364,bcd_offset_y,SR04C-DI-EBPM-03:CF:BCD_Y_S,0,ao
364,golden_offset_x,SR04C-DI-EBPM-03:CF:GOLDEN_X_S,0,ao
364,golden_offset_y,SR04C-DI-EBPM-03:CF:GOLDEN_Y_S,0,ao
372,bba_offset_x,SR04C-DI-EBPM-04:CF:BBA_X_S,0,ao
372,bba_offset_y,SR04C-DI-EBPM-04:CF:BBA_Y_S,0,ao
372,bcd_offset_x,SR04C-DI-EBPM-04:CF:BCD_X_S,0,ao
372,bcd_offset_y,SR04C-DI-EBPM-04:CF:BCD_Y_S,0,ao
372,golden_offset_x,SR04C-DI-EBPM-04:CF:GOLDEN_X_S,0,ao
372,golden_offset_y,SR04C-DI-EBPM-04:CF:GOLDEN_Y_S,0,ao
386,bba_offset_x,SR04C-DI-EBPM-05:CF:BBA_X_S,0,ao
386,bba_offset_y,SR04C-DI-EBPM-05:CF:BBA_Y_S,0,ao
386,bcd_offset_x,SR04C-DI-EBPM-05:CF:BCD_X_S,0,ao
386,bcd_offset_y,SR04C-DI-EBPM-05:CF:BCD_Y_S,0,ao
386,golden_offset_x,SR04C-DI-EBPM-05:CF:GOLDEN_X_S,0,ao
386,golden_offset_y,SR04C-DI-EBPM-05:CF:GOLDEN_Y_S,0,ao
396,bba_offset_x,SR04C-DI-EBPM-06:CF:BBA_X_S,0,ao
396,bba_offset_y,SR04C-DI-EBPM-06:CF:BBA_Y_S,0,ao
396,bcd_offset_x,SR04C-DI-EBPM-06:CF:BCD_X_S,0,ao
396,bcd_offset_y,SR04C-DI-EBPM-06:CF:BCD_Y_S,0,ao
396,golden_offset_x,SR04C-DI-EBPM-06:CF:GOLDEN_X_S,0,ao
396,golden_offset_y,SR04C-DI-EBPM-06:CF:GOLDEN_Y_S,0,ao
406,bba_offset_x,SR04C-DI-EBPM-07:CF:BBA_X_S,0,ao
406,bba_offset_y,SR04C-DI-EBPM-07:CF:BBA_Y_S,0,ao
406,bcd_offset_x,SR04C-DI-EBPM-07:CF:BCD_X_S,0,ao
406,bcd_offset_y,SR04C-DI-EBPM-07:CF:BCD_Y_S,0,ao
406,golden_offset_x,SR04C-DI-EBPM-07:CF:GOLDEN_X_S,0,ao
406,golden_offset_y,SR04C-DI-EBPM-07:CF:GOLDEN_Y_S,0,ao
423,bba_offset_x,SR05C-DI-EBPM-01:CF:BBA_X_S,0,ao
423,bba_offset_y,SR05C-DI-EBPM-01:CF:BBA_Y_S,0,ao
423,bcd_offset_x,SR05C-DI-EBPM-01:CF:BCD_X_S,0,ao
423,bcd_offset_y,SR05C-DI-EBPM-01:CF:BCD_Y_S,0,ao
423,golden_offset_x,SR05C-DI-EBPM-01:CF:GOLDEN_X_S,0,ao
423,golden_offset_y,SR05C-DI-EBPM-01:CF:GOLDEN_Y_S,0,ao
439,bba_offset_x,SR05C-DI-EBPM-02:CF:BBA_X_S,0,ao
439,bba_offset_y,SR05C-DI-EBPM-02:CF:BBA_Y_S,0,ao
439,bcd_offset_x,SR05C-DI-EBPM-02:CF:BCD_X_S,0,ao
439,bcd_offset_y,SR05C-DI-EBPM-02:CF:BCD_Y_S,0,ao
439,golden_offset_x,SR05C-DI-EBPM-02:CF:GOLDEN_X_S,0,ao
439,golden_offset_y,SR05C-DI-EBPM-02:CF:GOLDEN_Y_S,0,ao
445,bba_offset_x,SR05C-DI-EBPM-03:CF:BBA_X_S,0,ao
445,bba_offset_y,SR05C-DI-EBPM-03:CF:BBA_Y_S,0,ao
445,bcd_offset_x,SR05C-DI-EBPM-03:CF:BCD_X_S,0,ao
445,bcd_offset_y,SR05C-DI-EBPM-03:CF:BCD_Y_S,0,ao
445,golden_offset_x,SR05C-DI-EBPM-03:CF:GOLDEN_X_S,0,ao
445,golden_offset_y,SR05C-DI-EBPM-03:CF:GOLDEN_Y_S,0,ao
453,bba_offset_x,SR05C-DI-EBPM-04:CF:BBA_X_S,0,ao
453,bba_offset_y,SR05C-DI-EBPM-04:CF:BBA_Y_S,0,ao
453,bcd_offset_x,SR05C-DI-EBPM-04:CF:BCD_X_S,0,ao
453,bcd_offset_y,SR05C-DI-EBPM-04:CF:BCD_Y_S,0,ao
453,golden_offset_x,SR05C-DI-EBPM-04:CF:GOLDEN_X_S,0,ao
453,golden_offset_y,SR05C-DI-EBPM-04:CF:GOLDEN_Y_S,0,ao
467,bba_offset_x,SR05C-DI-EBPM-05:CF:BBA_X_S,0,ao
467,bba_offset_y,SR05C-DI-EBPM-05:CF:BBA_Y_S,0,ao
467,bcd_offset_x,SR05C-DI-EBPM-05:CF:BCD_X_S,0,ao
467,bcd_offset_y,SR05C-DI-EBPM-05:CF:BCD_Y_S,0,ao
467,golden_offset_x,SR05C-DI-EBPM-05:CF:GOLDEN_X_S,0,ao
467,golden_offset_y,SR05C-DI-EBPM-05:CF:GOLDEN_Y_S,0,ao
477,bba_offset_x,SR05C-DI-EBPM-06:CF:BBA_X_S,0,ao
477,bba_offset_y,SR05C-DI-EBPM-06:CF:BBA_Y_S,0,ao
477,bcd_offset_x,SR05C-DI-EBPM-06:CF:BCD_X_S,0,ao
477,bcd_offset_y,SR05C-DI-EBPM-06:CF:BCD_Y_S,0,ao
477,golden_offset_x,SR05C-DI-EBPM-06:CF:GOLDEN_X_S,0,ao
477,golden_offset_y,SR05C-DI-EBPM-06:CF:GOLDEN_Y_S,0,ao
487,bba_offset_x,SR05C-DI-EBPM-07:CF:BBA_X_S,0,ao
487,bba_offset_y,SR05C-DI-EBPM-07:CF:BBA_Y_S,0,ao
487,bcd_offset_x,SR05C-DI-EBPM-07:CF:BCD_X_S,0,ao
487,bcd_offset_y,SR05C-DI-EBPM-07:CF:BCD_Y_S,0,ao
487,golden_offset_x,SR05C-DI-EBPM-07:CF:GOLDEN_X_S,0,ao
487,golden_offset_y,SR05C-DI-EBPM-07:CF:GOLDEN_Y_S,0,ao
514,bba_offset_x,SR06C-DI-EBPM-01:CF:BBA_X_S,0,ao
514,bba_offset_y,SR06C-DI-EBPM-01:CF:BBA_Y_S,0,ao
514,bcd_offset_x,SR06C-DI-EBPM-01:CF:BCD_X_S,0,ao
514,bcd_offset_y,SR06C-DI-EBPM-01:CF:BCD_Y_S,0,ao
514,golden_offset_x,SR06C-DI-EBPM-01:CF:GOLDEN_X_S,0,ao
514,golden_offset_y,SR06C-DI-EBPM-01:CF:GOLDEN_Y_S,0,ao
530,bba_offset_x,SR06C-DI-EBPM-02:CF:BBA_X_S,0,ao
530,bba_offset_y,SR06C-DI-EBPM-02:CF:BBA_Y_S,0,ao
530,bcd_offset_x,SR06C-DI-EBPM-02:CF:BCD_X_S,0,ao
530,bcd_offset_y,SR06C-DI-EBPM-02:CF:BCD_Y_S,0,ao
530,golden_offset_x,SR06C-DI-EBPM-02:CF:GOLDEN_X_S,0,ao
530,golden_offset_y,SR06C-DI-EBPM-02:CF:GOLDEN_Y_S,0,ao
536,bba_offset_x,SR06C-DI-EBPM-03:CF:BBA_X_S,0,ao
536,bba_offset_y,SR06C-DI-EBPM-03:CF:BBA_Y_S,0,ao
536,bcd_offset_x,SR06C-DI-EBPM-03:CF:BCD_X_S,0,ao
536,bcd_offset_y,SR06C-DI-EBPM-03:CF:BCD_Y_S,0,ao
536,golden_offset_x,SR06C-DI-EBPM-03:CF:GOLDEN_X_S,0,ao
536,golden_offset_y,SR06C-DI-EBPM-03:CF:GOLDEN_Y_S,0,ao
544,bba_offset_x,SR06C-DI-EBPM-04:CF:BBA_X_S,0,ao
544,bba_offset_y,SR06C-DI-EBPM-04:CF:BBA_Y_S,0,ao
544,bcd_offset_x,SR06C-DI-EBPM-04:CF:BCD_X_S,0,ao
544,bcd_offset_y,SR06C-DI-EBPM-04:CF:BCD_Y_S,0,ao
544,golden_offset_x,SR06C-DI-EBPM-04:CF:GOLDEN_X_S,0,ao
544,golden_offset_y,SR06C-DI-EBPM-04:CF:GOLDEN_Y_S,0,ao
558,bba_offset_x,SR06C-DI-EBPM-05:CF:BBA_X_S,0,ao
558,bba_offset_y,SR06C-DI-EBPM-05:CF:BBA_Y_S,0,ao
558,bcd_offset_x,SR06C-DI-EBPM-05:CF:BCD_X_S,0,ao
558,bcd_offset_y,SR06C-DI-EBPM-05:CF:BCD_Y_S,0,ao
558,golden_offset_x,SR06C-DI-EBPM-05:CF:GOLDEN_X_S,0,ao
558,golden_offset_y,SR06C-DI-EBPM-05:CF:GOLDEN_Y_S,0,ao
568,bba_offset_x,SR06C-DI-EBPM-06:CF:BBA_X_S,0,ao
568,bba_offset_y,SR06C-DI-EBPM-06:CF:BBA_Y_S,0,ao
568,bcd_offset_x,SR06C-DI-EBPM-06:CF:BCD_X_S,0,ao
568,bcd_offset_y,SR06C-DI-EBPM-06:CF:BCD_Y_S,0,ao
568,golden_offset_x,SR06C-DI-EBPM-06:CF:GOLDEN_X_S,0,ao
568,golden_offset_y,SR06C-DI-EBPM-06:CF:GOLDEN_Y_S,0,ao
578,bba_offset_x,SR06C-DI-EBPM-07:CF:BBA_X_S,0,ao
578,bba_offset_y,SR06C-DI-EBPM-07:CF:BBA_Y_S,0,ao
578,bcd_offset_x,SR06C-DI-EBPM-07:CF:BCD_X_S,0,ao
578,bcd_offset_y,SR06C-DI-EBPM-07:CF:BCD_Y_S,0,ao
578,golden_offset_x,SR06C-DI-EBPM-07:CF:GOLDEN_X_S,0,ao
578,golden_offset_y,SR06C-DI-EBPM-07:CF:GOLDEN_Y_S,0,ao
606,bba_offset_x,SR07C-DI-EBPM-01:CF:BBA_X_S,0,ao
606,bba_offset_y,SR07C-DI-EBPM-01:CF:BBA_Y_S,0,ao
606,bcd_offset_x,SR07C-DI-EBPM-01:CF:BCD_X_S,0,ao
606,bcd_offset_y,SR07C-DI-EBPM-01:CF:BCD_Y_S,0,ao
606,golden_offset_x,SR07C-DI-EBPM-01:CF:GOLDEN_X_S,0,ao
606,golden_offset_y,SR07C-DI-EBPM-01:CF:GOLDEN_Y_S,0,ao
622,bba_offset_x,SR07C-DI-EBPM-02:CF:BBA_X_S,0,ao
622,bba_offset_y,SR07C-DI-EBPM-02:CF:BBA_Y_S,0,ao
622,bcd_offset_x,SR07C-DI-EBPM-02:CF:BCD_X_S,0,ao
622,bcd_offset_y,SR07C-DI-EBPM-02:CF:BCD_Y_S,0,ao
622,golden_offset_x,SR07C-DI-EBPM-02:CF:GOLDEN_X_S,0,ao
622,golden_offset_y,SR07C-DI-EBPM-02:CF:GOLDEN_Y_S,0,ao
628,bba_offset_x,SR07C-DI-EBPM-03:CF:BBA_X_S,0,ao
628,bba_offset_y,SR07C-DI-EBPM-03:CF:BBA_Y_S,0,ao
628,bcd_offset_x,SR07C-DI-EBPM-03:CF:BCD_X_S,0,ao
628,bcd_offset_y,SR07C-DI-EBPM-03:CF:BCD_Y_S,0,ao
628,golden_offset_x,SR07C-DI-EBPM-03:CF:GOLDEN_X_S,0,ao
628,golden_offset_y,SR07C-DI-EBPM-03:CF:GOLDEN_Y_S,0,ao
636,bba_offset_x,SR07C-DI-EBPM-04:CF:BBA_X_S,0,ao
636,bba_offset_y,SR07C-DI-EBPM-04:CF:BBA_Y_S,0,ao
636,bcd_offset_x,SR07C-DI-EBPM-04:CF:BCD_X_S,0,ao
636,bcd_offset_y,SR07C-DI-EBPM-04:CF:BCD_Y_S,0,ao
636,golden_offset_x,SR07C-DI-EBPM-04:CF:GOLDEN_X_S,0,ao
636,golden_offset_y,SR07C-DI-EBPM-04:CF:GOLDEN_Y_S,0,ao
650,bba_offset_x,SR07C-DI-EBPM-05:CF:BBA_X_S,0,ao
650,bba_offset_y,SR07C-DI-EBPM-05:CF:BBA_Y_S,0,ao
650,bcd_offset_x,SR07C-DI-EBPM-05:CF:BCD_X_S,0,ao
650,bcd_offset_y,SR07C-DI-EBPM-05:CF:BCD_Y_S,0,ao
650,golden_offset_x,SR07C-DI-EBPM-05:CF:GOLDEN_X_S,0,ao
650,golden_offset_y,SR07C-DI-EBPM-05:CF:GOLDEN_Y_S,0,ao
661,bba_offset_x,SR07C-DI-EBPM-06:CF:BBA_X_S,0,ao
661,bba_offset_y,SR07C-DI-EBPM-06:CF:BBA_Y_S,0,ao
661,bcd_offset_x,SR07C-DI-EBPM-06:CF:BCD_X_S,0,ao
661,bcd_offset_y,SR07C-DI-EBPM-06:CF:BCD_Y_S,0,ao
661,golden_offset_x,SR07C-DI-EBPM-06:CF:GOLDEN_X_S,0,ao
661,golden_offset_y,SR07C-DI-EBPM-06:CF:GOLDEN_Y_S,0,ao
671,bba_offset_x,SR07C-DI-EBPM-07:CF:BBA_X_S,0,ao
671,bba_offset_y,SR07C-DI-EBPM-07:CF:BBA_Y_S,0,ao
671,bcd_offset_x,SR07C-DI-EBPM-07:CF:BCD_X_S,0,ao
671,bcd_offset_y,SR07C-DI-EBPM-07:CF:BCD_Y_S,0,ao
671,golden_offset_x,SR07C-DI-EBPM-07:CF:GOLDEN_X_S,0,ao
671,golden_offset_y,SR07C-DI-EBPM-07:CF:GOLDEN_Y_S,0,ao
685,bba_offset_x,SR08C-DI-EBPM-01:CF:BBA_X_S,0,ao
685,bba_offset_y,SR08C-DI-EBPM-01:CF:BBA_Y_S,0,ao
685,bcd_offset_x,SR08C-DI-EBPM-01:CF:BCD_X_S,0,ao
685,bcd_offset_y,SR08C-DI-EBPM-01:CF:BCD_Y_S,0,ao
685,golden_offset_x,SR08C-DI-EBPM-01:CF:GOLDEN_X_S,0,ao
685,golden_offset_y,SR08C-DI-EBPM-01:CF:GOLDEN_Y_S,0,ao
701,bba_offset_x,SR08C-DI-EBPM-02:CF:BBA_X_S,0,ao
701,bba_offset_y,SR08C-DI-EBPM-02:CF:BBA_Y_S,0,ao
701,bcd_offset_x,SR08C-DI-EBPM-02:CF:BCD_X_S,0,ao
701,bcd_offset_y,SR08C-DI-EBPM-02:CF:BCD_Y_S,0,ao
701,golden_offset_x,SR08C-DI-EBPM-02:CF:GOLDEN_X_S,0,ao
701,golden_offset_y,SR08C-DI-EBPM-02:CF:GOLDEN_Y_S,0,ao
707,bba_offset_x,SR08C-DI-EBPM-03:CF:BBA_X_S,0,ao
707,bba_offset_y,SR08C-DI-EBPM-03:CF:BBA_Y_S,0,ao
707,bcd_offset_x,SR08C-DI-EBPM-03:CF:BCD_X_S,0,ao
707,bcd_offset_y,SR08C-DI-EBPM-03:CF:BCD_Y_S,0,ao
707,golden_offset_x,SR08C-DI-EBPM-03:CF:GOLDEN_X_S,0,ao
707,golden_offset_y,SR08C-DI-EBPM-03:CF:GOLDEN_Y_S,0,ao
715,bba_offset_x,SR08C-DI-EBPM-04:CF:BBA_X_S,0,ao
715,bba_offset_y,SR08C-DI-EBPM-04:CF:BBA_Y_S,0,ao
715,bcd_offset_x,SR08C-DI-EBPM-04:CF:BCD_X_S,0,ao
715,bcd_offset_y,SR08C-DI-EBPM-04:CF:BCD_Y_S,0,ao
715,golden_offset_x,SR08C-DI-EBPM-04:CF:GOLDEN_X_S,0,ao
715,golden_offset_y,SR08C-DI-EBPM-04:CF:GOLDEN_Y_S,0,ao
729,bba_offset_x,SR08C-DI-EBPM-05:CF:BBA_X_S,0,ao
729,bba_offset_y,SR08C-DI-EBPM-05:CF:BBA_Y_S,0,ao
729,bcd_offset_x,SR08C-DI-EBPM-05:CF:BCD_X_S,0,ao
729,bcd_offset_y,SR08C-DI-EBPM-05:CF:BCD_Y_S,0,ao
729,golden_offset_x,SR08C-DI-EBPM-05:CF:GOLDEN_X_S,0,ao
729,golden_offset_y,SR08C-DI-EBPM-05:CF:GOLDEN_Y_S,0,ao
739,bba_offset_x,SR08C-DI-EBPM-06:CF:BBA_X_S,0,ao
739,bba_offset_y,SR08C-DI-EBPM-06:CF:BBA_Y_S,0,ao
739,bcd_offset_x,SR08C-DI-EBPM-06:CF:BCD_X_S,0,ao
739,bcd_offset_y,SR08C-DI-EBPM-06:CF:BCD_Y_S,0,ao
739,golden_offset_x,SR08C-DI-EBPM-06:CF:GOLDEN_X_S,0,ao
739,golden_offset_y,SR08C-DI-EBPM-06:CF:GOLDEN_Y_S,0,ao
755,bba_offset_x,SR08C-DI-EBPM-07:CF:BBA_X_S,0,ao
755,bba_offset_y,SR08C-DI-EBPM-07:CF:BBA_Y_S,0,ao
755,bcd_offset_x,SR08C-DI-EBPM-07:CF:BCD_X_S,0,ao
755,bcd_offset_y,SR08C-DI-EBPM-07:CF:BCD_Y_S,0,ao
755,golden_offset_x,SR08C-DI-EBPM-07:CF:GOLDEN_X_S,0,ao
755,golden_offset_y,SR08C-DI-EBPM-07:CF:GOLDEN_Y_S,0,ao
767,bba_offset_x,SR09S-DI-EBPM-01:CF:BBA_X_S,0,ao
767,bba_offset_y,SR09S-DI-EBPM-01:CF:BBA_Y_S,0,ao
767,bcd_offset_x,SR09S-DI-EBPM-01:CF:BCD_X_S,0,ao
767,bcd_offset_y,SR09S-DI-EBPM-01:CF:BCD_Y_S,0,ao
767,golden_offset_x,SR09S-DI-EBPM-01:CF:GOLDEN_X_S,0,ao
767,golden_offset_y,SR09S-DI-EBPM-01:CF:GOLDEN_Y_S,0,ao
780,bba_offset_x,SR09S-DI-EBPM-02:CF:BBA_X_S,0,ao
780,bba_offset_y,SR09S-DI-EBPM-02:CF:BBA_Y_S,0,ao
780,bcd_offset_x,SR09S-DI-EBPM-02:CF:BCD_X_S,0,ao
780,bcd_offset_y,SR09S-DI-EBPM-02:CF:BCD_Y_S,0,ao
780,golden_offset_x,SR09S-DI-EBPM-02:CF:GOLDEN_X_S,0,ao
780,golden_offset_y,SR09S-DI-EBPM-02:CF:GOLDEN_Y_S,0,ao
795,bba_offset_x,SR09C-DI-EBPM-01:CF:BBA_X_S,0,ao
795,bba_offset_y,SR09C-DI-EBPM-01:CF:BBA_Y_S,0,ao
795,bcd_offset_x,SR09C-DI-EBPM-01:CF:BCD_X_S,0,ao
795,bcd_offset_y,SR09C-DI-EBPM-01:CF:BCD_Y_S,0,ao
795,golden_offset_x,SR09C-DI-EBPM-01:CF:GOLDEN_X_S,0,ao
795,golden_offset_y,SR09C-DI-EBPM-01:CF:GOLDEN_Y_S,0,ao
817,bba_offset_x,SR09C-DI-EBPM-02:CF:BBA_X_S,0,ao
817,bba_offset_y,SR09C-DI-EBPM-02:CF:BBA_Y_S,0,ao
817,bcd_offset_x,SR09C-DI-EBPM-02:CF:BCD_X_S,0,ao
817,bcd_offset_y,SR09C-DI-EBPM-02:CF:BCD_Y_S,0,ao
817,golden_offset_x,SR09C-DI-EBPM-02:CF:GOLDEN_X_S,0,ao
817,golden_offset_y,SR09C-DI-EBPM-02:CF:GOLDEN_Y_S,0,ao
823,bba_offset_x,SR09C-DI-EBPM-03:CF:BBA_X_S,0,ao
823,bba_offset_y,SR09C-DI-EBPM-03:CF:BBA_Y_S,0,ao
823,bcd_offset_x,SR09C-DI-EBPM-03:CF:BCD_X_S,0,ao
823,bcd_offset_y,SR09C-DI-EBPM-03:CF:BCD_Y_S,0,ao
823,golden_offset_x,SR09C-DI-EBPM-03:CF:GOLDEN_X_S,0,ao
823,golden_offset_y,SR09C-DI-EBPM-03:CF:GOLDEN_Y_S,0,ao
831,bba_offset_x,SR09C-DI-EBPM-04:CF:BBA_X_S,0,ao
831,bba_offset_y,SR09C-DI-EBPM-04:CF:BBA_Y_S,0,ao
831,bcd_offset_x,SR09C-DI-EBPM-04:CF:BCD_X_S,0,ao
831,bcd_offset_y,SR09C-DI-EBPM-04:CF:BCD_Y_S,0,ao
831,golden_offset_x,SR09C-DI-EBPM-04:CF:GOLDEN_X_S,0,ao
831,golden_offset_y,SR09C-DI-EBPM-04:CF:GOLDEN_Y_S,0,ao
845,bba_offset_x,SR09C-DI-EBPM-05:CF:BBA_X_S,0,ao
845,bba_offset_y,SR09C-DI-EBPM-05:CF:BBA_Y_S,0,ao
845,bcd_offset_x,SR09C-DI-EBPM-05:CF:BCD_X_S,0,ao
845,bcd_offset_y,SR09C-DI-EBPM-05:CF:BCD_Y_S,0,ao
845,golden_offset_x,SR09C-DI-EBPM-05:CF:GOLDEN_X_S,0,ao
845,golden_offset_y,SR09C-DI-EBPM-05:CF:GOLDEN_Y_S,0,ao
855,bba_offset_x,SR09C-DI-EBPM-06:CF:BBA_X_S,0,ao
855,bba_offset_y,SR09C-DI-EBPM-06:CF:BBA_Y_S,0,ao
855,bcd_offset_x,SR09C-DI-EBPM-06:CF:BCD_X_S,0,ao
855,bcd_offset_y,SR09C-DI-EBPM-06:CF:BCD_Y_S,0,ao
855,golden_offset_x,SR09C-DI-EBPM-06:CF:GOLDEN_X_S,0,ao
855,golden_offset_y,SR09C-DI-EBPM-06:CF:GOLDEN_Y_S,0,ao
865,bba_offset_x,SR09C-DI-EBPM-07:CF:BBA_X_S,0,ao
865,bba_offset_y,SR09C-DI-EBPM-07:CF:BBA_Y_S,0,ao
865,bcd_offset_x,SR09C-DI-EBPM-07:CF:BCD_X_S,0,ao
865,bcd_offset_y,SR09C-DI-EBPM-07:CF:BCD_Y_S,0,ao
865,golden_offset_x,SR09C-DI-EBPM-07:CF:GOLDEN_X_S,0,ao
865,golden_offset_y,SR09C-DI-EBPM-07:CF:GOLDEN_Y_S,0,ao
915,bba_offset_x,SR10C-DI-EBPM-01:CF:BBA_X_S,0,ao
915,bba_offset_y,SR10C-DI-EBPM-01:CF:BBA_Y_S,0,ao
915,bcd_offset_x,SR10C-DI-EBPM-01:CF:BCD_X_S,0,ao
915,bcd_offset_y,SR10C-DI-EBPM-01:CF:BCD_Y_S,0,ao
915,golden_offset_x,SR10C-DI-EBPM-01:CF:GOLDEN_X_S,0,ao
915,golden_offset_y,SR10C-DI-EBPM-01:CF:GOLDEN_Y_S,0,ao
931,bba_offset_x,SR10C-DI-EBPM-02:CF:BBA_X_S,0,ao
931,bba_offset_y,SR10C-DI-EBPM-02:CF:BBA_Y_S,0,ao
931,bcd_offset_x,SR10C-DI-EBPM-02:CF:BCD_X_S,0,ao
931,bcd_offset_y,SR10C-DI-EBPM-02:CF:BCD_Y_S,0,ao
931,golden_offset_x,SR10C-DI-EBPM-02:CF:GOLDEN_X_S,0,ao
931,golden_offset_y,SR10C-DI-EBPM-02:CF:GOLDEN_Y_S,0,ao
937,bba_offset_x,SR10C-DI-EBPM-03:CF:BBA_X_S,0,ao
937,bba_offset_y,SR10C-DI-EBPM-03:CF:BBA_Y_S,0,ao
937,bcd_offset_x,SR10C-DI-EBPM-03:CF:BCD_X_S,0,ao
937,bcd_offset_y,SR10C-DI-EBPM-03:CF:BCD_Y_S,0,ao
937,golden_offset_x,SR10C-DI-EBPM-03:CF:GOLDEN_X_S,0,ao
937,golden_offset_y,SR10C-DI-EBPM-03:CF:GOLDEN_Y_S,0,ao
945,bba_offset_x,SR10C-DI-EBPM-04:CF:BBA_X_S,0,ao
945,bba_offset_y,SR10C-DI-EBPM-04:CF:BBA_Y_S,0,ao
945,bcd_offset_x,SR10C-DI-EBPM-04:CF:BCD_X_S,0,ao
945,bcd_offset_y,SR10C-DI-EBPM-04:CF:BCD_Y_S,0,ao
945,golden_offset_x,SR10C-DI-EBPM-04:CF:GOLDEN_X_S,0,ao
945,golden_offset_y,SR10C-DI-EBPM-04:CF:GOLDEN_Y_S,0,ao
959,bba_offset_x,SR10C-DI-EBPM-05:CF:BBA_X_S,0,ao
959,bba_offset_y,SR10C-DI-EBPM-05:CF:BBA_Y_S,0,ao
959,bcd_offset_x,SR10C-DI-EBPM-05:CF:BCD_X_S,0,ao
959,bcd_offset_y,SR10C-DI-EBPM-05:CF:BCD_Y_S,0,ao
959,golden_offset_x,SR10C-DI-EBPM-05:CF:GOLDEN_X_S,0,ao
959,golden_offset_y,SR10C-DI-EBPM-05:CF:GOLDEN_Y_S,0,ao
969,bba_offset_x,SR10C-DI-EBPM-06:CF:BBA_X_S,0,ao
969,bba_offset_y,SR10C-DI-EBPM-06:CF:BBA_Y_S,0,ao
969,bcd_offset_x,SR10C-DI-EBPM-06:CF:BCD_X_S,0,ao
969,bcd_offset_y,SR10C-DI-EBPM-06:CF:BCD_Y_S,0,ao
969,golden_offset_x,SR10C-DI-EBPM-06:CF:GOLDEN_X_S,0,ao
969,golden_offset_y,SR10C-DI-EBPM-06:CF:GOLDEN_Y_S,0,ao
979,bba_offset_x,SR10C-DI-EBPM-07:CF:BBA_X_S,0,ao
979,bba_offset_y,SR10C-DI-EBPM-07:CF:BBA_Y_S,0,ao
979,bcd_offset_x,SR10C-DI-EBPM-07:CF:BCD_X_S,0,ao
979,bcd_offset_y,SR10C-DI-EBPM-07:CF:BCD_Y_S,0,ao
979,golden_offset_x,SR10C-DI-EBPM-07:CF:GOLDEN_X_S,0,ao
979,golden_offset_y,SR10C-DI-EBPM-07:CF:GOLDEN_Y_S,0,ao
993,bba_offset_x,SR11C-DI-EBPM-01:CF:BBA_X_S,0,ao
993,bba_offset_y,SR11C-DI-EBPM-01:CF:BBA_Y_S,0,ao
993,bcd_offset_x,SR11C-DI-EBPM-01:CF:BCD_X_S,0,ao
993,bcd_offset_y,SR11C-DI-EBPM-01:CF:BCD_Y_S,0,ao
993,golden_offset_x,SR11C-DI-EBPM-01:CF:GOLDEN_X_S,0,ao
993,golden_offset_y,SR11C-DI-EBPM-01:CF:GOLDEN_Y_S,0,ao
1009,bba_offset_x,SR11C-DI-EBPM-02:CF:BBA_X_S,0,ao
1009,bba_offset_y,SR11C-DI-EBPM-02:CF:BBA_Y_S,0,ao
1009,bcd_offset_x,SR11C-DI-EBPM-02:CF:BCD_X_S,0,ao
1009,bcd_offset_y,SR11C-DI-EBPM-02:CF:BCD_Y_S,0,ao
1009,golden_offset_x,SR11C-DI-EBPM-02:CF:GOLDEN_X_S,0,ao
1009,golden_offset_y,SR11C-DI-EBPM-02:CF:GOLDEN_Y_S,0,ao
1015,bba_offset_x,SR11C-DI-EBPM-03:CF:BBA_X_S,0,ao
1015,bba_offset_y,SR11C-DI-EBPM-03:CF:BBA_Y_S,0,ao
1015,bcd_offset_x,SR11C-DI-EBPM-03:CF:BCD_X_S,0,ao
1015,bcd_offset_y,SR11C-DI-EBPM-03:CF:BCD_Y_S,0,ao
1015,golden_offset_x,SR11C-DI-EBPM-03:CF:GOLDEN_X_S,0,ao
1015,golden_offset_y,SR11C-DI-EBPM-03:CF:GOLDEN_Y_S,0,ao
1023,bba_offset_x,SR11C-DI-EBPM-04:CF:BBA_X_S,0,ao
1023,bba_offset_y,SR11C-DI-EBPM-04:CF:BBA_Y_S,0,ao
1023,bcd_offset_x,SR11C-DI-EBPM-04:CF:BCD_X_S,0,ao
1023,bcd_offset_y,SR11C-DI-EBPM-04:CF:BCD_Y_S,0,ao
1023,golden_offset_x,SR11C-DI-EBPM-04:CF:GOLDEN_X_S,0,ao
1023,golden_offset_y,SR11C-DI-EBPM-04:CF:GOLDEN_Y_S,0,ao
1039,bba_offset_x,SR11C-DI-EBPM-05:CF:BBA_X_S,0,ao
1039,bba_offset_y,SR11C-DI-EBPM-05:CF:BBA_Y_S,0,ao
1039,bcd_offset_x,SR11C-DI-EBPM-05:CF:BCD_X_S,0,ao
1039,bcd_offset_y,SR11C-DI-EBPM-05:CF:BCD_Y_S,0,ao
1039,golden_offset_x,SR11C-DI-EBPM-05:CF:GOLDEN_X_S,0,ao
1039,golden_offset_y,SR11C-DI-EBPM-05:CF:GOLDEN_Y_S,0,ao
1049,bba_offset_x,SR11C-DI-EBPM-06:CF:BBA_X_S,0,ao
1049,bba_offset_y,SR11C-DI-EBPM-06:CF:BBA_Y_S,0,ao
1049,bcd_offset_x,SR11C-DI-EBPM-06:CF:BCD_X_S,0,ao
1049,bcd_offset_y,SR11C-DI-EBPM-06:CF:BCD_Y_S,0,ao
1049,golden_offset_x,SR11C-DI-EBPM-06:CF:GOLDEN_X_S,0,ao
1049,golden_offset_y,SR11C-DI-EBPM-06:CF:GOLDEN_Y_S,0,ao
1059,bba_offset_x,SR11C-DI-EBPM-07:CF:BBA_X_S,0,ao
1059,bba_offset_y,SR11C-DI-EBPM-07:CF:BBA_Y_S,0,ao
1059,bcd_offset_x,SR11C-DI-EBPM-07:CF:BCD_X_S,0,ao
1059,bcd_offset_y,SR11C-DI-EBPM-07:CF:BCD_Y_S,0,ao
1059,golden_offset_x,SR11C-DI-EBPM-07:CF:GOLDEN_X_S,0,ao
1059,golden_offset_y,SR11C-DI-EBPM-07:CF:GOLDEN_Y_S,0,ao
1073,bba_offset_x,SR12C-DI-EBPM-01:CF:BBA_X_S,0,ao
1073,bba_offset_y,SR12C-DI-EBPM-01:CF:BBA_Y_S,0,ao
1073,bcd_offset_x,SR12C-DI-EBPM-01:CF:BCD_X_S,0,ao
1073,bcd_offset_y,SR12C-DI-EBPM-01:CF:BCD_Y_S,0,ao
1073,golden_offset_x,SR12C-DI-EBPM-01:CF:GOLDEN_X_S,0,ao
1073,golden_offset_y,SR12C-DI-EBPM-01:CF:GOLDEN_Y_S,0,ao
1089,bba_offset_x,SR12C-DI-EBPM-02:CF:BBA_X_S,0,ao
1089,bba_offset_y,SR12C-DI-EBPM-02:CF:BBA_Y_S,0,ao
1089,bcd_offset_x,SR12C-DI-EBPM-02:CF:BCD_X_S,0,ao
1089,bcd_offset_y,SR12C-DI-EBPM-02:CF:BCD_Y_S,0,ao
1089,golden_offset_x,SR12C-DI-EBPM-02:CF:GOLDEN_X_S,0,ao
1089,golden_offset_y,SR12C-DI-EBPM-02:CF:GOLDEN_Y_S,0,ao
1095,bba_offset_x,SR12C-DI-EBPM-03:CF:BBA_X_S,0,ao
1095,bba_offset_y,SR12C-DI-EBPM-03:CF:BBA_Y_S,0,ao
1095,bcd_offset_x,SR12C-DI-EBPM-03:CF:BCD_X_S,0,ao
1095,bcd_offset_y,SR12C-DI-EBPM-03:CF:BCD_Y_S,0,ao
1095,golden_offset_x,SR12C-DI-EBPM-03:CF:GOLDEN_X_S,0,ao
1095,golden_offset_y,SR12C-DI-EBPM-03:CF:GOLDEN_Y_S,0,ao
1103,bba_offset_x,SR12C-DI-EBPM-04:CF:BBA_X_S,0,ao
1103,bba_offset_y,SR12C-DI-EBPM-04:CF:BBA_Y_S,0,ao
1103,bcd_offset_x,SR12C-DI-EBPM-04:CF:BCD_X_S,0,ao
1103,bcd_offset_y,SR12C-DI-EBPM-04:CF:BCD_Y_S,0,ao
1103,golden_offset_x,SR12C-DI-EBPM-04:CF:GOLDEN_X_S,0,ao
1103,golden_offset_y,SR12C-DI-EBPM-04:CF:GOLDEN_Y_S,0,ao
1117,bba_offset_x,SR12C-DI-EBPM-05:CF:BBA_X_S,0,ao
1117,bba_offset_y,SR12C-DI-EBPM-05:CF:BBA_Y_S,0,ao
1117,bcd_offset_x,SR12C-DI-EBPM-05:CF:BCD_X_S,0,ao
1117,bcd_offset_y,SR12C-DI-EBPM-05:CF:BCD_Y_S,0,ao
1117,golden_offset_x,SR12C-DI-EBPM-05:CF:GOLDEN_X_S,0,ao
1117,golden_offset_y,SR12C-DI-EBPM-05:CF:GOLDEN_Y_S,0,ao
1127,bba_offset_x,SR12C-DI-EBPM-06:CF:BBA_X_S,0,ao
1127,bba_offset_y,SR12C-DI-EBPM-06:CF:BBA_Y_S,0,ao
1127,bcd_offset_x,SR12C-DI-EBPM-06:CF:BCD_X_S,0,ao
1127,bcd_offset_y,SR12C-DI-EBPM-06:CF:BCD_Y_S,0,ao
1127,golden_offset_x,SR12C-DI-EBPM-06:CF:GOLDEN_X_S,0,ao
1127,golden_offset_y,SR12C-DI-EBPM-06:CF:GOLDEN_Y_S,0,ao
1143,bba_offset_x,SR12C-DI-EBPM-07:CF:BBA_X_S,0,ao
1143,bba_offset_y,SR12C-DI-EBPM-07:CF:BBA_Y_S,0,ao
1143,bcd_offset_x,SR12C-DI-EBPM-07:CF:BCD_X_S,0,ao
1143,bcd_offset_y,SR12C-DI-EBPM-07:CF:BCD_Y_S,0,ao
1143,golden_offset_x,SR12C-DI-EBPM-07:CF:GOLDEN_X_S,0,ao
1143,golden_offset_y,SR12C-DI-EBPM-07:CF:GOLDEN_Y_S,0,ao
1155,bba_offset_x,SR13S-DI-EBPM-01:CF:BBA_X_S,0,ao
1155,bba_offset_y,SR13S-DI-EBPM-01:CF:BBA_Y_S,0,ao
1155,bcd_offset_x,SR13S-DI-EBPM-01:CF:BCD_X_S,0,ao
1155,bcd_offset_y,SR13S-DI-EBPM-01:CF:BCD_Y_S,0,ao
1155,golden_offset_x,SR13S-DI-EBPM-01:CF:GOLDEN_X_S,0,ao
1155,golden_offset_y,SR13S-DI-EBPM-01:CF:GOLDEN_Y_S,0,ao
1168,bba_offset_x,SR13S-DI-EBPM-02:CF:BBA_X_S,0,ao
1168,bba_offset_y,SR13S-DI-EBPM-02:CF:BBA_Y_S,0,ao
1168,bcd_offset_x,SR13S-DI-EBPM-02:CF:BCD_X_S,0,ao
1168,bcd_offset_y,SR13S-DI-EBPM-02:CF:BCD_Y_S,0,ao
1168,golden_offset_x,SR13S-DI-EBPM-02:CF:GOLDEN_X_S,0,ao
1168,golden_offset_y,SR13S-DI-EBPM-02:CF:GOLDEN_Y_S,0,ao
1183,bba_offset_x,SR13C-DI-EBPM-01:CF:BBA_X_S,0,ao
1183,bba_offset_y,SR13C-DI-EBPM-01:CF:BBA_Y_S,0,ao
1183,bcd_offset_x,SR13C-DI-EBPM-01:CF:BCD_X_S,0,ao
1183,bcd_offset_y,SR13C-DI-EBPM-01:CF:BCD_Y_S,0,ao
1183,golden_offset_x,SR13C-DI-EBPM-01:CF:GOLDEN_X_S,0,ao
1183,golden_offset_y,SR13C-DI-EBPM-01:CF:GOLDEN_Y_S,0,ao
1205,bba_offset_x,SR13C-DI-EBPM-02:CF:BBA_X_S,0,ao
1205,bba_offset_y,SR13C-DI-EBPM-02:CF:BBA_Y_S,0,ao
1205,bcd_offset_x,SR13C-DI-EBPM-02:CF:BCD_X_S,0,ao
1205,bcd_offset_y,SR13C-DI-EBPM-02:CF:BCD_Y_S,0,ao
1205,golden_offset_x,SR13C-DI-EBPM-02:CF:GOLDEN_X_S,0,ao
1205,golden_offset_y,SR13C-DI-EBPM-02:CF:GOLDEN_Y_S,0,ao
1211,bba_offset_x,SR13C-DI-EBPM-03:CF:BBA_X_S,0,ao
1211,bba_offset_y,SR13C-DI-EBPM-03:CF:BBA_Y_S,0,ao
1211,bcd_offset_x,SR13C-DI-EBPM-03:CF:BCD_X_S,0,ao
1211,bcd_offset_y,SR13C-DI-EBPM-03:CF:BCD_Y_S,0,ao
1211,golden_offset_x,SR13C-DI-EBPM-03:CF:GOLDEN_X_S,0,ao
1211,golden_offset_y,SR13C-DI-EBPM-03:CF:GOLDEN_Y_S,0,ao
1219,bba_offset_x,SR13C-DI-EBPM-04:CF:BBA_X_S,0,ao
1219,bba_offset_y,SR13C-DI-EBPM-04:CF:BBA_Y_S,0,ao
1219,bcd_offset_x,SR13C-DI-EBPM-04:CF:BCD_X_S,0,ao
1219,bcd_offset_y,SR13C-DI-EBPM-04:CF:BCD_Y_S,0,ao
1219,golden_offset_x,SR13C-DI-EBPM-04:CF:GOLDEN_X_S,0,ao
1219,golden_offset_y,SR13C-DI-EBPM-04:CF:GOLDEN_Y_S,0,ao
1233,bba_offset_x,SR13C-DI-EBPM-05:CF:BBA_X_S,0,ao
1233,bba_offset_y,SR13C-DI-EBPM-05:CF:BBA_Y_S,0,ao
1233,bcd_offset_x,SR13C-DI-EBPM-05:CF:BCD_X_S,0,ao
1233,bcd_offset_y,SR13C-DI-EBPM-05:CF:BCD_Y_S,0,ao
1233,golden_offset_x,SR13C-DI-EBPM-05:CF:GOLDEN_X_S,0,ao
1233,golden_offset_y,SR13C-DI-EBPM-05:CF:GOLDEN_Y_S,0,ao
1243,bba_offset_x,SR13C-DI-EBPM-06:CF:BBA_X_S,0,ao
1243,bba_offset_y,SR13C-DI-EBPM-06:CF:BBA_Y_S,0,ao
1243,bcd_offset_x,SR13C-DI-EBPM-06:CF:BCD_X_S,0,ao
1243,bcd_offset_y,SR13C-DI-EBPM-06:CF:BCD_Y_S,0,ao
1243,golden_offset_x,SR13C-DI-EBPM-06:CF:GOLDEN_X_S,0,ao
1243,golden_offset_y,SR13C-DI-EBPM-06:CF:GOLDEN_Y_S,0,ao
1253,bba_offset_x,SR13C-DI-EBPM-07:CF:BBA_X_S,0,ao
1253,bba_offset_y,SR13C-DI-EBPM-07:CF:BBA_Y_S,0,ao
1253,bcd_offset_x,SR13C-DI-EBPM-07:CF:BCD_X_S,0,ao
1253,bcd_offset_y,SR13C-DI-EBPM-07:CF:BCD_Y_S,0,ao
1253,golden_offset_x,SR13C-DI-EBPM-07:CF:GOLDEN_X_S,0,ao
1253,golden_offset_y,SR13C-DI-EBPM-07:CF:GOLDEN_Y_S,0,ao
1267,bba_offset_x,SR14C-DI-EBPM-01:CF:BBA_X_S,0,ao
1267,bba_offset_y,SR14C-DI-EBPM-01:CF:BBA_Y_S,0,ao
1267,bcd_offset_x,SR14C-DI-EBPM-01:CF:BCD_X_S,0,ao
1267,bcd_offset_y,SR14C-DI-EBPM-01:CF:BCD_Y_S,0,ao
1267,golden_offset_x,SR14C-DI-EBPM-01:CF:GOLDEN_X_S,0,ao
1267,golden_offset_y,SR14C-DI-EBPM-01:CF:GOLDEN_Y_S,0,ao
1283,bba_offset_x,SR14C-DI-EBPM-02:CF:BBA_X_S,0,ao
1283,bba_offset_y,SR14C-DI-EBPM-02:CF:BBA_Y_S,0,ao
1283,bcd_offset_x,SR14C-DI-EBPM-02:CF:BCD_X_S,0,ao
1283,bcd_offset_y,SR14C-DI-EBPM-02:CF:BCD_Y_S,0,ao
1283,golden_offset_x,SR14C-DI-EBPM-02:CF:GOLDEN_X_S,0,ao
1283,golden_offset_y,SR14C-DI-EBPM-02:CF:GOLDEN_Y_S,0,ao
1289,bba_offset_x,SR14C-DI-EBPM-03:CF:BBA_X_S,0,ao
1289,bba_offset_y,SR14C-DI-EBPM-03:CF:BBA_Y_S,0,ao
1289,bcd_offset_x,SR14C-DI-EBPM-03:CF:BCD_X_S,0,ao
1289,bcd_offset_y,SR14C-DI-EBPM-03:CF:BCD_Y_S,0,ao
1289,golden_offset_x,SR14C-DI-EBPM-03:CF:GOLDEN_X_S,0,ao
1289,golden_offset_y,SR14C-DI-EBPM-03:CF:GOLDEN_Y_S,0,ao
1297,bba_offset_x,SR14C-DI-EBPM-04:CF:BBA_X_S,0,ao
1297,bba_offset_y,SR14C-DI-EBPM-04:CF:BBA_Y_S,0,ao
1297,bcd_offset_x,SR14C-DI-EBPM-04:CF:BCD_X_S,0,ao
1297,bcd_offset_y,SR14C-DI-EBPM-04:CF:BCD_Y_S,0,ao
1297,golden_offset_x,SR14C-DI-EBPM-04:CF:GOLDEN_X_S,0,ao
1297,golden_offset_y,SR14C-DI-EBPM-04:CF:GOLDEN_Y_S,0,ao
1311,bba_offset_x,SR14C-DI-EBPM-05:CF:BBA_X_S,0,ao
1311,bba_offset_y,SR14C-DI-EBPM-05:CF:BBA_Y_S,0,ao
1311,bcd_offset_x,SR14C-DI-EBPM-05:CF:BCD_X_S,0,ao
1311,bcd_offset_y,SR14C-DI-EBPM-05:CF:BCD_Y_S,0,ao
1311,golden_offset_x,SR14C-DI-EBPM-05:CF:GOLDEN_X_S,0,ao
1311,golden_offset_y,SR14C-DI-EBPM-05:CF:GOLDEN_Y_S,0,ao
1321,bba_offset_x,SR14C-DI-EBPM-06:CF:BBA_X_S,0,ao
1321,bba_offset_y,SR14C-DI-EBPM-06:CF:BBA_Y_S,0,ao
1321,bcd_offset_x,SR14C-DI-EBPM-06:CF:BCD_X_S,0,ao
1321,bcd_offset_y,SR14C-DI-EBPM-06:CF:BCD_Y_S,0,ao
1321,golden_offset_x,SR14C-DI-EBPM-06:CF:GOLDEN_X_S,0,ao
1321,golden_offset_y,SR14C-DI-EBPM-06:CF:GOLDEN_Y_S,0,ao
1331,bba_offset_x,SR14C-DI-EBPM-07:CF:BBA_X_S,0,ao
1331,bba_offset_y,SR14C-DI-EBPM-07:CF:BBA_Y_S,0,ao
1331,bcd_offset_x,SR14C-DI-EBPM-07:CF:BCD_X_S,0,ao
1331,bcd_offset_y,SR14C-DI-EBPM-07:CF:BCD_Y_S,0,ao
1331,golden_offset_x,SR14C-DI-EBPM-07:CF:GOLDEN_X_S,0,ao
1331,golden_offset_y,SR14C-DI-EBPM-07:CF:GOLDEN_Y_S,0,ao
1345,bba_offset_x,SR15C-DI-EBPM-01:CF:BBA_X_S,0,ao
1345,bba_offset_y,SR15C-DI-EBPM-01:CF:BBA_Y_S,0,ao
1345,bcd_offset_x,SR15C-DI-EBPM-01:CF:BCD_X_S,0,ao
1345,bcd_offset_y,SR15C-DI-EBPM-01:CF:BCD_Y_S,0,ao
1345,golden_offset_x,SR15C-DI-EBPM-01:CF:GOLDEN_X_S,0,ao
1345,golden_offset_y,SR15C-DI-EBPM-01:CF:GOLDEN_Y_S,0,ao
1361,bba_offset_x,SR15C-DI-EBPM-02:CF:BBA_X_S,0,ao
1361,bba_offset_y,SR15C-DI-EBPM-02:CF:BBA_Y_S,0,ao
1361,bcd_offset_x,SR15C-DI-EBPM-02:CF:BCD_X_S,0,ao
1361,bcd_offset_y,SR15C-DI-EBPM-02:CF:BCD_Y_S,0,ao
1361,golden_offset_x,SR15C-DI-EBPM-02:CF:GOLDEN_X_S,0,ao
1361,golden_offset_y,SR15C-DI-EBPM-02:CF:GOLDEN_Y_S,0,ao
1367,bba_offset_x,SR15C-DI-EBPM-03:CF:BBA_X_S,0,ao
1367,bba_offset_y,SR15C-DI-EBPM-03:CF:BBA_Y_S,0,ao
1367,bcd_offset_x,SR15C-DI-EBPM-03:CF:BCD_X_S,0,ao
1367,bcd_offset_y,SR15C-DI-EBPM-03:CF:BCD_Y_S,0,ao
1367,golden_offset_x,SR15C-DI-EBPM-03:CF:GOLDEN_X_S,0,ao
1367,golden_offset_y,SR15C-DI-EBPM-03:CF:GOLDEN_Y_S,0,ao
1375,bba_offset_x,SR15C-DI-EBPM-04:CF:BBA_X_S,0,ao
1375,bba_offset_y,SR15C-DI-EBPM-04:CF:BBA_Y_S,0,ao
1375,bcd_offset_x,SR15C-DI-EBPM-04:CF:BCD_X_S,0,ao
1375,bcd_offset_y,SR15C-DI-EBPM-04:CF:BCD_Y_S,0,ao
1375,golden_offset_x,SR15C-DI-EBPM-04:CF:GOLDEN_X_S,0,ao
1375,golden_offset_y,SR15C-DI-EBPM-04:CF:GOLDEN_Y_S,0,ao
1389,bba_offset_x,SR15C-DI-EBPM-05:CF:BBA_X_S,0,ao
1389,bba_offset_y,SR15C-DI-EBPM-05:CF:BBA_Y_S,0,ao
1389,bcd_offset_x,SR15C-DI-EBPM-05:CF:BCD_X_S,0,ao
1389,bcd_offset_y,SR15C-DI-EBPM-05:CF:BCD_Y_S,0,ao
1389,golden_offset_x,SR15C-DI-EBPM-05:CF:GOLDEN_X_S,0,ao
1389,golden_offset_y,SR15C-DI-EBPM-05:CF:GOLDEN_Y_S,0,ao
1399,bba_offset_x,SR15C-DI-EBPM-06:CF:BBA_X_S,0,ao
1399,bba_offset_y,SR15C-DI-EBPM-06:CF:BBA_Y_S,0,ao
1399,bcd_offset_x,SR15C-DI-EBPM-06:CF:BCD_X_S,0,ao
1399,bcd_offset_y,SR15C-DI-EBPM-06:CF:BCD_Y_S,0,ao
1399,golden_offset_x,SR15C-DI-EBPM-06:CF:GOLDEN_X_S,0,ao
1399,golden_offset_y,SR15C-DI-EBPM-06:CF:GOLDEN_Y_S,0,ao
1409,bba_offset_x,SR15C-DI-EBPM-07:CF:BBA_X_S,0,ao
1409,bba_offset_y,SR15C-DI-EBPM-07:CF:BBA_Y_S,0,ao
1409,bcd_offset_x,SR15C-DI-EBPM-07:CF:BCD_X_S,0,ao
1409,bcd_offset_y,SR15C-DI-EBPM-07:CF:BCD_Y_S,0,ao
1409,golden_offset_x,SR15C-DI-EBPM-07:CF:GOLDEN_X_S,0,ao
1409,golden_offset_y,SR15C-DI-EBPM-07:CF:GOLDEN_Y_S,0,ao
1425,bba_offset_x,SR16C-DI-EBPM-01:CF:BBA_X_S,0,ao
1425,bba_offset_y,SR16C-DI-EBPM-01:CF:BBA_Y_S,0,ao
1425,bcd_offset_x,SR16C-DI-EBPM-01:CF:BCD_X_S,0,ao
1425,bcd_offset_y,SR16C-DI-EBPM-01:CF:BCD_Y_S,0,ao
1425,golden_offset_x,SR16C-DI-EBPM-01:CF:GOLDEN_X_S,0,ao
1425,golden_offset_y,SR16C-DI-EBPM-01:CF:GOLDEN_Y_S,0,ao
1441,bba_offset_x,SR16C-DI-EBPM-02:CF:BBA_X_S,0,ao
1441,bba_offset_y,SR16C-DI-EBPM-02:CF:BBA_Y_S,0,ao
1441,bcd_offset_x,SR16C-DI-EBPM-02:CF:BCD_X_S,0,ao
1441,bcd_offset_y,SR16C-DI-EBPM-02:CF:BCD_Y_S,0,ao
1441,golden_offset_x,SR16C-DI-EBPM-02:CF:GOLDEN_X_S,0,ao
1441,golden_offset_y,SR16C-DI-EBPM-02:CF:GOLDEN_Y_S,0,ao
1447,bba_offset_x,SR16C-DI-EBPM-03:CF:BBA_X_S,0,ao
1447,bba_offset_y,SR16C-DI-EBPM-03:CF:BBA_Y_S,0,ao
1447,bcd_offset_x,SR16C-DI-EBPM-03:CF:BCD_X_S,0,ao
1447,bcd_offset_y,SR16C-DI-EBPM-03:CF:BCD_Y_S,0,ao
1447,golden_offset_x,SR16C-DI-EBPM-03:CF:GOLDEN_X_S,0,ao
1447,golden_offset_y,SR16C-DI-EBPM-03:CF:GOLDEN_Y_S,0,ao
1455,bba_offset_x,SR16C-DI-EBPM-04:CF:BBA_X_S,0,ao
1455,bba_offset_y,SR16C-DI-EBPM-04:CF:BBA_Y_S,0,ao
1455,bcd_offset_x,SR16C-DI-EBPM-04:CF:BCD_X_S,0,ao
1455,bcd_offset_y,SR16C-DI-EBPM-04:CF:BCD_Y_S,0,ao
1455,golden_offset_x,SR16C-DI-EBPM-04:CF:GOLDEN_X_S,0,ao
1455,golden_offset_y,SR16C-DI-EBPM-04:CF:GOLDEN_Y_S,0,ao
1469,bba_offset_x,SR16C-DI-EBPM-05:CF:BBA_X_S,0,ao
1469,bba_offset_y,SR16C-DI-EBPM-05:CF:BBA_Y_S,0,ao
1469,bcd_offset_x,SR16C-DI-EBPM-05:CF:BCD_X_S,0,ao
1469,bcd_offset_y,SR16C-DI-EBPM-05:CF:BCD_Y_S,0,ao
1469,golden_offset_x,SR16C-DI-EBPM-05:CF:GOLDEN_X_S,0,ao
1469,golden_offset_y,SR16C-DI-EBPM-05:CF:GOLDEN_Y_S,0,ao
1480,bba_offset_x,SR16C-DI-EBPM-06:CF:BBA_X_S,0,ao
1480,bba_offset_y,SR16C-DI-EBPM-06:CF:BBA_Y_S,0,ao
1480,bcd_offset_x,SR16C-DI-EBPM-06:CF:BCD_X_S,0,ao
1480,bcd_offset_y,SR16C-DI-EBPM-06:CF:BCD_Y_S,0,ao
1480,golden_offset_x,SR16C-DI-EBPM-06:CF:GOLDEN_X_S,0,ao
1480,golden_offset_y,SR16C-DI-EBPM-06:CF:GOLDEN_Y_S,0,ao
1490,bba_offset_x,SR16C-DI-EBPM-07:CF:BBA_X_S,0,ao
1490,bba_offset_y,SR16C-DI-EBPM-07:CF:BBA_Y_S,0,ao
1490,bcd_offset_x,SR16C-DI-EBPM-07:CF:BCD_X_S,0,ao
1490,bcd_offset_y,SR16C-DI-EBPM-07:CF:BCD_Y_S,0,ao
1490,golden_offset_x,SR16C-DI-EBPM-07:CF:GOLDEN_X_S,0,ao
1490,golden_offset_y,SR16C-DI-EBPM-07:CF:GOLDEN_Y_S,0,ao
1495,bba_offset_x,SR17C-DI-EBPM-01:CF:BBA_X_S,0,ao
1495,bba_offset_y,SR17C-DI-EBPM-01:CF:BBA_Y_S,0,ao
1495,bcd_offset_x,SR17C-DI-EBPM-01:CF:BCD_X_S,0,ao
1495,bcd_offset_y,SR17C-DI-EBPM-01:CF:BCD_Y_S,0,ao
1495,golden_offset_x,SR17C-DI-EBPM-01:CF:GOLDEN_X_S,0,ao
1495,golden_offset_y,SR17C-DI-EBPM-01:CF:GOLDEN_Y_S,0,ao
1511,bba_offset_x,SR17C-DI-EBPM-02:CF:BBA_X_S,0,ao
1511,bba_offset_y,SR17C-DI-EBPM-02:CF:BBA_Y_S,0,ao
1511,bcd_offset_x,SR17C-DI-EBPM-02:CF:BCD_X_S,0,ao
1511,bcd_offset_y,SR17C-DI-EBPM-02:CF:BCD_Y_S,0,ao
1511,golden_offset_x,SR17C-DI-EBPM-02:CF:GOLDEN_X_S,0,ao
1511,golden_offset_y,SR17C-DI-EBPM-02:CF:GOLDEN_Y_S,0,ao
1517,bba_offset_x,SR17C-DI-EBPM-03:CF:BBA_X_S,0,ao
1517,bba_offset_y,SR17C-DI-EBPM-03:CF:BBA_Y_S,0,ao
1517,bcd_offset_x,SR17C-DI-EBPM-03:CF:BCD_X_S,0,ao
1517,bcd_offset_y,SR17C-DI-EBPM-03:CF:BCD_Y_S,0,ao
1517,golden_offset_x,SR17C-DI-EBPM-03:CF:GOLDEN_X_S,0,ao
1517,golden_offset_y,SR17C-DI-EBPM-03:CF:GOLDEN_Y_S,0,ao
1525,bba_offset_x,SR17C-DI-EBPM-04:CF:BBA_X_S,0,ao
1525,bba_offset_y,SR17C-DI-EBPM-04:CF:BBA_Y_S,0,ao
1525,bcd_offset_x,SR17C-DI-EBPM-04:CF:BCD_X_S,0,ao
1525,bcd_offset_y,SR17C-DI-EBPM-04:CF:BCD_Y_S,0,ao
1525,golden_offset_x,SR17C-DI-EBPM-04:CF:GOLDEN_X_S,0,ao
1525,golden_offset_y,SR17C-DI-EBPM-04:CF:GOLDEN_Y_S,0,ao
1539,bba_offset_x,SR17C-DI-EBPM-05:CF:BBA_X_S,0,ao
1539,bba_offset_y,SR17C-DI-EBPM-05:CF:BBA_Y_S,0,ao
1539,bcd_offset_x,SR17C-DI-EBPM-05:CF:BCD_X_S,0,ao
1539,bcd_offset_y,SR17C-DI-EBPM-05:CF:BCD_Y_S,0,ao
1539,golden_offset_x,SR17C-DI-EBPM-05:CF:GOLDEN_X_S,0,ao
1539,golden_offset_y,SR17C-DI-EBPM-05:CF:GOLDEN_Y_S,0,ao
1549,bba_offset_x,SR17C-DI-EBPM-06:CF:BBA_X_S,0,ao
1549,bba_offset_y,SR17C-DI-EBPM-06:CF:BBA_Y_S,0,ao
1549,bcd_offset_x,SR17C-DI-EBPM-06:CF:BCD_X_S,0,ao
1549,bcd_offset_y,SR17C-DI-EBPM-06:CF:BCD_Y_S,0,ao
1549,golden_offset_x,SR17C-DI-EBPM-06:CF:GOLDEN_X_S,0,ao
1549,golden_offset_y,SR17C-DI-EBPM-06:CF:GOLDEN_Y_S,0,ao
1559,bba_offset_x,SR17C-DI-EBPM-07:CF:BBA_X_S,0,ao
1559,bba_offset_y,SR17C-DI-EBPM-07:CF:BBA_Y_S,0,ao
1559,bcd_offset_x,SR17C-DI-EBPM-07:CF:BCD_X_S,0,ao
1559,bcd_offset_y,SR17C-DI-EBPM-07:CF:BCD_Y_S,0,ao
1559,golden_offset_x,SR17C-DI-EBPM-07:CF:GOLDEN_X_S,0,ao
1559,golden_offset_y,SR17C-DI-EBPM-07:CF:GOLDEN_Y_S,0,ao
1575,bba_offset_x,SR18C-DI-EBPM-01:CF:BBA_X_S,0,ao
1575,bba_offset_y,SR18C-DI-EBPM-01:CF:BBA_Y_S,0,ao
1575,bcd_offset_x,SR18C-DI-EBPM-01:CF:BCD_X_S,0,ao
1575,bcd_offset_y,SR18C-DI-EBPM-01:CF:BCD_Y_S,0,ao
1575,golden_offset_x,SR18C-DI-EBPM-01:CF:GOLDEN_X_S,0,ao
1575,golden_offset_y,SR18C-DI-EBPM-01:CF:GOLDEN_Y_S,0,ao
1591,bba_offset_x,SR18C-DI-EBPM-02:CF:BBA_X_S,0,ao
1591,bba_offset_y,SR18C-DI-EBPM-02:CF:BBA_Y_S,0,ao
1591,bcd_offset_x,SR18C-DI-EBPM-02:CF:BCD_X_S,0,ao
1591,bcd_offset_y,SR18C-DI-EBPM-02:CF:BCD_Y_S,0,ao
1591,golden_offset_x,SR18C-DI-EBPM-02:CF:GOLDEN_X_S,0,ao
1591,golden_offset_y,SR18C-DI-EBPM-02:CF:GOLDEN_Y_S,0,ao
1597,bba_offset_x,SR18C-DI-EBPM-03:CF:BBA_X_S,0,ao
1597,bba_offset_y,SR18C-DI-EBPM-03:CF:BBA_Y_S,0,ao
1597,bcd_offset_x,SR18C-DI-EBPM-03:CF:BCD_X_S,0,ao
1597,bcd_offset_y,SR18C-DI-EBPM-03:CF:BCD_Y_S,0,ao
1597,golden_offset_x,SR18C-DI-EBPM-03:CF:GOLDEN_X_S,0,ao
1597,golden_offset_y,SR18C-DI-EBPM-03:CF:GOLDEN_Y_S,0,ao
1605,bba_offset_x,SR18C-DI-EBPM-04:CF:BBA_X_S,0,ao
1605,bba_offset_y,SR18C-DI-EBPM-04:CF:BBA_Y_S,0,ao
1605,bcd_offset_x,SR18C-DI-EBPM-04:CF:BCD_X_S,0,ao
1605,bcd_offset_y,SR18C-DI-EBPM-04:CF:BCD_Y_S,0,ao
1605,golden_offset_x,SR18C-DI-EBPM-04:CF:GOLDEN_X_S,0,ao
1605,golden_offset_y,SR18C-DI-EBPM-04:CF:GOLDEN_Y_S,0,ao
1619,bba_offset_x,SR18C-DI-EBPM-05:CF:BBA_X_S,0,ao
1619,bba_offset_y,SR18C-DI-EBPM-05:CF:BBA_Y_S,0,ao
1619,bcd_offset_x,SR18C-DI-EBPM-05:CF:BCD_X_S,0,ao
1619,bcd_offset_y,SR18C-DI-EBPM-05:CF:BCD_Y_S,0,ao
1619,golden_offset_x,SR18C-DI-EBPM-05:CF:GOLDEN_X_S,0,ao
1619,golden_offset_y,SR18C-DI-EBPM-05:CF:GOLDEN_Y_S,0,ao
1630,bba_offset_x,SR18C-DI-EBPM-06:CF:BBA_X_S,0,ao
1630,bba_offset_y,SR18C-DI-EBPM-06:CF:BBA_Y_S,0,ao
1630,bcd_offset_x,SR18C-DI-EBPM-06:CF:BCD_X_S,0,ao
1630,bcd_offset_y,SR18C-DI-EBPM-06:CF:BCD_Y_S,0,ao
1630,golden_offset_x,SR18C-DI-EBPM-06:CF:GOLDEN_X_S,0,ao
1630,golden_offset_y,SR18C-DI-EBPM-06:CF:GOLDEN_Y_S,0,ao
1640,bba_offset_x,SR18C-DI-EBPM-07:CF:BBA_X_S,0,ao
1640,bba_offset_y,SR18C-DI-EBPM-07:CF:BBA_Y_S,0,ao
1640,bcd_offset_x,SR18C-DI-EBPM-07:CF:BCD_X_S,0,ao
1640,bcd_offset_y,SR18C-DI-EBPM-07:CF:BCD_Y_S,0,ao
1640,golden_offset_x,SR18C-DI-EBPM-07:CF:GOLDEN_X_S,0,ao
1640,golden_offset_y,SR18C-DI-EBPM-07:CF:GOLDEN_Y_S,0,ao
1654,bba_offset_x,SR19C-DI-EBPM-01:CF:BBA_X_S,0,ao
1654,bba_offset_y,SR19C-DI-EBPM-01:CF:BBA_Y_S,0,ao
1654,bcd_offset_x,SR19C-DI-EBPM-01:CF:BCD_X_S,0,ao
1654,bcd_offset_y,SR19C-DI-EBPM-01:CF:BCD_Y_S,0,ao
1654,golden_offset_x,SR19C-DI-EBPM-01:CF:GOLDEN_X_S,0,ao
1654,golden_offset_y,SR19C-DI-EBPM-01:CF:GOLDEN_Y_S,0,ao
1670,bba_offset_x,SR19C-DI-EBPM-02:CF:BBA_X_S,0,ao
1670,bba_offset_y,SR19C-DI-EBPM-02:CF:BBA_Y_S,0,ao
1670,bcd_offset_x,SR19C-DI-EBPM-02:CF:BCD_X_S,0,ao
1670,bcd_offset_y,SR19C-DI-EBPM-02:CF:BCD_Y_S,0,ao
1670,golden_offset_x,SR19C-DI-EBPM-02:CF:GOLDEN_X_S,0,ao
1670,golden_offset_y,SR19C-DI-EBPM-02:CF:GOLDEN_Y_S,0,ao
1676,bba_offset_x,SR19C-DI-EBPM-03:CF:BBA_X_S,0,ao
1676,bba_offset_y,SR19C-DI-EBPM-03:CF:BBA_Y_S,0,ao
1676,bcd_offset_x,SR19C-DI-EBPM-03:CF:BCD_X_S,0,ao
1676,bcd_offset_y,SR19C-DI-EBPM-03:CF:BCD_Y_S,0,ao
1676,golden_offset_x,SR19C-DI-EBPM-03:CF:GOLDEN_X_S,0,ao
1676,golden_offset_y,SR19C-DI-EBPM-03:CF:GOLDEN_Y_S,0,ao
1684,bba_offset_x,SR19C-DI-EBPM-04:CF:BBA_X_S,0,ao
1684,bba_offset_y,SR19C-DI-EBPM-04:CF:BBA_Y_S,0,ao
1684,bcd_offset_x,SR19C-DI-EBPM-04:CF:BCD_X_S,0,ao
1684,bcd_offset_y,SR19C-DI-EBPM-04:CF:BCD_Y_S,0,ao
1684,golden_offset_x,SR19C-DI-EBPM-04:CF:GOLDEN_X_S,0,ao
1684,golden_offset_y,SR19C-DI-EBPM-04:CF:GOLDEN_Y_S,0,ao
1698,bba_offset_x,SR19C-DI-EBPM-05:CF:BBA_X_S,0,ao
1698,bba_offset_y,SR19C-DI-EBPM-05:CF:BBA_Y_S,0,ao
1698,bcd_offset_x,SR19C-DI-EBPM-05:CF:BCD_X_S,0,ao
1698,bcd_offset_y,SR19C-DI-EBPM-05:CF:BCD_Y_S,0,ao
1698,golden_offset_x,SR19C-DI-EBPM-05:CF:GOLDEN_X_S,0,ao
1698,golden_offset_y,SR19C-DI-EBPM-05:CF:GOLDEN_Y_S,0,ao
1708,bba_offset_x,SR19C-DI-EBPM-06:CF:BBA_X_S,0,ao
1708,bba_offset_y,SR19C-DI-EBPM-06:CF:BBA_Y_S,0,ao
1708,bcd_offset_x,SR19C-DI-EBPM-06:CF:BCD_X_S,0,ao
1708,bcd_offset_y,SR19C-DI-EBPM-06:CF:BCD_Y_S,0,ao
1708,golden_offset_x,SR19C-DI-EBPM-06:CF:GOLDEN_X_S,0,ao
1708,golden_offset_y,SR19C-DI-EBPM-06:CF:GOLDEN_Y_S,0,ao
1718,bba_offset_x,SR19C-DI-EBPM-07:CF:BBA_X_S,0,ao
1718,bba_offset_y,SR19C-DI-EBPM-07:CF:BBA_Y_S,0,ao
1718,bcd_offset_x,SR19C-DI-EBPM-07:CF:BCD_X_S,0,ao
1718,bcd_offset_y,SR19C-DI-EBPM-07:CF:BCD_Y_S,0,ao
1718,golden_offset_x,SR19C-DI-EBPM-07:CF:GOLDEN_X_S,0,ao
1718,golden_offset_y,SR19C-DI-EBPM-07:CF:GOLDEN_Y_S,0,ao
1762,bba_offset_x,SR20C-DI-EBPM-01:CF:BBA_X_S,0,ao
1762,bba_offset_y,SR20C-DI-EBPM-01:CF:BBA_Y_S,0,ao
1762,bcd_offset_x,SR20C-DI-EBPM-01:CF:BCD_X_S,0,ao
1762,bcd_offset_y,SR20C-DI-EBPM-01:CF:BCD_Y_S,0,ao
1762,golden_offset_x,SR20C-DI-EBPM-01:CF:GOLDEN_X_S,0,ao
1762,golden_offset_y,SR20C-DI-EBPM-01:CF:GOLDEN_Y_S,0,ao
1779,bba_offset_x,SR20C-DI-EBPM-02:CF:BBA_X_S,0,ao
1779,bba_offset_y,SR20C-DI-EBPM-02:CF:BBA_Y_S,0,ao
1779,bcd_offset_x,SR20C-DI-EBPM-02:CF:BCD_X_S,0,ao
1779,bcd_offset_y,SR20C-DI-EBPM-02:CF:BCD_Y_S,0,ao
1779,golden_offset_x,SR20C-DI-EBPM-02:CF:GOLDEN_X_S,0,ao
1779,golden_offset_y,SR20C-DI-EBPM-02:CF:GOLDEN_Y_S,0,ao
1785,bba_offset_x,SR20C-DI-EBPM-03:CF:BBA_X_S,0,ao
1785,bba_offset_y,SR20C-DI-EBPM-03:CF:BBA_Y_S,0,ao
1785,bcd_offset_x,SR20C-DI-EBPM-03:CF:BCD_X_S,0,ao
1785,bcd_offset_y,SR20C-DI-EBPM-03:CF:BCD_Y_S,0,ao
1785,golden_offset_x,SR20C-DI-EBPM-03:CF:GOLDEN_X_S,0,ao
1785,golden_offset_y,SR20C-DI-EBPM-03:CF:GOLDEN_Y_S,0,ao
1793,bba_offset_x,SR20C-DI-EBPM-04:CF:BBA_X_S,0,ao
1793,bba_offset_y,SR20C-DI-EBPM-04:CF:BBA_Y_S,0,ao
1793,bcd_offset_x,SR20C-DI-EBPM-04:CF:BCD_X_S,0,ao
1793,bcd_offset_y,SR20C-DI-EBPM-04:CF:BCD_Y_S,0,ao
1793,golden_offset_x,SR20C-DI-EBPM-04:CF:GOLDEN_X_S,0,ao
1793,golden_offset_y,SR20C-DI-EBPM-04:CF:GOLDEN_Y_S,0,ao
1807,bba_offset_x,SR20C-DI-EBPM-05:CF:BBA_X_S,0,ao
1807,bba_offset_y,SR20C-DI-EBPM-05:CF:BBA_Y_S,0,ao
1807,bcd_offset_x,SR20C-DI-EBPM-05:CF:BCD_X_S,0,ao
1807,bcd_offset_y,SR20C-DI-EBPM-05:CF:BCD_Y_S,0,ao
1807,golden_offset_x,SR20C-DI-EBPM-05:CF:GOLDEN_X_S,0,ao
1807,golden_offset_y,SR20C-DI-EBPM-05:CF:GOLDEN_Y_S,0,ao
1817,bba_offset_x,SR20C-DI-EBPM-06:CF:BBA_X_S,0,ao
1817,bba_offset_y,SR20C-DI-EBPM-06:CF:BBA_Y_S,0,ao
1817,bcd_offset_x,SR20C-DI-EBPM-06:CF:BCD_X_S,0,ao
1817,bcd_offset_y,SR20C-DI-EBPM-06:CF:BCD_Y_S,0,ao
1817,golden_offset_x,SR20C-DI-EBPM-06:CF:GOLDEN_X_S,0,ao
1817,golden_offset_y,SR20C-DI-EBPM-06:CF:GOLDEN_Y_S,0,ao
1827,bba_offset_x,SR20C-DI-EBPM-07:CF:BBA_X_S,0,ao
1827,bba_offset_y,SR20C-DI-EBPM-07:CF:BBA_Y_S,0,ao
1827,bcd_offset_x,SR20C-DI-EBPM-07:CF:BCD_X_S,0,ao
1827,bcd_offset_y,SR20C-DI-EBPM-07:CF:BCD_Y_S,0,ao
1827,golden_offset_x,SR20C-DI-EBPM-07:CF:GOLDEN_X_S,0,ao
1827,golden_offset_y,SR20C-DI-EBPM-07:CF:GOLDEN_Y_S,0,ao
1841,bba_offset_x,SR21C-DI-EBPM-01:CF:BBA_X_S,0,ao
1841,bba_offset_y,SR21C-DI-EBPM-01:CF:BBA_Y_S,0,ao
1841,bcd_offset_x,SR21C-DI-EBPM-01:CF:BCD_X_S,0,ao
1841,bcd_offset_y,SR21C-DI-EBPM-01:CF:BCD_Y_S,0,ao
1841,golden_offset_x,SR21C-DI-EBPM-01:CF:GOLDEN_X_S,0,ao
1841,golden_offset_y,SR21C-DI-EBPM-01:CF:GOLDEN_Y_S,0,ao
1857,bba_offset_x,SR21C-DI-EBPM-02:CF:BBA_X_S,0,ao
1857,bba_offset_y,SR21C-DI-EBPM-02:CF:BBA_Y_S,0,ao
1857,bcd_offset_x,SR21C-DI-EBPM-02:CF:BCD_X_S,0,ao
1857,bcd_offset_y,SR21C-DI-EBPM-02:CF:BCD_Y_S,0,ao
1857,golden_offset_x,SR21C-DI-EBPM-02:CF:GOLDEN_X_S,0,ao
1857,golden_offset_y,SR21C-DI-EBPM-02:CF:GOLDEN_Y_S,0,ao
1863,bba_offset_x,SR21C-DI-EBPM-03:CF:BBA_X_S,0,ao
1863,bba_offset_y,SR21C-DI-EBPM-03:CF:BBA_Y_S,0,ao
1863,bcd_offset_x,SR21C-DI-EBPM-03:CF:BCD_X_S,0,ao
1863,bcd_offset_y,SR21C-DI-EBPM-03:CF:BCD_Y_S,0,ao
1863,golden_offset_x,SR21C-DI-EBPM-03:CF:GOLDEN_X_S,0,ao
1863,golden_offset_y,SR21C-DI-EBPM-03:CF:GOLDEN_Y_S,0,ao
1871,bba_offset_x,SR21C-DI-EBPM-04:CF:BBA_X_S,0,ao
1871,bba_offset_y,SR21C-DI-EBPM-04:CF:BBA_Y_S,0,ao
1871,bcd_offset_x,SR21C-DI-EBPM-04:CF:BCD_X_S,0,ao
1871,bcd_offset_y,SR21C-DI-EBPM-04:CF:BCD_Y_S,0,ao
1871,golden_offset_x,SR21C-DI-EBPM-04:CF:GOLDEN_X_S,0,ao
1871,golden_offset_y,SR21C-DI-EBPM-04:CF:GOLDEN_Y_S,0,ao
1885,bba_offset_x,SR21C-DI-EBPM-05:CF:BBA_X_S,0,ao
1885,bba_offset_y,SR21C-DI-EBPM-05:CF:BBA_Y_S,0,ao
1885,bcd_offset_x,SR21C-DI-EBPM-05:CF:BCD_X_S,0,ao
1885,bcd_offset_y,SR21C-DI-EBPM-05:CF:BCD_Y_S,0,ao
1885,golden_offset_x,SR21C-DI-EBPM-05:CF:GOLDEN_X_S,0,ao
1885,golden_offset_y,SR21C-DI-EBPM-05:CF:GOLDEN_Y_S,0,ao
1896,bba_offset_x,SR21C-DI-EBPM-06:CF:BBA_X_S,0,ao
1896,bba_offset_y,SR21C-DI-EBPM-06:CF:BBA_Y_S,0,ao
1896,bcd_offset_x,SR21C-DI-EBPM-06:CF:BCD_X_S,0,ao
1896,bcd_offset_y,SR21C-DI-EBPM-06:CF:BCD_Y_S,0,ao
1896,golden_offset_x,SR21C-DI-EBPM-06:CF:GOLDEN_X_S,0,ao
1896,golden_offset_y,SR21C-DI-EBPM-06:CF:GOLDEN_Y_S,0,ao
1906,bba_offset_x,SR21C-DI-EBPM-07:CF:BBA_X_S,0,ao
1906,bba_offset_y,SR21C-DI-EBPM-07:CF:BBA_Y_S,0,ao
1906,bcd_offset_x,SR21C-DI-EBPM-07:CF:BCD_X_S,0,ao
1906,bcd_offset_y,SR21C-DI-EBPM-07:CF:BCD_Y_S,0,ao
1906,golden_offset_x,SR21C-DI-EBPM-07:CF:GOLDEN_X_S,0,ao
1906,golden_offset_y,SR21C-DI-EBPM-07:CF:GOLDEN_Y_S,0,ao
1920,bba_offset_x,SR22C-DI-EBPM-01:CF:BBA_X_S,0,ao
1920,bba_offset_y,SR22C-DI-EBPM-01:CF:BBA_Y_S,0,ao
1920,bcd_offset_x,SR22C-DI-EBPM-01:CF:BCD_X_S,0,ao
1920,bcd_offset_y,SR22C-DI-EBPM-01:CF:BCD_Y_S,0,ao
1920,golden_offset_x,SR22C-DI-EBPM-01:CF:GOLDEN_X_S,0,ao
1920,golden_offset_y,SR22C-DI-EBPM-01:CF:GOLDEN_Y_S,0,ao
1936,bba_offset_x,SR22C-DI-EBPM-02:CF:BBA_X_S,0,ao
1936,bba_offset_y,SR22C-DI-EBPM-02:CF:BBA_Y_S,0,ao
1936,bcd_offset_x,SR22C-DI-EBPM-02:CF:BCD_X_S,0,ao
1936,bcd_offset_y,SR22C-DI-EBPM-02:CF:BCD_Y_S,0,ao
1936,golden_offset_x,SR22C-DI-EBPM-02:CF:GOLDEN_X_S,0,ao
1936,golden_offset_y,SR22C-DI-EBPM-02:CF:GOLDEN_Y_S,0,ao
1942,bba_offset_x,SR22C-DI-EBPM-03:CF:BBA_X_S,0,ao
1942,bba_offset_y,SR22C-DI-EBPM-03:CF:BBA_Y_S,0,ao
1942,bcd_offset_x,SR22C-DI-EBPM-03:CF:BCD_X_S,0,ao
1942,bcd_offset_y,SR22C-DI-EBPM-03:CF:BCD_Y_S,0,ao
1942,golden_offset_x,SR22C-DI-EBPM-03:CF:GOLDEN_X_S,0,ao
1942,golden_offset_y,SR22C-DI-EBPM-03:CF:GOLDEN_Y_S,0,ao
1950,bba_offset_x,SR22C-DI-EBPM-04:CF:BBA_X_S,0,ao
1950,bba_offset_y,SR22C-DI-EBPM-04:CF:BBA_Y_S,0,ao
1950,bcd_offset_x,SR22C-DI-EBPM-04:CF:BCD_X_S,0,ao
1950,bcd_offset_y,SR22C-DI-EBPM-04:CF:BCD_Y_S,0,ao
1950,golden_offset_x,SR22C-DI-EBPM-04:CF:GOLDEN_X_S,0,ao
1950,golden_offset_y,SR22C-DI-EBPM-04:CF:GOLDEN_Y_S,0,ao
1964,bba_offset_x,SR22C-DI-EBPM-05:CF:BBA_X_S,0,ao
1964,bba_offset_y,SR22C-DI-EBPM-05:CF:BBA_Y_S,0,ao
1964,bcd_offset_x,SR22C-DI-EBPM-05:CF:BCD_X_S,0,ao
1964,bcd_offset_y,SR22C-DI-EBPM-05:CF:BCD_Y_S,0,ao
1964,golden_offset_x,SR22C-DI-EBPM-05:CF:GOLDEN_X_S,0,ao
1964,golden_offset_y,SR22C-DI-EBPM-05:CF:GOLDEN_Y_S,0,ao
1975,bba_offset_x,SR22C-DI-EBPM-06:CF:BBA_X_S,0,ao
1975,bba_offset_y,SR22C-DI-EBPM-06:CF:BBA_Y_S,0,ao
1975,bcd_offset_x,SR22C-DI-EBPM-06:CF:BCD_X_S,0,ao
1975,bcd_offset_y,SR22C-DI-EBPM-06:CF:BCD_Y_S,0,ao
1975,golden_offset_x,SR22C-DI-EBPM-06:CF:GOLDEN_X_S,0,ao
1975,golden_offset_y,SR22C-DI-EBPM-06:CF:GOLDEN_Y_S,0,ao
1985,bba_offset_x,SR22C-DI-EBPM-07:CF:BBA_X_S,0,ao
1985,bba_offset_y,SR22C-DI-EBPM-07:CF:BBA_Y_S,0,ao
1985,bcd_offset_x,SR22C-DI-EBPM-07:CF:BCD_X_S,0,ao
1985,bcd_offset_y,SR22C-DI-EBPM-07:CF:BCD_Y_S,0,ao
1985,golden_offset_x,SR22C-DI-EBPM-07:CF:GOLDEN_X_S,0,ao
1985,golden_offset_y,SR22C-DI-EBPM-07:CF:GOLDEN_Y_S,0,ao
1999,bba_offset_x,SR23C-DI-EBPM-01:CF:BBA_X_S,0,ao
1999,bba_offset_y,SR23C-DI-EBPM-01:CF:BBA_Y_S,0,ao
1999,bcd_offset_x,SR23C-DI-EBPM-01:CF:BCD_X_S,0,ao
1999,bcd_offset_y,SR23C-DI-EBPM-01:CF:BCD_Y_S,0,ao
1999,golden_offset_x,SR23C-DI-EBPM-01:CF:GOLDEN_X_S,0,ao
1999,golden_offset_y,SR23C-DI-EBPM-01:CF:GOLDEN_Y_S,0,ao
2015,bba_offset_x,SR23C-DI-EBPM-02:CF:BBA_X_S,0,ao
2015,bba_offset_y,SR23C-DI-EBPM-02:CF:BBA_Y_S,0,ao
2015,bcd_offset_x,SR23C-DI-EBPM-02:CF:BCD_X_S,0,ao
2015,bcd_offset_y,SR23C-DI-EBPM-02:CF:BCD_Y_S,0,ao
2015,golden_offset_x,SR23C-DI-EBPM-02:CF:GOLDEN_X_S,0,ao
2015,golden_offset_y,SR23C-DI-EBPM-02:CF:GOLDEN_Y_S,0,ao
2021,bba_offset_x,SR23C-DI-EBPM-03:CF:BBA_X_S,0,ao
2021,bba_offset_y,SR23C-DI-EBPM-03:CF:BBA_Y_S,0,ao
2021,bcd_offset_x,SR23C-DI-EBPM-03:CF:BCD_X_S,0,ao
2021,bcd_offset_y,SR23C-DI-EBPM-03:CF:BCD_Y_S,0,ao
2021,golden_offset_x,SR23C-DI-EBPM-03:CF:GOLDEN_X_S,0,ao
2021,golden_offset_y,SR23C-DI-EBPM-03:CF:GOLDEN_Y_S,0,ao
2029,bba_offset_x,SR23C-DI-EBPM-04:CF:BBA_X_S,0,ao
2029,bba_offset_y,SR23C-DI-EBPM-04:CF:BBA_Y_S,0,ao
2029,bcd_offset_x,SR23C-DI-EBPM-04:CF:BCD_X_S,0,ao
2029,bcd_offset_y,SR23C-DI-EBPM-04:CF:BCD_Y_S,0,ao
2029,golden_offset_x,SR23C-DI-EBPM-04:CF:GOLDEN_X_S,0,ao
2029,golden_offset_y,SR23C-DI-EBPM-04:CF:GOLDEN_Y_S,0,ao
2043,bba_offset_x,SR23C-DI-EBPM-05:CF:BBA_X_S,0,ao
2043,bba_offset_y,SR23C-DI-EBPM-05:CF:BBA_Y_S,0,ao
2043,bcd_offset_x,SR23C-DI-EBPM-05:CF:BCD_X_S,0,ao
2043,bcd_offset_y,SR23C-DI-EBPM-05:CF:BCD_Y_S,0,ao
2043,golden_offset_x,SR23C-DI-EBPM-05:CF:GOLDEN_X_S,0,ao
2043,golden_offset_y,SR23C-DI-EBPM-05:CF:GOLDEN_Y_S,0,ao
2054,bba_offset_x,SR23C-DI-EBPM-06:CF:BBA_X_S,0,ao
2054,bba_offset_y,SR23C-DI-EBPM-06:CF:BBA_Y_S,0,ao
2054,bcd_offset_x,SR23C-DI-EBPM-06:CF:BCD_X_S,0,ao
2054,bcd_offset_y,SR23C-DI-EBPM-06:CF:BCD_Y_S,0,ao
2054,golden_offset_x,SR23C-DI-EBPM-06:CF:GOLDEN_X_S,0,ao
2054,golden_offset_y,SR23C-DI-EBPM-06:CF:GOLDEN_Y_S,0,ao
2064,bba_offset_x,SR23C-DI-EBPM-07:CF:BBA_X_S,0,ao
2064,bba_offset_y,SR23C-DI-EBPM-07:CF:BBA_Y_S,0,ao
2064,bcd_offset_x,SR23C-DI-EBPM-07:CF:BCD_X_S,0,ao
2064,bcd_offset_y,SR23C-DI-EBPM-07:CF:BCD_Y_S,0,ao
2064,golden_offset_x,SR23C-DI-EBPM-07:CF:GOLDEN_X_S,0,ao
2064,golden_offset_y,SR23C-DI-EBPM-07:CF:GOLDEN_Y_S,0,ao
2078,bba_offset_x,SR24C-DI-EBPM-01:CF:BBA_X_S,0,ao
2078,bba_offset_y,SR24C-DI-EBPM-01:CF:BBA_Y_S,0,ao
2078,bcd_offset_x,SR24C-DI-EBPM-01:CF:BCD_X_S,0,ao
2078,bcd_offset_y,SR24C-DI-EBPM-01:CF:BCD_Y_S,0,ao
2078,golden_offset_x,SR24C-DI-EBPM-01:CF:GOLDEN_X_S,0,ao
2078,golden_offset_y,SR24C-DI-EBPM-01:CF:GOLDEN_Y_S,0,ao
2094,bba_offset_x,SR24C-DI-EBPM-02:CF:BBA_X_S,0,ao
2094,bba_offset_y,SR24C-DI-EBPM-02:CF:BBA_Y_S,0,ao
2094,bcd_offset_x,SR24C-DI-EBPM-02:CF:BCD_X_S,0,ao
2094,bcd_offset_y,SR24C-DI-EBPM-02:CF:BCD_Y_S,0,ao
2094,golden_offset_x,SR24C-DI-EBPM-02:CF:GOLDEN_X_S,0,ao
2094,golden_offset_y,SR24C-DI-EBPM-02:CF:GOLDEN_Y_S,0,ao
2100,bba_offset_x,SR24C-DI-EBPM-03:CF:BBA_X_S,0,ao
2100,bba_offset_y,SR24C-DI-EBPM-03:CF:BBA_Y_S,0,ao
2100,bcd_offset_x,SR24C-DI-EBPM-03:CF:BCD_X_S,0,ao
2100,bcd_offset_y,SR24C-DI-EBPM-03:CF:BCD_Y_S,0,ao
2100,golden_offset_x,SR24C-DI-EBPM-03:CF:GOLDEN_X_S,0,ao
2100,golden_offset_y,SR24C-DI-EBPM-03:CF:GOLDEN_Y_S,0,ao
2108,bba_offset_x,SR24C-DI-EBPM-04:CF:BBA_X_S,0,ao
2108,bba_offset_y,SR24C-DI-EBPM-04:CF:BBA_Y_S,0,ao
2108,bcd_offset_x,SR24C-DI-EBPM-04:CF:BCD_X_S,0,ao
2108,bcd_offset_y,SR24C-DI-EBPM-04:CF:BCD_Y_S,0,ao
2108,golden_offset_x,SR24C-DI-EBPM-04:CF:GOLDEN_X_S,0,ao
2108,golden_offset_y,SR24C-DI-EBPM-04:CF:GOLDEN_Y_S,0,ao
2122,bba_offset_x,SR24C-DI-EBPM-05:CF:BBA_X_S,0,ao
2122,bba_offset_y,SR24C-DI-EBPM-05:CF:BBA_Y_S,0,ao
2122,bcd_offset_x,SR24C-DI-EBPM-05:CF:BCD_X_S,0,ao
2122,bcd_offset_y,SR24C-DI-EBPM-05:CF:BCD_Y_S,0,ao
2122,golden_offset_x,SR24C-DI-EBPM-05:CF:GOLDEN_X_S,0,ao
2122,golden_offset_y,SR24C-DI-EBPM-05:CF:GOLDEN_Y_S,0,ao
2133,bba_offset_x,SR24C-DI-EBPM-06:CF:BBA_X_S,0,ao
2133,bba_offset_y,SR24C-DI-EBPM-06:CF:BBA_Y_S,0,ao
2133,bcd_offset_x,SR24C-DI-EBPM-06:CF:BCD_X_S,0,ao
2133,bcd_offset_y,SR24C-DI-EBPM-06:CF:BCD_Y_S,0,ao
2133,golden_offset_x,SR24C-DI-EBPM-06:CF:GOLDEN_X_S,0,ao
2133,golden_offset_y,SR24C-DI-EBPM-06:CF:GOLDEN_Y_S,0,ao
2143,bba_offset_x,SR24C-DI-EBPM-07:CF:BBA_X_S,0,ao
2143,bba_offset_y,SR24C-DI-EBPM-07:CF:BBA_Y_S,0,ao
2143,bcd_offset_x,SR24C-DI-EBPM-07:CF:BCD_X_S,0,ao
2143,bcd_offset_y,SR24C-DI-EBPM-07:CF:BCD_Y_S,0,ao
2143,golden_offset_x,SR24C-DI-EBPM-07:CF:GOLDEN_X_S,0,ao
2143,golden_offset_y,SR24C-DI-EBPM-07:CF:GOLDEN_Y_S,0,ao
