pv,upper,lower,precision,drive high,drive low
LI-RF-MOSC-01:FREQ,500000000,499000000,1,500000000,499000000
LI-RF-MOSC-01:FREQ_SET,0,0,1,499687000,499677000
SR-PC-DIPOL-01:I,1400,10,3,1400,10
SR-PC-DIPOL-01:I,1400,10,3,1400,10
SR-PC-DIPOL-01:I,1400,10,3,1400,10
SR-PC-DIPOL-01:I,1400,10,3,1400,10
SR-PC-DIPOL-01:I,1400,10,3,1400,10
SR-PC-DIPOL-01:I,1400,10,3,1400,10
SR-PC-DIPOL-01:I,1400,10,3,1400,10
SR-PC-DIPOL-01:I,1400,10,3,1400,10
SR-PC-DIPOL-01:I,1400,10,3,1400,10
SR-PC-DIPOL-01:I,1400,10,3,1400,10
SR-PC-DIPOL-01:I,1400,10,3,1400,10
SR-PC-DIPOL-01:I,1400,10,3,1400,10
SR-PC-DIPOL-01:I,1400,10,3,1400,10
SR-PC-DIPOL-01:I,1400,10,3,1400,10
SR-PC-DIPOL-01:I,1400,10,3,1400,10
SR-PC-DIPOL-01:I,1400,10,3,1400,10
SR-PC-DIPOL-01:I,1400,10,3,1400,10
SR-PC-DIPOL-01:I,1400,10,3,1400,10
SR-PC-DIPOL-01:I,1400,10,3,1400,10
SR-PC-DIPOL-01:I,1400,10,3,1400,10
SR-PC-DIPOL-01:I,1400,10,3,1400,10
SR-PC-DIPOL-01:I,1400,10,3,1400,10
SR-PC-DIPOL-01:I,1400,10,3,1400,10
SR-PC-DIPOL-01:I,1400,10,3,1400,10
SR-PC-DIPOL-01:I,1400,10,3,1400,10
SR-PC-DIPOL-01:I,1400,10,3,1400,10
SR-PC-DIPOL-01:I,1400,10,3,1400,10
SR-PC-DIPOL-01:I,1400,10,3,1400,10
SR-PC-DIPOL-01:I,1400,10,3,1400,10
SR-PC-DIPOL-01:I,1400,10,3,1400,10
SR-PC-DIPOL-01:I,1400,10,3,1400,10
SR-PC-DIPOL-01:I,1400,10,3,1400,10
SR-PC-DIPOL-01:I,1400,10,3,1400,10
SR-PC-DIPOL-01:I,1400,10,3,1400,10
SR-PC-DIPOL-01:I,1400,10,3,1400,10
SR-PC-DIPOL-01:I,1400,10,3,1400,10
SR-PC-DIPOL-01:I,1400,10,3,1400,10
SR-PC-DIPOL-01:I,1400,10,3,1400,10
SR-PC-DIPOL-01:I,1400,10,3,1400,10
SR-PC-DIPOL-01:I,1400,10,3,1400,10
SR-PC-DIPOL-01:I,1400,10,3,1400,10
SR-PC-DIPOL-01:I,1400,10,3,1400,10
SR-PC-DIPOL-01:I,1400,10,3,1400,10
SR-PC-DIPOL-01:I,1400,10,3,1400,10
SR-PC-DIPOL-01:I,1400,10,3,1400,10
SR-PC-DIPOL-01:I,1400,10,3,1400,10
SR-PC-DIPOL-01:I,1400,10,3,1400,10
SR-PC-DIPOL-01:I,1400,10,3,1400,10
SR-PC-DIPOL-01:I,1400,10,3,1400,10
SR-PC-DIPOL-01:I,1400,10,3,1400,10
SR-PC-DIPOL-01:SETI,0,0,4,1400,10
SR-PC-DIPOL-01:SETI,0,0,4,1400,10
SR-PC-DIPOL-01:SETI,0,0,4,1400,10
SR-PC-DIPOL-01:SETI,0,0,4,1400,10
SR-PC-DIPOL-01:SETI,0,0,4,1400,10
SR-PC-DIPOL-01:SETI,0,0,4,1400,10
SR-PC-DIPOL-01:SETI,0,0,4,1400,10
SR-PC-DIPOL-01:SETI,0,0,4,1400,10
SR-PC-DIPOL-01:SETI,0,0,4,1400,10
SR-PC-DIPOL-01:SETI,0,0,4,1400,10
SR-PC-DIPOL-01:SETI,0,0,4,1400,10
SR-PC-DIPOL-01:SETI,0,0,4,1400,10
SR-PC-DIPOL-01:SETI,0,0,4,1400,10
SR-PC-DIPOL-01:SETI,0,0,4,1400,10
SR-PC-DIPOL-01:SETI,0,0,4,1400,10
SR-PC-DIPOL-01:SETI,0,0,4,1400,10
SR-PC-DIPOL-01:SETI,0,0,4,1400,10
SR-PC-DIPOL-01:SETI,0,0,4,1400,10
SR-PC-DIPOL-01:SETI,0,0,4,1400,10
SR-PC-DIPOL-01:SETI,0,0,4,1400,10
SR-PC-DIPOL-01:SETI,0,0,4,1400,10
SR-PC-DIPOL-01:SETI,0,0,4,1400,10
SR-PC-DIPOL-01:SETI,0,0,4,1400,10
SR-PC-DIPOL-01:SETI,0,0,4,1400,10
SR-PC-DIPOL-01:SETI,0,0,4,1400,10
SR-PC-DIPOL-01:SETI,0,0,4,1400,10
SR-PC-DIPOL-01:SETI,0,0,4,1400,10
SR-PC-DIPOL-01:SETI,0,0,4,1400,10
SR-PC-DIPOL-01:SETI,0,0,4,1400,10
SR-PC-DIPOL-01:SETI,0,0,4,1400,10
SR-PC-DIPOL-01:SETI,0,0,4,1400,10
SR-PC-DIPOL-01:SETI,0,0,4,1400,10
SR-PC-DIPOL-01:SETI,0,0,4,1400,10
SR-PC-DIPOL-01:SETI,0,0,4,1400,10
SR-PC-DIPOL-01:SETI,0,0,4,1400,10
SR-PC-DIPOL-01:SETI,0,0,4,1400,10
SR-PC-DIPOL-01:SETI,0,0,4,1400,10
SR-PC-DIPOL-01:SETI,0,0,4,1400,10
SR-PC-DIPOL-01:SETI,0,0,4,1400,10
SR-PC-DIPOL-01:SETI,0,0,4,1400,10
SR-PC-DIPOL-01:SETI,0,0,4,1400,10
SR-PC-DIPOL-01:SETI,0,0,4,1400,10
SR-PC-DIPOL-01:SETI,0,0,4,1400,10
SR-PC-DIPOL-01:SETI,0,0,4,1400,10
SR-PC-DIPOL-01:SETI,0,0,4,1400,10
SR-PC-DIPOL-01:SETI,0,0,4,1400,10
SR-PC-DIPOL-01:SETI,0,0,4,1400,10
SR-PC-DIPOL-01:SETI,0,0,4,1400,10
SR-PC-DIPOL-01:SETI,0,0,4,1400,10
SR-PC-DIPOL-01:SETI,0,0,4,1400,10
SR01A-PC-HSTR-01:I,5,-5,3,5,-5
SR01A-PC-HSTR-01:SETI,0,0,4,5,-5
SR01A-PC-HSTR-02:I,5,-5,3,5,-5
SR01A-PC-HSTR-02:SETI,0,0,4,5,-5
SR01A-PC-HSTR-03:I,5,-5,3,5,-5
SR01A-PC-HSTR-03:SETI,0,0,4,5,-5
SR01A-PC-HSTR-04:I,5,-5,3,5,-5
SR01A-PC-HSTR-04:SETI,0,0,4,5,-5
SR01A-PC-HSTR-05:I,5,-5,3,5,-5
SR01A-PC-HSTR-05:SETI,0,0,4,5,-5
SR01A-PC-HSTR-06:I,5,-5,3,5,-5
SR01A-PC-HSTR-06:SETI,0,0,4,5,-5
SR01A-PC-HSTR-07:I,5,-5,3,5,-5
SR01A-PC-HSTR-07:SETI,0,0,4,5,-5
SR01A-PC-Q1AB-06:I,200,0,3,200,0
SR01A-PC-Q1AB-06:SETI,0,0,4,200,0
SR01A-PC-Q1AD-05:I,200,0,3,200,0
SR01A-PC-Q1AD-05:SETI,0,0,4,200,0
SR01A-PC-Q1B-10:I,200,0,3,200,0
SR01A-PC-Q1B-10:SETI,0,0,4,200,0
SR01A-PC-Q1D-01:I,200,0,3,200,0
SR01A-PC-Q1D-01:SETI,0,0,4,200,0
SR01A-PC-Q2AB-07:I,200,0,3,200,0
SR01A-PC-Q2AB-07:SETI,0,0,4,200,0
SR01A-PC-Q2AD-04:I,200,0,3,200,0
SR01A-PC-Q2AD-04:SETI,0,0,4,200,0
SR01A-PC-Q2B-09:I,200,0,3,200,0
SR01A-PC-Q2B-09:SETI,0,0,4,200,0
SR01A-PC-Q2D-02:I,200,0,3,200,0
SR01A-PC-Q2D-02:SETI,0,0,4,200,0
SR01A-PC-Q3B-08:I,200,0,3,200,0
SR01A-PC-Q3B-08:SETI,0,0,4,200,0
SR01A-PC-Q3D-03:I,200,0,3,200,0
SR01A-PC-Q3D-03:SETI,0,0,4,200,0
SR01A-PC-S1A-04:I,110,0,3,110,0
SR01A-PC-S1A-04:SETI,0,0,4,110,0
SR01A-PC-S1C-07:I,100,0,3,100,0
SR01A-PC-S1C-07:SETI,0,0,4,100,0
SR01A-PC-S1D-01:I,100,0,3,100,0
SR01A-PC-S1D-01:SETI,0,0,4,100,0
SR01A-PC-S2A-03:I,100,0,3,100,0
SR01A-PC-S2A-03:SETI,0,0,4,100,0
SR01A-PC-S2A-05:I,100,0,3,100,0
SR01A-PC-S2A-05:SETI,0,0,4,100,0
SR01A-PC-S2C-06:I,100,0,3,100,0
SR01A-PC-S2C-06:SETI,0,0,4,100,0
SR01A-PC-S2D-02:I,100,0,3,100,0
SR01A-PC-S2D-02:SETI,0,0,4,100,0
SR01A-PC-SQUAD-01:I,5,-5,3,5,-5
SR01A-PC-SQUAD-01:SETI,0,0,4,5,-5
SR01A-PC-SQUAD-02:I,5,-5,3,5,-5
SR01A-PC-SQUAD-02:SETI,0,0,4,5,-5
SR01A-PC-SQUAD-03:I,5,-5,3,5,-5
SR01A-PC-SQUAD-03:SETI,0,0,4,5,-5
SR01A-PC-SQUAD-04:I,5,-5,3,5,-5
SR01A-PC-SQUAD-04:SETI,0,0,4,5,-5
SR01A-PC-VSTR-01:I,5,-5,3,5,-5
SR01A-PC-VSTR-01:SETI,0,0,4,5,-5
SR01A-PC-VSTR-02:I,5,-5,3,5,-5
SR01A-PC-VSTR-02:SETI,0,0,4,5,-5
SR01A-PC-VSTR-03:I,5,-5,3,5,-5
SR01A-PC-VSTR-03:SETI,0,0,4,5,-5
SR01A-PC-VSTR-04:I,5,-5,3,5,-5
SR01A-PC-VSTR-04:SETI,0,0,4,5,-5
SR01A-PC-VSTR-05:I,5,-5,3,5,-5
SR01A-PC-VSTR-05:SETI,0,0,4,5,-5
SR01A-PC-VSTR-06:I,5,-5,3,5,-5
SR01A-PC-VSTR-06:SETI,0,0,4,5,-5
SR01A-PC-VSTR-07:I,5,-5,3,5,-5
SR01A-PC-VSTR-07:SETI,0,0,4,5,-5
SR01C-DI-EBPM-01:SA:X,10,-10,4,10,-10
SR01C-DI-EBPM-01:SA:Y,10,-10,4,10,-10
SR01C-DI-EBPM-02:SA:X,10,-10,4,10,-10
SR01C-DI-EBPM-02:SA:Y,10,-10,4,10,-10
SR01C-DI-EBPM-03:SA:X,10,-10,4,10,-10
SR01C-DI-EBPM-03:SA:Y,10,-10,4,10,-10
SR01C-DI-EBPM-04:SA:X,10,-10,4,10,-10
SR01C-DI-EBPM-04:SA:Y,10,-10,4,10,-10
SR01C-DI-EBPM-05:SA:X,10,-10,4,10,-10
SR01C-DI-EBPM-05:SA:Y,10,-10,4,10,-10
SR01C-DI-EBPM-06:SA:X,10,-10,4,10,-10
SR01C-DI-EBPM-06:SA:Y,10,-10,4,10,-10
SR01C-DI-EBPM-07:SA:X,10,-10,4,10,-10
SR01C-DI-EBPM-07:SA:Y,10,-10,4,10,-10
SR02A-PC-HSCOR-01:I,4,-4,3,4,-4
SR02A-PC-HSCOR-01:SETI,0,0,4,4,-4
SR02A-PC-HSCOR-02:I,4,-4,3,4,-4
SR02A-PC-HSCOR-02:SETI,0,0,4,4,-4
SR02A-PC-HSTR-01:I,5,-5,3,5,-5
SR02A-PC-HSTR-01:SETI,0,0,4,5,-5
SR02A-PC-HSTR-04:I,5,-5,3,5,-5
SR02A-PC-HSTR-04:SETI,0,0,4,5,-5
SR02A-PC-HSTR-05:I,5,-5,3,5,-5
SR02A-PC-HSTR-05:SETI,0,0,4,5,-5
SR02A-PC-HSTR-07:I,5,-5,3,5,-5
SR02A-PC-HSTR-07:SETI,0,0,4,5,-5
SR02A-PC-HSTR-08:I,5,-5,3,5,-5
SR02A-PC-HSTR-08:SETI,0,0,4,5,-5
SR02A-PC-HSTR-10:I,5,-5,3,5,-5
SR02A-PC-HSTR-10:SETI,0,0,4,5,-5
SR02A-PC-Q1BE-01:I,200,0,3,200,0
SR02A-PC-Q1BE-01:SETI,0,0,4,200,0
SR02A-PC-Q1BE-10:I,200,0,3,200,0
SR02A-PC-Q1BE-10:SETI,0,0,4,200,0
SR02A-PC-Q2BE-02:I,200,0,3,200,0
SR02A-PC-Q2BE-02:SETI,0,0,4,200,0
SR02A-PC-Q2BE-09:I,200,0,3,200,0
SR02A-PC-Q2BE-09:SETI,0,0,4,200,0
SR02A-PC-Q3E-03:I,200,0,3,200,0
SR02A-PC-Q3E-03:SETI,0,0,4,200,0
SR02A-PC-Q3E-04:I,200,0,3,200,0
SR02A-PC-Q3E-04:SETI,0,0,4,200,0
SR02A-PC-Q3E-07:I,200,0,3,200,0
SR02A-PC-Q3E-07:SETI,0,0,4,200,0
SR02A-PC-Q3E-08:I,200,0,3,200,0
SR02A-PC-Q3E-08:SETI,0,0,4,200,0
SR02A-PC-Q4E-05:I,200,0,3,200,0
SR02A-PC-Q4E-05:SETI,0,0,4,200,0
SR02A-PC-Q4E-06:I,200,0,3,200,0
SR02A-PC-Q4E-06:SETI,0,0,4,200,0
SR02A-PC-S1BE-01:I,100,0,3,100,0
SR02A-PC-S1BE-01:SETI,0,0,4,100,0
SR02A-PC-S1BE-10:I,100,0,3,100,0
SR02A-PC-S1BE-10:SETI,0,0,4,100,0
SR02A-PC-S2BE-02:I,100,0,3,100,0
SR02A-PC-S2BE-02:SETI,0,0,4,100,0
SR02A-PC-S2BE-09:I,100,0,3,100,0
SR02A-PC-S2BE-09:SETI,0,0,4,100,0
SR02A-PC-S3E-03:I,100,0,3,100,0
SR02A-PC-S3E-03:SETI,0,0,4,100,0
SR02A-PC-S3E-05:I,100,0,3,100,0
SR02A-PC-S3E-05:SETI,0,0,4,100,0
SR02A-PC-S3E-06:I,100,0,3,100,0
SR02A-PC-S3E-06:SETI,0,0,4,100,0
SR02A-PC-S3E-08:I,100,0,3,100,0
SR02A-PC-S3E-08:SETI,0,0,4,100,0
SR02A-PC-S4E-04:I,100,0,3,100,0
SR02A-PC-S4E-04:SETI,0,0,4,100,0
SR02A-PC-S4E-07:I,100,0,3,100,0
SR02A-PC-S4E-07:SETI,0,0,4,100,0
SR02A-PC-SQUAD-01:I,5,-5,3,5,-5
SR02A-PC-SQUAD-01:SETI,0,0,4,5,-5
SR02A-PC-SQUAD-02:I,5,-5,3,5,-5
SR02A-PC-SQUAD-02:SETI,0,0,4,5,-5
SR02A-PC-SQUAD-03:I,5,-5,3,5,-5
SR02A-PC-SQUAD-03:SETI,0,0,4,5,-5
SR02A-PC-SQUAD-04:I,5,-5,3,5,-5
SR02A-PC-SQUAD-04:SETI,0,0,4,5,-5
SR02A-PC-SQUAD-05:I,5,-5,3,5,-5
SR02A-PC-SQUAD-05:SETI,0,0,4,5,-5
SR02A-PC-SQUAD-06:I,5,-5,3,5,-5
SR02A-PC-SQUAD-06:SETI,0,0,4,5,-5
SR02A-PC-VSCOR-01:I,5,-5,3,5,-5
SR02A-PC-VSCOR-01:SETI,0,0,4,5,-5
SR02A-PC-VSCOR-02:I,4,-4,3,4,-4
SR02A-PC-VSCOR-02:SETI,0,0,4,4,-4
SR02A-PC-VSTR-01:I,5,-5,3,5,-5
SR02A-PC-VSTR-01:SETI,0,0,4,5,-5
SR02A-PC-VSTR-04:I,5,-5,3,5,-5
SR02A-PC-VSTR-04:SETI,0,0,4,5,-5
SR02A-PC-VSTR-05:I,5,-5,3,5,-5
SR02A-PC-VSTR-05:SETI,0,0,4,5,-5
SR02A-PC-VSTR-07:I,5,-5,3,5,-5
SR02A-PC-VSTR-07:SETI,0,0,4,5,-5
SR02A-PC-VSTR-08:I,5,-5,3,5,-5
SR02A-PC-VSTR-08:SETI,0,0,4,5,-5
SR02A-PC-VSTR-10:I,5,-5,3,5,-5
SR02A-PC-VSTR-10:SETI,0,0,4,5,-5
SR02C-DI-EBPM-01:SA:X,10,-10,4,10,-10
SR02C-DI-EBPM-01:SA:Y,10,-10,4,10,-10
SR02C-DI-EBPM-02:SA:X,10,-10,4,10,-10
SR02C-DI-EBPM-02:SA:Y,10,-10,4,10,-10
SR02C-DI-EBPM-03:SA:X,10,-10,4,10,-10
SR02C-DI-EBPM-03:SA:Y,10,-10,4,10,-10
SR02C-DI-EBPM-04:SA:X,10,-10,4,10,-10
SR02C-DI-EBPM-04:SA:Y,10,-10,4,10,-10
SR02C-DI-EBPM-05:SA:X,10,-10,4,10,-10
SR02C-DI-EBPM-05:SA:Y,10,-10,4,10,-10
SR02C-DI-EBPM-06:SA:X,10,-10,4,10,-10
SR02C-DI-EBPM-06:SA:Y,10,-10,4,10,-10
SR02C-DI-EBPM-07:SA:X,10,-10,4,10,-10
SR02C-DI-EBPM-07:SA:Y,10,-10,4,10,-10
SR02C-DI-EBPM-08:SA:X,10,-10,4,10,-10
SR02C-DI-EBPM-08:SA:Y,10,-10,4,10,-10
SR02I-PC-HSTR-11:I,5,-5,3,5,-5
SR02I-PC-HSTR-11:SETI,0,0,4,5,-5
SR02I-PC-HSTR-12:I,5,-5,3,5,-5
SR02I-PC-HSTR-12:SETI,0,0,4,5,-5
SR02I-PC-VSTR-11:I,5,-5,3,5,-5
SR02I-PC-VSTR-11:SETI,0,0,4,5,-5
SR02I-PC-VSTR-12:I,5,-5,3,5,-5
SR02I-PC-VSTR-12:SETI,0,0,4,5,-5
SR02J-PC-HSTR-11:I,5,-5,3,5,-5
SR02J-PC-HSTR-11:SETI,0,0,4,5,-5
SR02J-PC-HSTR-12:I,5,-5,3,5,-5
SR02J-PC-HSTR-12:SETI,0,0,4,5,-5
SR02J-PC-VSTR-11:I,5,-5,3,5,-5
SR02J-PC-VSTR-11:SETI,0,0,4,5,-5
SR02J-PC-VSTR-12:I,5,-5,3,5,-5
SR02J-PC-VSTR-12:SETI,0,0,4,5,-5
SR03A-PC-HSTR-01:I,5,-5,3,5,-5
SR03A-PC-HSTR-01:SETI,0,0,4,5,-5
SR03A-PC-HSTR-02:I,5,-5,3,5,-5
SR03A-PC-HSTR-02:SETI,0,0,4,5,-5
SR03A-PC-HSTR-03:I,5,-5,3,5,-5
SR03A-PC-HSTR-03:SETI,0,0,4,5,-5
SR03A-PC-HSTR-04:I,5,-5,3,5,-5
SR03A-PC-HSTR-04:SETI,0,0,4,5,-5
SR03A-PC-HSTR-05:I,5,-5,3,5,-5
SR03A-PC-HSTR-05:SETI,0,0,4,5,-5
SR03A-PC-HSTR-06:I,5,-5,3,5,-5
SR03A-PC-HSTR-06:SETI,0,0,4,5,-5
SR03A-PC-HSTR-07:I,5,-5,3,5,-5
SR03A-PC-HSTR-07:SETI,0,0,4,5,-5
SR03A-PC-Q1AB-05:I,200,0,3,200,0
SR03A-PC-Q1AB-05:SETI,0,0,4,200,0
SR03A-PC-Q1AB-06:I,200,0,3,200,0
SR03A-PC-Q1AB-06:SETI,0,0,4,200,0
SR03A-PC-Q1B-01:I,200,0,3,200,0
SR03A-PC-Q1B-01:SETI,0,0,4,200,0
SR03A-PC-Q1B-10:I,200,0,3,200,0
SR03A-PC-Q1B-10:SETI,0,0,4,200,0
SR03A-PC-Q2AB-04:I,200,0,3,200,0
SR03A-PC-Q2AB-04:SETI,0,0,4,200,0
SR03A-PC-Q2AB-07:I,200,0,3,200,0
SR03A-PC-Q2AB-07:SETI,0,0,4,200,0
SR03A-PC-Q2B-02:I,200,0,3,200,0
SR03A-PC-Q2B-02:SETI,0,0,4,200,0
SR03A-PC-Q2B-09:I,200,0,3,200,0
SR03A-PC-Q2B-09:SETI,0,0,4,200,0
SR03A-PC-Q3B-03:I,200,0,3,200,0
SR03A-PC-Q3B-03:SETI,0,0,4,200,0
SR03A-PC-Q3B-08:I,200,0,3,200,0
SR03A-PC-Q3B-08:SETI,0,0,4,200,0
SR03A-PC-S1A-04:I,110,0,3,110,0
SR03A-PC-S1A-04:SETI,0,0,4,110,0
SR03A-PC-S1B-01:I,100,0,3,100,0
SR03A-PC-S1B-01:SETI,0,0,4,100,0
SR03A-PC-S1B-07:I,100,0,3,100,0
SR03A-PC-S1B-07:SETI,0,0,4,100,0
SR03A-PC-S2A-03:I,100,0,3,100,0
SR03A-PC-S2A-03:SETI,0,0,4,100,0
SR03A-PC-S2A-05:I,100,0,3,100,0
SR03A-PC-S2A-05:SETI,0,0,4,100,0
SR03A-PC-S2B-02:I,100,0,3,100,0
SR03A-PC-S2B-02:SETI,0,0,4,100,0
SR03A-PC-S2B-06:I,100,0,3,100,0
SR03A-PC-S2B-06:SETI,0,0,4,100,0
SR03A-PC-SQUAD-01:I,5,-5,3,5,-5
SR03A-PC-SQUAD-01:SETI,0,0,4,5,-5
SR03A-PC-SQUAD-02:I,5,-5,3,5,-5
SR03A-PC-SQUAD-02:SETI,0,0,4,5,-5
SR03A-PC-SQUAD-03:I,5,-5,3,5,-5
SR03A-PC-SQUAD-03:SETI,0,0,4,5,-5
SR03A-PC-SQUAD-04:I,5,-5,3,5,-5
SR03A-PC-SQUAD-04:SETI,0,0,4,5,-5
SR03A-PC-VSTR-01:I,5,-5,3,5,-5
SR03A-PC-VSTR-01:SETI,0,0,4,5,-5
SR03A-PC-VSTR-02:I,5,-5,3,5,-5
SR03A-PC-VSTR-02:SETI,0,0,4,5,-5
SR03A-PC-VSTR-03:I,5,-5,3,5,-5
SR03A-PC-VSTR-03:SETI,0,0,4,5,-5
SR03A-PC-VSTR-04:I,5,-5,3,5,-5
SR03A-PC-VSTR-04:SETI,0,0,4,5,-5
SR03A-PC-VSTR-05:I,5,-5,3,5,-5
SR03A-PC-VSTR-05:SETI,0,0,4,5,-5
SR03A-PC-VSTR-06:I,5,-5,3,5,-5
SR03A-PC-VSTR-06:SETI,0,0,4,5,-5
SR03A-PC-VSTR-07:I,5,-5,3,5,-5
SR03A-PC-VSTR-07:SETI,0,0,4,5,-5
SR03C-DI-EBPM-01:SA:X,10,-10,4,10,-10
SR03C-DI-EBPM-01:SA:Y,10,-10,4,10,-10
SR03C-DI-EBPM-02:SA:X,10,-10,4,10,-10
SR03C-DI-EBPM-02:SA:Y,10,-10,4,10,-10
SR03C-DI-EBPM-03:SA:X,10,-10,4,10,-10
SR03C-DI-EBPM-03:SA:Y,10,-10,4,10,-10
SR03C-DI-EBPM-04:SA:X,10,-10,4,10,-10
SR03C-DI-EBPM-04:SA:Y,10,-10,4,10,-10
SR03C-DI-EBPM-05:SA:X,10,-10,4,10,-10
SR03C-DI-EBPM-05:SA:Y,10,-10,4,10,-10
SR03C-DI-EBPM-06:SA:X,10,-10,4,10,-10
SR03C-DI-EBPM-06:SA:Y,10,-10,4,10,-10
SR03C-DI-EBPM-07:SA:X,10,-10,4,10,-10
SR03C-DI-EBPM-07:SA:Y,10,-10,4,10,-10
SR03I-PC-HSTR-11:I,5,-5,3,5,-5
SR03I-PC-HSTR-11:SETI,0,0,4,5,-5
SR03I-PC-HSTR-12:I,5,-5,3,5,-5
SR03I-PC-HSTR-12:SETI,0,0,4,5,-5
SR03I-PC-VSTR-11:I,5,-5,3,5,-5
SR03I-PC-VSTR-11:SETI,0,0,4,5,-5
SR03I-PC-VSTR-12:I,5,-5,3,5,-5
SR03I-PC-VSTR-12:SETI,0,0,4,5,-5
SR04A-PC-HSTR-01:I,5,-5,3,5,-5
SR04A-PC-HSTR-01:SETI,0,0,4,5,-5
SR04A-PC-HSTR-02:I,5,-5,3,5,-5
SR04A-PC-HSTR-02:SETI,0,0,4,5,-5
SR04A-PC-HSTR-03:I,5,-5,3,5,-5
SR04A-PC-HSTR-03:SETI,0,0,4,5,-5
SR04A-PC-HSTR-04:I,5,-5,3,5,-5
SR04A-PC-HSTR-04:SETI,0,0,4,5,-5
SR04A-PC-HSTR-05:I,5,-5,3,5,-5
SR04A-PC-HSTR-05:SETI,0,0,4,5,-5
SR04A-PC-HSTR-06:I,5,-5,3,5,-5
SR04A-PC-HSTR-06:SETI,0,0,4,5,-5
SR04A-PC-HSTR-07:I,5,-5,3,5,-5
SR04A-PC-HSTR-07:SETI,0,0,4,5,-5
SR04A-PC-Q1AB-05:I,200,0,3,200,0
SR04A-PC-Q1AB-05:SETI,0,0,4,200,0
SR04A-PC-Q1AD-06:I,200,0,3,200,0
SR04A-PC-Q1AD-06:SETI,0,0,4,200,0
SR04A-PC-Q1B-01:I,200,0,3,200,0
SR04A-PC-Q1B-01:SETI,0,0,4,200,0
SR04A-PC-Q1D-10:I,200,0,3,200,0
SR04A-PC-Q1D-10:SETI,0,0,4,200,0
SR04A-PC-Q2AB-04:I,200,0,3,200,0
SR04A-PC-Q2AB-04:SETI,0,0,4,200,0
SR04A-PC-Q2AD-07:I,200,0,3,200,0
SR04A-PC-Q2AD-07:SETI,0,0,4,200,0
SR04A-PC-Q2B-02:I,200,0,3,200,0
SR04A-PC-Q2B-02:SETI,0,0,4,200,0
SR04A-PC-Q2D-09:I,200,0,3,200,0
SR04A-PC-Q2D-09:SETI,0,0,4,200,0
SR04A-PC-Q3B-03:I,200,0,3,200,0
SR04A-PC-Q3B-03:SETI,0,0,4,200,0
SR04A-PC-Q3D-08:I,200,0,3,200,0
SR04A-PC-Q3D-08:SETI,0,0,4,200,0
SR04A-PC-S1A-04:I,110,0,3,110,0
SR04A-PC-S1A-04:SETI,0,0,4,110,0
SR04A-PC-S1C-01:I,100,0,3,100,0
SR04A-PC-S1C-01:SETI,0,0,4,100,0
SR04A-PC-S1D-07:I,100,0,3,100,0
SR04A-PC-S1D-07:SETI,0,0,4,100,0
SR04A-PC-S2A-03:I,100,0,3,100,0
SR04A-PC-S2A-03:SETI,0,0,4,100,0
SR04A-PC-S2A-05:I,100,0,3,100,0
SR04A-PC-S2A-05:SETI,0,0,4,100,0
SR04A-PC-S2C-02:I,100,0,3,100,0
SR04A-PC-S2C-02:SETI,0,0,4,100,0
SR04A-PC-S2D-06:I,100,0,3,100,0
SR04A-PC-S2D-06:SETI,0,0,4,100,0
SR04A-PC-SQUAD-01:I,5,-5,3,5,-5
SR04A-PC-SQUAD-01:SETI,0,0,4,5,-5
SR04A-PC-SQUAD-02:I,5,-5,3,5,-5
SR04A-PC-SQUAD-02:SETI,0,0,4,5,-5
SR04A-PC-SQUAD-03:I,5,-5,3,5,-5
SR04A-PC-SQUAD-03:SETI,0,0,4,5,-5
SR04A-PC-SQUAD-04:I,5,-5,3,5,-5
SR04A-PC-SQUAD-04:SETI,0,0,4,5,-5
SR04A-PC-VSTR-01:I,5,-5,3,5,-5
SR04A-PC-VSTR-01:SETI,0,0,4,5,-5
SR04A-PC-VSTR-02:I,5,-5,3,5,-5
SR04A-PC-VSTR-02:SETI,0,0,4,5,-5
SR04A-PC-VSTR-03:I,5,-5,3,5,-5
SR04A-PC-VSTR-03:SETI,0,0,4,5,-5
SR04A-PC-VSTR-04:I,5,-5,3,5,-5
SR04A-PC-VSTR-04:SETI,0,0,4,5,-5
SR04A-PC-VSTR-05:I,5,-5,3,5,-5
SR04A-PC-VSTR-05:SETI,0,0,4,5,-5
SR04A-PC-VSTR-06:I,5,-5,3,5,-5
SR04A-PC-VSTR-06:SETI,0,0,4,5,-5
SR04A-PC-VSTR-07:I,5,-5,3,5,-5
SR04A-PC-VSTR-07:SETI,0,0,4,5,-5
SR04C-DI-EBPM-01:SA:X,10,-10,4,10,-10
SR04C-DI-EBPM-01:SA:Y,10,-10,4,10,-10
SR04C-DI-EBPM-02:SA:X,10,-10,4,10,-10
SR04C-DI-EBPM-02:SA:Y,10,-10,4,10,-10
SR04C-DI-EBPM-03:SA:X,10,-10,4,10,-10
SR04C-DI-EBPM-03:SA:Y,10,-10,4,10,-10
SR04C-DI-EBPM-04:SA:X,10,-10,4,10,-10
SR04C-DI-EBPM-04:SA:Y,10,-10,4,10,-10
SR04C-DI-EBPM-05:SA:X,10,-10,4,10,-10
SR04C-DI-EBPM-05:SA:Y,10,-10,4,10,-10
SR04C-DI-EBPM-06:SA:X,10,-10,4,10,-10
SR04C-DI-EBPM-06:SA:Y,10,-10,4,10,-10
SR04C-DI-EBPM-07:SA:X,10,-10,4,10,-10
SR04C-DI-EBPM-07:SA:Y,10,-10,4,10,-10
SR04I-PC-HSTR-11:I,5,-5,3,5,-5
SR04I-PC-HSTR-11:SETI,0,0,4,5,-5
SR04I-PC-HSTR-12:I,5,-5,3,5,-5
SR04I-PC-HSTR-12:SETI,0,0,4,5,-5
SR04I-PC-VSTR-11:I,5,-5,3,5,-5
SR04I-PC-VSTR-11:SETI,0,0,4,5,-5
SR04I-PC-VSTR-12:I,5,-5,3,5,-5
SR04I-PC-VSTR-12:SETI,0,0,4,5,-5
SR04J-PC-HSTR-11:I,4,-4,3,4,-4
SR04J-PC-HSTR-11:SETI,0,0,4,4,-4
SR04J-PC-HSTR-12:I,4,-4,3,4,-4
SR04J-PC-HSTR-12:SETI,0,0,4,4,-4
SR04J-PC-VSTR-11:I,4,-4,3,4,-4
SR04J-PC-VSTR-11:SETI,0,0,4,4,-4
SR04J-PC-VSTR-12:I,4,-4,3,4,-4
SR04J-PC-VSTR-12:SETI,0,0,4,4,-4
SR05A-PC-HSTR-01:I,5,-5,3,5,-5
SR05A-PC-HSTR-01:SETI,0,0,4,5,-5
SR05A-PC-HSTR-02:I,5,-5,3,5,-5
SR05A-PC-HSTR-02:SETI,0,0,4,5,-5
SR05A-PC-HSTR-03:I,5,-5,3,5,-5
SR05A-PC-HSTR-03:SETI,0,0,4,5,-5
SR05A-PC-HSTR-04:I,5,-5,3,5,-5
SR05A-PC-HSTR-04:SETI,0,0,4,5,-5
SR05A-PC-HSTR-05:I,5,-5,3,5,-5
SR05A-PC-HSTR-05:SETI,0,0,4,5,-5
SR05A-PC-HSTR-06:I,5,-5,3,5,-5
SR05A-PC-HSTR-06:SETI,0,0,4,5,-5
SR05A-PC-HSTR-07:I,5,-5,3,5,-5
SR05A-PC-HSTR-07:SETI,0,0,4,5,-5
SR05A-PC-Q1AB-06:I,200,0,3,200,0
SR05A-PC-Q1AB-06:SETI,0,0,4,200,0
SR05A-PC-Q1AD-05:I,200,0,3,200,0
SR05A-PC-Q1AD-05:SETI,0,0,4,200,0
SR05A-PC-Q1B-10:I,200,0,3,200,0
SR05A-PC-Q1B-10:SETI,0,0,4,200,0
SR05A-PC-Q1D-01:I,200,0,3,200,0
SR05A-PC-Q1D-01:SETI,0,0,4,200,0
SR05A-PC-Q2AB-07:I,200,0,3,200,0
SR05A-PC-Q2AB-07:SETI,0,0,4,200,0
SR05A-PC-Q2AD-04:I,200,0,3,200,0
SR05A-PC-Q2AD-04:SETI,0,0,4,200,0
SR05A-PC-Q2B-09:I,200,0,3,200,0
SR05A-PC-Q2B-09:SETI,0,0,4,200,0
SR05A-PC-Q2D-02:I,200,0,3,200,0
SR05A-PC-Q2D-02:SETI,0,0,4,200,0
SR05A-PC-Q3B-08:I,200,0,3,200,0
SR05A-PC-Q3B-08:SETI,0,0,4,200,0
SR05A-PC-Q3D-03:I,200,0,3,200,0
SR05A-PC-Q3D-03:SETI,0,0,4,200,0
SR05A-PC-S1A-04:I,110,0,3,110,0
SR05A-PC-S1A-04:SETI,0,0,4,110,0
SR05A-PC-S1C-07:I,100,0,3,100,0
SR05A-PC-S1C-07:SETI,0,0,4,100,0
SR05A-PC-S1D-01:I,100,0,3,100,0
SR05A-PC-S1D-01:SETI,0,0,4,100,0
SR05A-PC-S2A-03:I,100,0,3,100,0
SR05A-PC-S2A-03:SETI,0,0,4,100,0
SR05A-PC-S2A-05:I,100,0,3,100,0
SR05A-PC-S2A-05:SETI,0,0,4,100,0
SR05A-PC-S2C-06:I,100,0,3,100,0
SR05A-PC-S2C-06:SETI,0,0,4,100,0
SR05A-PC-S2D-02:I,100,0,3,100,0
SR05A-PC-S2D-02:SETI,0,0,4,100,0
SR05A-PC-SQUAD-01:I,5,-5,3,5,-5
SR05A-PC-SQUAD-01:SETI,0,0,4,5,-5
SR05A-PC-SQUAD-02:I,5,-5,3,5,-5
SR05A-PC-SQUAD-02:SETI,0,0,4,5,-5
SR05A-PC-SQUAD-03:I,5,-5,3,5,-5
SR05A-PC-SQUAD-03:SETI,0,0,4,5,-5
SR05A-PC-SQUAD-04:I,5,-5,3,5,-5
SR05A-PC-SQUAD-04:SETI,0,0,4,5,-5
SR05A-PC-VSTR-01:I,5,-5,3,5,-5
SR05A-PC-VSTR-01:SETI,0,0,4,5,-5
SR05A-PC-VSTR-02:I,5,-5,3,5,-5
SR05A-PC-VSTR-02:SETI,0,0,4,5,-5
SR05A-PC-VSTR-03:I,5,-5,3,5,-5
SR05A-PC-VSTR-03:SETI,0,0,4,5,-5
SR05A-PC-VSTR-04:I,5,-5,3,5,-5
SR05A-PC-VSTR-04:SETI,0,0,4,5,-5
SR05A-PC-VSTR-05:I,5,-5,3,5,-5
SR05A-PC-VSTR-05:SETI,0,0,4,5,-5
SR05A-PC-VSTR-06:I,5,-5,3,5,-5
SR05A-PC-VSTR-06:SETI,0,0,4,5,-5
SR05A-PC-VSTR-07:I,5,-5,3,5,-5
SR05A-PC-VSTR-07:SETI,0,0,4,5,-5
SR05C-DI-EBPM-01:SA:X,10,-10,4,10,-10
SR05C-DI-EBPM-01:SA:Y,10,-10,4,10,-10
SR05C-DI-EBPM-02:SA:X,10,-10,4,10,-10
SR05C-DI-EBPM-02:SA:Y,10,-10,4,10,-10
SR05C-DI-EBPM-03:SA:X,10,-10,4,10,-10
SR05C-DI-EBPM-03:SA:Y,10,-10,4,10,-10
SR05C-DI-EBPM-04:SA:X,10,-10,4,10,-10
SR05C-DI-EBPM-04:SA:Y,10,-10,4,10,-10
SR05C-DI-EBPM-05:SA:X,10,-10,4,10,-10
SR05C-DI-EBPM-05:SA:Y,10,-10,4,10,-10
SR05C-DI-EBPM-06:SA:X,10,-10,4,10,-10
SR05C-DI-EBPM-06:SA:Y,10,-10,4,10,-10
SR05C-DI-EBPM-07:SA:X,10,-10,4,10,-10
SR05C-DI-EBPM-07:SA:Y,10,-10,4,10,-10
SR05I-PC-HSTR-11:I,5,-5,3,5,-5
SR05I-PC-HSTR-11:SETI,0,0,4,5,-5
SR05I-PC-HSTR-12:I,5,-5,3,5,-5
SR05I-PC-HSTR-12:SETI,0,0,4,5,-5
SR05I-PC-VSTR-11:I,5,-5,3,5,-5
SR05I-PC-VSTR-11:SETI,0,0,4,5,-5
SR05I-PC-VSTR-12:I,5,-5,3,5,-5
SR05I-PC-VSTR-12:SETI,0,0,4,5,-5
SR06A-PC-HSTR-01:I,5,-5,3,5,-5
SR06A-PC-HSTR-01:SETI,0,0,4,5,-5
SR06A-PC-HSTR-02:I,5,-5,3,5,-5
SR06A-PC-HSTR-02:SETI,0,0,4,5,-5
SR06A-PC-HSTR-03:I,5,-5,3,5,-5
SR06A-PC-HSTR-03:SETI,0,0,4,5,-5
SR06A-PC-HSTR-04:I,5,-5,3,5,-5
SR06A-PC-HSTR-04:SETI,0,0,4,5,-5
SR06A-PC-HSTR-05:I,5,-5,3,5,-5
SR06A-PC-HSTR-05:SETI,0,0,4,5,-5
SR06A-PC-HSTR-06:I,5,-5,3,5,-5
SR06A-PC-HSTR-06:SETI,0,0,4,5,-5
SR06A-PC-HSTR-07:I,5,-5,3,5,-5
SR06A-PC-HSTR-07:SETI,0,0,4,5,-5
SR06A-PC-Q1AB-05:I,200,0,3,200,0
SR06A-PC-Q1AB-05:SETI,0,0,4,200,0
SR06A-PC-Q1AB-06:I,200,0,3,200,0
SR06A-PC-Q1AB-06:SETI,0,0,4,200,0
SR06A-PC-Q1B-01:I,200,0,3,200,0
SR06A-PC-Q1B-01:SETI,0,0,4,200,0
SR06A-PC-Q1B-10:I,200,0,3,200,0
SR06A-PC-Q1B-10:SETI,0,0,4,200,0
SR06A-PC-Q2AB-04:I,200,0,3,200,0
SR06A-PC-Q2AB-04:SETI,0,0,4,200,0
SR06A-PC-Q2AB-07:I,200,0,3,200,0
SR06A-PC-Q2AB-07:SETI,0,0,4,200,0
SR06A-PC-Q2B-02:I,200,0,3,200,0
SR06A-PC-Q2B-02:SETI,0,0,4,200,0
SR06A-PC-Q2B-09:I,200,0,3,200,0
SR06A-PC-Q2B-09:SETI,0,0,4,200,0
SR06A-PC-Q3B-03:I,200,0,3,200,0
SR06A-PC-Q3B-03:SETI,0,0,4,200,0
SR06A-PC-Q3B-08:I,200,0,3,200,0
SR06A-PC-Q3B-08:SETI,0,0,4,200,0
SR06A-PC-S1A-04:I,110,0,3,110,0
SR06A-PC-S1A-04:SETI,0,0,4,110,0
SR06A-PC-S1B-01:I,100,0,3,100,0
SR06A-PC-S1B-01:SETI,0,0,4,100,0
SR06A-PC-S1B-07:I,100,0,3,100,0
SR06A-PC-S1B-07:SETI,0,0,4,100,0
SR06A-PC-S2A-03:I,100,0,3,100,0
SR06A-PC-S2A-03:SETI,0,0,4,100,0
SR06A-PC-S2A-05:I,100,0,3,100,0
SR06A-PC-S2A-05:SETI,0,0,4,100,0
SR06A-PC-S2B-02:I,100,0,3,100,0
SR06A-PC-S2B-02:SETI,0,0,4,100,0
SR06A-PC-S2B-06:I,100,0,3,100,0
SR06A-PC-S2B-06:SETI,0,0,4,100,0
SR06A-PC-SQUAD-01:I,5,-5,3,5,-5
SR06A-PC-SQUAD-01:SETI,0,0,4,5,-5
SR06A-PC-SQUAD-02:I,5,-5,3,5,-5
SR06A-PC-SQUAD-02:SETI,0,0,4,5,-5
SR06A-PC-SQUAD-03:I,5,-5,3,5,-5
SR06A-PC-SQUAD-03:SETI,0,0,4,5,-5
SR06A-PC-SQUAD-04:I,5,-5,3,5,-5
SR06A-PC-SQUAD-04:SETI,0,0,4,5,-5
SR06A-PC-VSTR-01:I,5,-5,3,5,-5
SR06A-PC-VSTR-01:SETI,0,0,4,5,-5
SR06A-PC-VSTR-02:I,5,-5,3,5,-5
SR06A-PC-VSTR-02:SETI,0,0,4,5,-5
SR06A-PC-VSTR-03:I,5,-5,3,5,-5
SR06A-PC-VSTR-03:SETI,0,0,4,5,-5
SR06A-PC-VSTR-04:I,5,-5,3,5,-5
SR06A-PC-VSTR-04:SETI,0,0,4,5,-5
SR06A-PC-VSTR-05:I,5,-5,3,5,-5
SR06A-PC-VSTR-05:SETI,0,0,4,5,-5
SR06A-PC-VSTR-06:I,5,-5,3,5,-5
SR06A-PC-VSTR-06:SETI,0,0,4,5,-5
SR06A-PC-VSTR-07:I,5,-5,3,5,-5
SR06A-PC-VSTR-07:SETI,0,0,4,5,-5
SR06C-DI-EBPM-01:SA:X,10,-10,4,10,-10
SR06C-DI-EBPM-01:SA:Y,10,-10,4,10,-10
SR06C-DI-EBPM-02:SA:X,10,-10,4,10,-10
SR06C-DI-EBPM-02:SA:Y,10,-10,4,10,-10
SR06C-DI-EBPM-03:SA:X,10,-10,4,10,-10
SR06C-DI-EBPM-03:SA:Y,10,-10,4,10,-10
SR06C-DI-EBPM-04:SA:X,10,-10,4,10,-10
SR06C-DI-EBPM-04:SA:Y,10,-10,4,10,-10
SR06C-DI-EBPM-05:SA:X,10,-10,4,10,-10
SR06C-DI-EBPM-05:SA:Y,10,-10,4,10,-10
SR06C-DI-EBPM-06:SA:X,10,-10,4,10,-10
SR06C-DI-EBPM-06:SA:Y,10,-10,4,10,-10
SR06C-DI-EBPM-07:SA:X,10,-10,4,10,-10
SR06C-DI-EBPM-07:SA:Y,10,-10,4,10,-10
SR06I-PC-HSTR-11:I,5,-5,3,5,-5
SR06I-PC-HSTR-11:SETI,0,0,4,5,-5
SR06I-PC-HSTR-12:I,5,-5,3,5,-5
SR06I-PC-HSTR-12:SETI,0,0,4,5,-5
SR06I-PC-HSTR-21:I,5,-5,3,5,-5
SR06I-PC-HSTR-21:SETI,0,0,4,5,-5
SR06I-PC-HSTR-22:I,5,-5,3,5,-5
SR06I-PC-HSTR-22:SETI,0,0,4,5,-5
SR06I-PC-VSTR-11:I,5,-5,3,5,-5
SR06I-PC-VSTR-11:SETI,0,0,4,5,-5
SR06I-PC-VSTR-12:I,5,-5,3,5,-5
SR06I-PC-VSTR-12:SETI,0,0,4,5,-5
SR06I-PC-VSTR-21:I,5,-5,3,5,-5
SR06I-PC-VSTR-21:SETI,0,0,4,5,-5
SR06I-PC-VSTR-22:I,5,-5,3,5,-5
SR06I-PC-VSTR-22:SETI,0,0,4,5,-5
SR07A-PC-HSTR-01:I,5,-5,3,5,-5
SR07A-PC-HSTR-01:SETI,0,0,4,5,-5
SR07A-PC-HSTR-02:I,5,-5,3,5,-5
SR07A-PC-HSTR-02:SETI,0,0,4,5,-5
SR07A-PC-HSTR-03:I,5,-5,3,5,-5
SR07A-PC-HSTR-03:SETI,0,0,4,5,-5
SR07A-PC-HSTR-04:I,5,-5,3,5,-5
SR07A-PC-HSTR-04:SETI,0,0,4,5,-5
SR07A-PC-HSTR-05:I,5,-5,3,5,-5
SR07A-PC-HSTR-05:SETI,0,0,4,5,-5
SR07A-PC-HSTR-06:I,5,-5,3,5,-5
SR07A-PC-HSTR-06:SETI,0,0,4,5,-5
SR07A-PC-HSTR-07:I,5,-5,3,5,-5
SR07A-PC-HSTR-07:SETI,0,0,4,5,-5
SR07A-PC-Q1AB-05:I,200,0,3,200,0
SR07A-PC-Q1AB-05:SETI,0,0,4,200,0
SR07A-PC-Q1AB-06:I,200,0,3,200,0
SR07A-PC-Q1AB-06:SETI,0,0,4,200,0
SR07A-PC-Q1B-01:I,200,0,3,200,0
SR07A-PC-Q1B-01:SETI,0,0,4,200,0
SR07A-PC-Q1B-10:I,200,0,3,200,0
SR07A-PC-Q1B-10:SETI,0,0,4,200,0
SR07A-PC-Q2AB-04:I,200,0,3,200,0
SR07A-PC-Q2AB-04:SETI,0,0,4,200,0
SR07A-PC-Q2AB-07:I,200,0,3,200,0
SR07A-PC-Q2AB-07:SETI,0,0,4,200,0
SR07A-PC-Q2B-02:I,200,0,3,200,0
SR07A-PC-Q2B-02:SETI,0,0,4,200,0
SR07A-PC-Q2B-09:I,200,0,3,200,0
SR07A-PC-Q2B-09:SETI,0,0,4,200,0
SR07A-PC-Q3B-03:I,200,0,3,200,0
SR07A-PC-Q3B-03:SETI,0,0,4,200,0
SR07A-PC-Q3B-08:I,200,0,3,200,0
SR07A-PC-Q3B-08:SETI,0,0,4,200,0
SR07A-PC-S1A-04:I,110,0,3,110,0
SR07A-PC-S1A-04:SETI,0,0,4,110,0
SR07A-PC-S1B-01:I,100,0,3,100,0
SR07A-PC-S1B-01:SETI,0,0,4,100,0
SR07A-PC-S1B-07:I,100,0,3,100,0
SR07A-PC-S1B-07:SETI,0,0,4,100,0
SR07A-PC-S2A-03:I,100,0,3,100,0
SR07A-PC-S2A-03:SETI,0,0,4,100,0
SR07A-PC-S2A-05:I,100,0,3,100,0
SR07A-PC-S2A-05:SETI,0,0,4,100,0
SR07A-PC-S2B-02:I,100,0,3,100,0
SR07A-PC-S2B-02:SETI,0,0,4,100,0
SR07A-PC-S2B-06:I,100,0,3,100,0
SR07A-PC-S2B-06:SETI,0,0,4,100,0
SR07A-PC-SQUAD-01:I,5,-5,3,5,-5
SR07A-PC-SQUAD-01:SETI,0,0,4,5,-5
SR07A-PC-SQUAD-02:I,5,-5,3,5,-5
SR07A-PC-SQUAD-02:SETI,0,0,4,5,-5
SR07A-PC-SQUAD-03:I,5,-5,3,5,-5
SR07A-PC-SQUAD-03:SETI,0,0,4,5,-5
SR07A-PC-SQUAD-04:I,5,-5,3,5,-5
SR07A-PC-SQUAD-04:SETI,0,0,4,5,-5
SR07A-PC-VSTR-01:I,5,-5,3,5,-5
SR07A-PC-VSTR-01:SETI,0,0,4,5,-5
SR07A-PC-VSTR-02:I,5,-5,3,5,-5
SR07A-PC-VSTR-02:SETI,0,0,4,5,-5
SR07A-PC-VSTR-03:I,5,-5,3,5,-5
SR07A-PC-VSTR-03:SETI,0,0,4,5,-5
SR07A-PC-VSTR-04:I,5,-5,3,5,-5
SR07A-PC-VSTR-04:SETI,0,0,4,5,-5
SR07A-PC-VSTR-05:I,5,-5,3,5,-5
SR07A-PC-VSTR-05:SETI,0,0,4,5,-5
SR07A-PC-VSTR-06:I,5,-5,3,5,-5
SR07A-PC-VSTR-06:SETI,0,0,4,5,-5
SR07A-PC-VSTR-07:I,5,-5,3,5,-5
SR07A-PC-VSTR-07:SETI,0,0,4,5,-5
SR07C-DI-EBPM-01:SA:X,10,-10,4,10,-10
SR07C-DI-EBPM-01:SA:Y,10,-10,4,10,-10
SR07C-DI-EBPM-02:SA:X,10,-10,4,10,-10
SR07C-DI-EBPM-02:SA:Y,10,-10,4,10,-10
SR07C-DI-EBPM-03:SA:X,10,-10,4,10,-10
SR07C-DI-EBPM-03:SA:Y,10,-10,4,10,-10
SR07C-DI-EBPM-04:SA:X,10,-10,4,10,-10
SR07C-DI-EBPM-04:SA:Y,10,-10,4,10,-10
SR07C-DI-EBPM-05:SA:X,10,-10,4,10,-10
SR07C-DI-EBPM-05:SA:Y,10,-10,4,10,-10
SR07C-DI-EBPM-06:SA:X,10,-10,4,10,-10
SR07C-DI-EBPM-06:SA:Y,10,-10,4,10,-10
SR07C-DI-EBPM-07:SA:X,10,-10,4,10,-10
SR07C-DI-EBPM-07:SA:Y,10,-10,4,10,-10
SR07I-PC-HSTR-11:I,5,-5,3,5,-5
SR07I-PC-HSTR-11:SETI,0,0,4,5,-5
SR07I-PC-HSTR-12:I,5,-5,3,5,-5
SR07I-PC-HSTR-12:SETI,0,0,4,5,-5
SR07I-PC-VSTR-11:I,5,-5,3,5,-5
SR07I-PC-VSTR-11:SETI,0,0,4,5,-5
SR07I-PC-VSTR-12:I,5,-5,3,5,-5
SR07I-PC-VSTR-12:SETI,0,0,4,5,-5
SR08A-PC-HSTR-01:I,5,-5,3,5,-5
SR08A-PC-HSTR-01:SETI,0,0,4,5,-5
SR08A-PC-HSTR-02:I,5,-5,3,5,-5
SR08A-PC-HSTR-02:SETI,0,0,4,5,-5
SR08A-PC-HSTR-03:I,5,-5,3,5,-5
SR08A-PC-HSTR-03:SETI,0,0,4,5,-5
SR08A-PC-HSTR-04:I,5,-5,3,5,-5
SR08A-PC-HSTR-04:SETI,0,0,4,5,-5
SR08A-PC-HSTR-05:I,5,-5,3,5,-5
SR08A-PC-HSTR-05:SETI,0,0,4,5,-5
SR08A-PC-HSTR-06:I,5,-5,3,5,-5
SR08A-PC-HSTR-06:SETI,0,0,4,5,-5
SR08A-PC-HSTR-07:I,5,-5,3,5,-5
SR08A-PC-HSTR-07:SETI,0,0,4,5,-5
SR08A-PC-Q1AB-05:I,200,0,3,200,0
SR08A-PC-Q1AB-05:SETI,0,0,4,200,0
SR08A-PC-Q1AD-06:I,200,0,3,200,0
SR08A-PC-Q1AD-06:SETI,0,0,4,200,0
SR08A-PC-Q1B-01:I,200,0,3,200,0
SR08A-PC-Q1B-01:SETI,0,0,4,200,0
SR08A-PC-Q1D-10:I,240,0,3,240,0
SR08A-PC-Q1D-10:SETI,0,0,4,240,0
SR08A-PC-Q2AB-04:I,200,0,3,200,0
SR08A-PC-Q2AB-04:SETI,0,0,4,200,0
SR08A-PC-Q2AD-07:I,200,0,3,200,0
SR08A-PC-Q2AD-07:SETI,0,0,4,200,0
SR08A-PC-Q2B-02:I,200,0,3,200,0
SR08A-PC-Q2B-02:SETI,0,0,4,200,0
SR08A-PC-Q2D-09:I,200,0,3,200,0
SR08A-PC-Q2D-09:SETI,0,0,4,200,0
SR08A-PC-Q3B-03:I,200,0,3,200,0
SR08A-PC-Q3B-03:SETI,0,0,4,200,0
SR08A-PC-Q3D-08:I,200,0,3,200,0
SR08A-PC-Q3D-08:SETI,0,0,4,200,0
SR08A-PC-QUADF-01:I,200,0,3,200,0
SR08A-PC-QUADF-01:SETI,0,0,4,200,0
SR08A-PC-S1A-04:I,110,0,3,110,0
SR08A-PC-S1A-04:SETI,0,0,4,110,0
SR08A-PC-S1C-01:I,100,0,3,100,0
SR08A-PC-S1C-01:SETI,0,0,4,100,0
SR08A-PC-S1D-07:I,100,0,3,100,0
SR08A-PC-S1D-07:SETI,0,0,4,100,0
SR08A-PC-S2A-03:I,100,0,3,100,0
SR08A-PC-S2A-03:SETI,0,0,4,100,0
SR08A-PC-S2A-05:I,100,0,3,100,0
SR08A-PC-S2A-05:SETI,0,0,4,100,0
SR08A-PC-S2C-02:I,100,0,3,100,0
SR08A-PC-S2C-02:SETI,0,0,4,100,0
SR08A-PC-S2D-06:I,100,0,3,100,0
SR08A-PC-S2D-06:SETI,0,0,4,100,0
SR08A-PC-SQUAD-01:I,5,-5,3,5,-5
SR08A-PC-SQUAD-01:SETI,0,0,4,5,-5
SR08A-PC-SQUAD-02:I,5,-5,3,5,-5
SR08A-PC-SQUAD-02:SETI,0,0,4,5,-5
SR08A-PC-SQUAD-03:I,5,-5,3,5,-5
SR08A-PC-SQUAD-03:SETI,0,0,4,5,-5
SR08A-PC-SQUAD-04:I,5,-5,3,5,-5
SR08A-PC-SQUAD-04:SETI,0,0,4,5,-5
SR08A-PC-VSTR-01:I,5,-5,3,5,-5
SR08A-PC-VSTR-01:SETI,0,0,4,5,-5
SR08A-PC-VSTR-02:I,5,-5,3,5,-5
SR08A-PC-VSTR-02:SETI,0,0,4,5,-5
SR08A-PC-VSTR-03:I,5,-5,3,5,-5
SR08A-PC-VSTR-03:SETI,0,0,4,5,-5
SR08A-PC-VSTR-04:I,5,-5,3,5,-5
SR08A-PC-VSTR-04:SETI,0,0,4,5,-5
SR08A-PC-VSTR-05:I,5,-5,3,5,-5
SR08A-PC-VSTR-05:SETI,0,0,4,5,-5
SR08A-PC-VSTR-06:I,5,-5,3,5,-5
SR08A-PC-VSTR-06:SETI,0,0,4,5,-5
SR08A-PC-VSTR-07:I,5,-5,3,5,-5
SR08A-PC-VSTR-07:SETI,0,0,4,5,-5
SR08C-DI-EBPM-01:SA:X,10,-10,4,10,-10
SR08C-DI-EBPM-01:SA:Y,10,-10,4,10,-10
SR08C-DI-EBPM-02:SA:X,10,-10,4,10,-10
SR08C-DI-EBPM-02:SA:Y,10,-10,4,10,-10
SR08C-DI-EBPM-03:SA:X,10,-10,4,10,-10
SR08C-DI-EBPM-03:SA:Y,10,-10,4,10,-10
SR08C-DI-EBPM-04:SA:X,10,-10,4,10,-10
SR08C-DI-EBPM-04:SA:Y,10,-10,4,10,-10
SR08C-DI-EBPM-05:SA:X,10,-10,4,10,-10
SR08C-DI-EBPM-05:SA:Y,10,-10,4,10,-10
SR08C-DI-EBPM-06:SA:X,10,-10,4,10,-10
SR08C-DI-EBPM-06:SA:Y,10,-10,4,10,-10
SR08C-DI-EBPM-07:SA:X,10,-10,4,10,-10
SR08C-DI-EBPM-07:SA:Y,10,-10,4,10,-10
SR08I-PC-HSTR-11:I,5,-5,3,5,-5
SR08I-PC-HSTR-11:SETI,0,0,4,5,-5
SR08I-PC-HSTR-12:I,5,-5,3,5,-5
SR08I-PC-HSTR-12:SETI,0,0,4,5,-5
SR08I-PC-VSTR-11:I,5,-5,3,5,-5
SR08I-PC-VSTR-11:SETI,0,0,4,5,-5
SR08I-PC-VSTR-12:I,5,-5,3,5,-5
SR08I-PC-VSTR-12:SETI,0,0,4,5,-5
SR09A-PC-HSTR-01:I,5,-5,3,5,-5
SR09A-PC-HSTR-01:SETI,0,0,4,5,-5
SR09A-PC-HSTR-02:I,5,-5,3,5,-5
SR09A-PC-HSTR-02:SETI,0,0,4,5,-5
SR09A-PC-HSTR-03:I,5,-5,3,5,-5
SR09A-PC-HSTR-03:SETI,0,0,4,5,-5
SR09A-PC-HSTR-04:I,5,-5,3,5,-5
SR09A-PC-HSTR-04:SETI,0,0,4,5,-5
SR09A-PC-HSTR-05:I,5,-5,3,5,-5
SR09A-PC-HSTR-05:SETI,0,0,4,5,-5
SR09A-PC-HSTR-06:I,5,-5,3,5,-5
SR09A-PC-HSTR-06:SETI,0,0,4,5,-5
SR09A-PC-HSTR-07:I,5,-5,3,5,-5
SR09A-PC-HSTR-07:SETI,0,0,4,5,-5
SR09A-PC-Q1AB-06:I,200,0,3,200,0
SR09A-PC-Q1AB-06:SETI,0,0,4,200,0
SR09A-PC-Q1AD-05:I,200,0,3,200,0
SR09A-PC-Q1AD-05:SETI,0,0,4,200,0
SR09A-PC-Q1B-10:I,200,0,3,200,0
SR09A-PC-Q1B-10:SETI,0,0,4,200,0
SR09A-PC-Q1D-01:I,200,0,3,200,0
SR09A-PC-Q1D-01:SETI,0,0,4,200,0
SR09A-PC-Q2AB-07:I,200,0,3,200,0
SR09A-PC-Q2AB-07:SETI,0,0,4,200,0
SR09A-PC-Q2AD-04:I,200,0,3,200,0
SR09A-PC-Q2AD-04:SETI,0,0,4,200,0
SR09A-PC-Q2B-09:I,200,0,3,200,0
SR09A-PC-Q2B-09:SETI,0,0,4,200,0
SR09A-PC-Q2D-02:I,200,0,3,200,0
SR09A-PC-Q2D-02:SETI,0,0,4,200,0
SR09A-PC-Q3B-08:I,200,0,3,200,0
SR09A-PC-Q3B-08:SETI,0,0,4,200,0
SR09A-PC-Q3D-03:I,200,0,3,200,0
SR09A-PC-Q3D-03:SETI,0,0,4,200,0
SR09A-PC-QUADF-04:I,200,0,3,200,0
SR09A-PC-QUADF-04:SETI,0,0,4,200,0
SR09A-PC-S1A-04:I,110,0,3,110,0
SR09A-PC-S1A-04:SETI,0,0,4,110,0
SR09A-PC-S1C-07:I,70,0,3,70,0
SR09A-PC-S1C-07:SETI,0,0,4,70,0
SR09A-PC-S1D-01:I,100,0.100000001490116,3,100,0.100000001490116
SR09A-PC-S1D-01:SETI,0,0.100000001490116,4,100,0.100000001490116
SR09A-PC-S2A-03:I,100,0,3,100,0
SR09A-PC-S2A-03:SETI,0,0,4,100,0
SR09A-PC-S2A-05:I,100,0,3,100,0
SR09A-PC-S2A-05:SETI,0,0,4,100,0
SR09A-PC-S2C-06:I,100,0,3,100,0
SR09A-PC-S2C-06:SETI,0,0,4,100,0
SR09A-PC-S2D-02:I,100,0,3,100,0
SR09A-PC-S2D-02:SETI,0,0,4,100,0
SR09A-PC-SQUAD-01:I,5,-5,3,5,-5
SR09A-PC-SQUAD-01:SETI,0,0,4,5,-5
SR09A-PC-SQUAD-02:I,5,-5,3,5,-5
SR09A-PC-SQUAD-02:SETI,0,0,4,5,-5
SR09A-PC-SQUAD-03:I,5,-5,3,5,-5
SR09A-PC-SQUAD-03:SETI,0,0,4,5,-5
SR09A-PC-SQUAD-04:I,5,-5,3,5,-5
SR09A-PC-SQUAD-04:SETI,0,0,4,5,-5
SR09A-PC-VSTR-01:I,5,-5,3,5,-5
SR09A-PC-VSTR-01:SETI,0,0,4,5,-5
SR09A-PC-VSTR-02:I,5,-5,3,5,-5
SR09A-PC-VSTR-02:SETI,0,0,4,5,-5
SR09A-PC-VSTR-03:I,5,-5,3,5,-5
SR09A-PC-VSTR-03:SETI,0,0,4,5,-5
SR09A-PC-VSTR-04:I,5,-5,3,5,-5
SR09A-PC-VSTR-04:SETI,0,0,4,5,-5
SR09A-PC-VSTR-05:I,5,-5,3,5,-5
SR09A-PC-VSTR-05:SETI,0,0,4,5,-5
SR09A-PC-VSTR-06:I,5,-5,3,5,-5
SR09A-PC-VSTR-06:SETI,0,0,4,5,-5
SR09A-PC-VSTR-07:I,5,-5,3,5,-5
SR09A-PC-VSTR-07:SETI,0,0,4,5,-5
SR09C-DI-EBPM-01:SA:X,10,-10,4,10,-10
SR09C-DI-EBPM-01:SA:Y,10,-10,4,10,-10
SR09C-DI-EBPM-02:SA:X,10,-10,4,10,-10
SR09C-DI-EBPM-02:SA:Y,10,-10,4,10,-10
SR09C-DI-EBPM-03:SA:X,10,-10,4,10,-10
SR09C-DI-EBPM-03:SA:Y,10,-10,4,10,-10
SR09C-DI-EBPM-04:SA:X,10,-10,4,10,-10
SR09C-DI-EBPM-04:SA:Y,10,-10,4,10,-10
SR09C-DI-EBPM-05:SA:X,10,-10,4,10,-10
SR09C-DI-EBPM-05:SA:Y,10,-10,4,10,-10
SR09C-DI-EBPM-06:SA:X,10,-10,4,10,-10
SR09C-DI-EBPM-06:SA:Y,10,-10,4,10,-10
SR09C-DI-EBPM-07:SA:X,10,-10,4,10,-10
SR09C-DI-EBPM-07:SA:Y,10,-10,4,10,-10
SR09I-PC-HSTR-11:I,5,-5,3,5,-5
SR09I-PC-HSTR-11:SETI,0,0,4,5,-5
SR09I-PC-HSTR-12:I,5,-5,3,5,-5
SR09I-PC-HSTR-12:SETI,0,0,4,5,-5
SR09I-PC-VSTR-11:I,5,-5,3,5,-5
SR09I-PC-VSTR-11:SETI,0,0,4,5,-5
SR09I-PC-VSTR-12:I,5,-5,3,5,-5
SR09I-PC-VSTR-12:SETI,0,0,4,5,-5
SR09J-PC-HSTR-11:I,5,-5,3,5,-5
SR09J-PC-HSTR-11:SETI,0,0,4,5,-5
SR09J-PC-HSTR-12:I,5,-5,3,5,-5
SR09J-PC-HSTR-12:SETI,0,0,4,5,-5
SR09J-PC-VSTR-11:I,5,-5,3,5,-5
SR09J-PC-VSTR-11:SETI,0,0,4,5,-5
SR09J-PC-VSTR-12:I,5,-5,3,5,-5
SR09J-PC-VSTR-12:SETI,0,0,4,5,-5
SR09S-DI-EBPM-01:SA:X,10,-10,4,10,-10
SR09S-DI-EBPM-01:SA:Y,10,-10,4,10,-10
SR09S-DI-EBPM-02:SA:X,10,-10,4,10,-10
SR09S-DI-EBPM-02:SA:Y,10,-10,4,10,-10
SR09S-PC-HSTR-01:I,5,-5,3,5,-5
SR09S-PC-HSTR-01:SETI,0,0,4,5,-5
SR09S-PC-HSTR-02:I,18.5,-18.5,3,18.5,-18.5
SR09S-PC-HSTR-02:SETI,0,0,4,18.5,-18.5
SR09S-PC-QUADD-02:I,200,0,3,200,0
SR09S-PC-QUADD-02:SETI,0,0,4,200,0
SR09S-PC-QUADF-03:I,200,0,3,200,0
SR09S-PC-QUADF-03:SETI,0,0,4,200,0
SR09S-PC-VSTR-01:I,5,-5,3,5,-5
SR09S-PC-VSTR-01:SETI,0,0,4,5,-5
SR09S-PC-VSTR-02:I,18.5,-18.5,3,18.5,-18.5
SR09S-PC-VSTR-02:SETI,0,0,4,18.5,-18.5
SR10A-PC-HSTR-01:I,5,-5,3,5,-5
SR10A-PC-HSTR-01:SETI,0,0,4,5,-5
SR10A-PC-HSTR-02:I,5,-5,3,5,-5
SR10A-PC-HSTR-02:SETI,0,0,4,5,-5
SR10A-PC-HSTR-03:I,5,-5,3,5,-5
SR10A-PC-HSTR-03:SETI,0,0,4,5,-5
SR10A-PC-HSTR-04:I,5,-5,3,5,-5
SR10A-PC-HSTR-04:SETI,0,0,4,5,-5
SR10A-PC-HSTR-05:I,5,-5,3,5,-5
SR10A-PC-HSTR-05:SETI,0,0,4,5,-5
SR10A-PC-HSTR-06:I,5,-5,3,5,-5
SR10A-PC-HSTR-06:SETI,0,0,4,5,-5
SR10A-PC-HSTR-07:I,5,-5,3,5,-5
SR10A-PC-HSTR-07:SETI,0,0,4,5,-5
SR10A-PC-Q1AB-05:I,200,0,3,200,0
SR10A-PC-Q1AB-05:SETI,0,0,4,200,0
SR10A-PC-Q1AB-06:I,200,0,3,200,0
SR10A-PC-Q1AB-06:SETI,0,0,4,200,0
SR10A-PC-Q1B-01:I,200,0,3,200,0
SR10A-PC-Q1B-01:SETI,0,0,4,200,0
SR10A-PC-Q1B-10:I,200,0,3,200,0
SR10A-PC-Q1B-10:SETI,0,0,4,200,0
SR10A-PC-Q2AB-04:I,200,0,3,200,0
SR10A-PC-Q2AB-04:SETI,0,0,4,200,0
SR10A-PC-Q2AB-07:I,200,0,3,200,0
SR10A-PC-Q2AB-07:SETI,0,0,4,200,0
SR10A-PC-Q2B-02:I,200,0,3,200,0
SR10A-PC-Q2B-02:SETI,0,0,4,200,0
SR10A-PC-Q2B-09:I,200,0,3,200,0
SR10A-PC-Q2B-09:SETI,0,0,4,200,0
SR10A-PC-Q3B-03:I,200,0,3,200,0
SR10A-PC-Q3B-03:SETI,0,0,4,200,0
SR10A-PC-Q3B-08:I,200,0,3,200,0
SR10A-PC-Q3B-08:SETI,0,0,4,200,0
SR10A-PC-S1A-04:I,110,0,3,110,0
SR10A-PC-S1A-04:SETI,0,0,4,110,0
SR10A-PC-S1B-01:I,100,0,3,100,0
SR10A-PC-S1B-01:SETI,0,0,4,100,0
SR10A-PC-S1B-07:I,100,0,3,100,0
SR10A-PC-S1B-07:SETI,0,0,4,100,0
SR10A-PC-S2A-03:I,100,0,3,100,0
SR10A-PC-S2A-03:SETI,0,0,4,100,0
SR10A-PC-S2A-05:I,100,0,3,100,0
SR10A-PC-S2A-05:SETI,0,0,4,100,0
SR10A-PC-S2B-02:I,100,0,3,100,0
SR10A-PC-S2B-02:SETI,0,0,4,100,0
SR10A-PC-S2B-06:I,100,0,3,100,0
SR10A-PC-S2B-06:SETI,0,0,4,100,0
SR10A-PC-SQUAD-01:I,5,-5,3,5,-5
SR10A-PC-SQUAD-01:SETI,0,0,4,5,-5
SR10A-PC-SQUAD-02:I,5,-5,3,5,-5
SR10A-PC-SQUAD-02:SETI,0,0,4,5,-5
SR10A-PC-SQUAD-03:I,5,-5,3,5,-5
SR10A-PC-SQUAD-03:SETI,0,0,4,5,-5
SR10A-PC-SQUAD-04:I,5,-5,3,5,-5
SR10A-PC-SQUAD-04:SETI,0,0,4,5,-5
SR10A-PC-VSTR-01:I,5,-5,3,5,-5
SR10A-PC-VSTR-01:SETI,0,0,4,5,-5
SR10A-PC-VSTR-02:I,5,-5,3,5,-5
SR10A-PC-VSTR-02:SETI,0,0,4,5,-5
SR10A-PC-VSTR-03:I,5,-5,3,5,-5
SR10A-PC-VSTR-03:SETI,0,0,4,5,-5
SR10A-PC-VSTR-04:I,5,-5,3,5,-5
SR10A-PC-VSTR-04:SETI,0,0,4,5,-5
SR10A-PC-VSTR-05:I,5,-5,3,5,-5
SR10A-PC-VSTR-05:SETI,0,0,4,5,-5
SR10A-PC-VSTR-06:I,5,-5,3,5,-5
SR10A-PC-VSTR-06:SETI,0,0,4,5,-5
SR10A-PC-VSTR-07:I,5,-5,3,5,-5
SR10A-PC-VSTR-07:SETI,0,0,4,5,-5
SR10C-DI-EBPM-01:SA:X,10,-10,4,10,-10
SR10C-DI-EBPM-01:SA:Y,10,-10,4,10,-10
SR10C-DI-EBPM-02:SA:X,10,-10,4,10,-10
SR10C-DI-EBPM-02:SA:Y,10,-10,4,10,-10
SR10C-DI-EBPM-03:SA:X,10,-10,4,10,-10
SR10C-DI-EBPM-03:SA:Y,10,-10,4,10,-10
SR10C-DI-EBPM-04:SA:X,10,-10,4,10,-10
SR10C-DI-EBPM-04:SA:Y,10,-10,4,10,-10
SR10C-DI-EBPM-05:SA:X,10,-10,4,10,-10
SR10C-DI-EBPM-05:SA:Y,10,-10,4,10,-10
SR10C-DI-EBPM-06:SA:X,10,-10,4,10,-10
SR10C-DI-EBPM-06:SA:Y,10,-10,4,10,-10
SR10C-DI-EBPM-07:SA:X,10,-10,4,10,-10
SR10C-DI-EBPM-07:SA:Y,10,-10,4,10,-10
SR10I-PC-HSTR-11:I,5,-5,3,5,-5
SR10I-PC-HSTR-11:SETI,0,0,4,5,-5
SR10I-PC-HSTR-12:I,5,-5,3,5,-5
SR10I-PC-HSTR-12:SETI,0,0,4,5,-5
SR10I-PC-HSTR-21:I,5,-5,3,5,-5
SR10I-PC-HSTR-21:SETI,0,0,4,5,-5
SR10I-PC-HSTR-22:I,5,-5,3,5,-5
SR10I-PC-HSTR-22:SETI,0,0,4,5,-5
SR10I-PC-VSTR-11:I,5,-5,3,5,-5
SR10I-PC-VSTR-11:SETI,0,0,4,5,-5
SR10I-PC-VSTR-12:I,5,-5,3,5,-5
SR10I-PC-VSTR-12:SETI,0,0,4,5,-5
SR10I-PC-VSTR-21:I,5,-5,3,5,-5
SR10I-PC-VSTR-21:SETI,0,0,4,5,-5
SR10I-PC-VSTR-22:I,5,-5,3,5,-5
SR10I-PC-VSTR-22:SETI,0,0,4,5,-5
SR11A-PC-HSTR-01:I,5,-5,3,5,-5
SR11A-PC-HSTR-01:SETI,0,0,4,5,-5
SR11A-PC-HSTR-02:I,5,-5,3,5,-5
SR11A-PC-HSTR-02:SETI,0,0,4,5,-5
SR11A-PC-HSTR-03:I,5,-5,3,5,-5
SR11A-PC-HSTR-03:SETI,0,0,4,5,-5
SR11A-PC-HSTR-04:I,5,-5,3,5,-5
SR11A-PC-HSTR-04:SETI,0,0,4,5,-5
SR11A-PC-HSTR-06:I,5,-5,3,5,-5
SR11A-PC-HSTR-06:SETI,0,0,4,5,-5
SR11A-PC-HSTR-07:I,5,-5,3,5,-5
SR11A-PC-HSTR-07:SETI,0,0,4,5,-5
SR11A-PC-Q1AB-05:I,200,0,3,200,0
SR11A-PC-Q1AB-05:SETI,0,0,4,200,0
SR11A-PC-Q1AB-06:I,200,0,3,200,0
SR11A-PC-Q1AB-06:SETI,0,0,4,200,0
SR11A-PC-Q1B-01:I,200,0,3,200,0
SR11A-PC-Q1B-01:SETI,0,0,4,200,0
SR11A-PC-Q1B-10:I,200,0,3,200,0
SR11A-PC-Q1B-10:SETI,0,0,4,200,0
SR11A-PC-Q2AB-04:I,200,0,3,200,0
SR11A-PC-Q2AB-04:SETI,0,0,4,200,0
SR11A-PC-Q2AB-07:I,200,0,3,200,0
SR11A-PC-Q2AB-07:SETI,0,0,4,200,0
SR11A-PC-Q2B-02:I,200,0,3,200,0
SR11A-PC-Q2B-02:SETI,0,0,4,200,0
SR11A-PC-Q2B-09:I,200,0,3,200,0
SR11A-PC-Q2B-09:SETI,0,0,4,200,0
SR11A-PC-Q3B-03:I,200,0,3,200,0
SR11A-PC-Q3B-03:SETI,0,0,4,200,0
SR11A-PC-Q3B-08:I,200,0,3,200,0
SR11A-PC-Q3B-08:SETI,0,0,4,200,0
SR11A-PC-S1A-04:I,110,0,3,110,0
SR11A-PC-S1A-04:SETI,0,0,4,110,0
SR11A-PC-S1B-01:I,100,0,3,100,0
SR11A-PC-S1B-01:SETI,0,0,4,100,0
SR11A-PC-S1B-07:I,100,0,3,100,0
SR11A-PC-S1B-07:SETI,0,0,4,100,0
SR11A-PC-S2A-03:I,200,0,3,200,0
SR11A-PC-S2A-03:SETI,0,0,4,200,0
SR11A-PC-S2B-02:I,100,0,3,100,0
SR11A-PC-S2B-02:SETI,0,0,4,100,0
SR11A-PC-S2B-06:I,100,0,3,100,0
SR11A-PC-S2B-06:SETI,0,0,4,100,0
SR11A-PC-SQUAD-01:I,5,-5,3,5,-5
SR11A-PC-SQUAD-01:SETI,0,0,4,5,-5
SR11A-PC-SQUAD-02:I,5,-5,3,5,-5
SR11A-PC-SQUAD-02:SETI,0,0,4,5,-5
SR11A-PC-SQUAD-03:I,5,-5,3,5,-5
SR11A-PC-SQUAD-03:SETI,0,0,4,5,-5
SR11A-PC-SQUAD-04:I,5,-5,3,5,-5
SR11A-PC-SQUAD-04:SETI,0,0,4,5,-5
SR11A-PC-VSTR-01:I,5,-5,3,5,-5
SR11A-PC-VSTR-01:SETI,0,0,4,5,-5
SR11A-PC-VSTR-02:I,5,-5,3,5,-5
SR11A-PC-VSTR-02:SETI,0,0,4,5,-5
SR11A-PC-VSTR-03:I,5,-5,3,5,-5
SR11A-PC-VSTR-03:SETI,0,0,4,5,-5
SR11A-PC-VSTR-04:I,5,-5,3,5,-5
SR11A-PC-VSTR-04:SETI,0,0,4,5,-5
SR11A-PC-VSTR-06:I,5,-5,3,5,-5
SR11A-PC-VSTR-06:SETI,0,0,4,5,-5
SR11A-PC-VSTR-07:I,5,-5,3,5,-5
SR11A-PC-VSTR-07:SETI,0,0,4,5,-5
SR11C-DI-EBPM-01:SA:X,10,-10,4,10,-10
SR11C-DI-EBPM-01:SA:Y,10,-10,4,10,-10
SR11C-DI-EBPM-02:SA:X,10,-10,4,10,-10
SR11C-DI-EBPM-02:SA:Y,10,-10,4,10,-10
SR11C-DI-EBPM-03:SA:X,10,-10,4,10,-10
SR11C-DI-EBPM-03:SA:Y,10,-10,4,10,-10
SR11C-DI-EBPM-04:SA:X,10,-10,4,10,-10
SR11C-DI-EBPM-04:SA:Y,10,-10,4,10,-10
SR11C-DI-EBPM-05:SA:X,10,-10,4,10,-10
SR11C-DI-EBPM-05:SA:Y,10,-10,4,10,-10
SR11C-DI-EBPM-06:SA:X,10,-10,4,10,-10
SR11C-DI-EBPM-06:SA:Y,10,-10,4,10,-10
SR11C-DI-EBPM-07:SA:X,10,-10,4,10,-10
SR11C-DI-EBPM-07:SA:Y,10,-10,4,10,-10
SR11I-PC-HSTR-11:I,5,-5,3,5,-5
SR11I-PC-HSTR-11:SETI,0,0,4,5,-5
SR11I-PC-HSTR-12:I,5,-5,3,5,-5
SR11I-PC-HSTR-12:SETI,0,0,4,5,-5
SR11I-PC-VSTR-11:I,5,-5,3,5,-5
SR11I-PC-VSTR-11:SETI,0,0,4,5,-5
SR11I-PC-VSTR-12:I,5,-5,3,5,-5
SR11I-PC-VSTR-12:SETI,0,0,4,5,-5
SR12A-PC-HSTR-01:I,5,-5,3,5,-5
SR12A-PC-HSTR-01:SETI,0,0,4,5,-5
SR12A-PC-HSTR-02:I,5,-5,3,5,-5
SR12A-PC-HSTR-02:SETI,0,0,4,5,-5
SR12A-PC-HSTR-03:I,5,-5,3,5,-5
SR12A-PC-HSTR-03:SETI,0,0,4,5,-5
SR12A-PC-HSTR-04:I,5,-5,3,5,-5
SR12A-PC-HSTR-04:SETI,0,0,4,5,-5
SR12A-PC-HSTR-05:I,5,-5,3,5,-5
SR12A-PC-HSTR-05:SETI,0,0,4,5,-5
SR12A-PC-HSTR-06:I,5,-5,3,5,-5
SR12A-PC-HSTR-06:SETI,0,0,4,5,-5
SR12A-PC-HSTR-07:I,5,-5,3,5,-5
SR12A-PC-HSTR-07:SETI,0,0,4,5,-5
SR12A-PC-Q1AB-05:I,200,0,3,200,0
SR12A-PC-Q1AB-05:SETI,0,0,4,200,0
SR12A-PC-Q1AD-06:I,200,0,3,200,0
SR12A-PC-Q1AD-06:SETI,0,0,4,200,0
SR12A-PC-Q1B-01:I,200,0,3,200,0
SR12A-PC-Q1B-01:SETI,0,0,4,200,0
SR12A-PC-Q1D-10:I,240,0,3,240,0
SR12A-PC-Q1D-10:SETI,0,0,4,240,0
SR12A-PC-Q2AB-04:I,200,0,3,200,0
SR12A-PC-Q2AB-04:SETI,0,0,4,200,0
SR12A-PC-Q2AD-07:I,200,0,3,200,0
SR12A-PC-Q2AD-07:SETI,0,0,4,200,0
SR12A-PC-Q2B-02:I,200,0,3,200,0
SR12A-PC-Q2B-02:SETI,0,0,4,200,0
SR12A-PC-Q2D-09:I,200,0,3,200,0
SR12A-PC-Q2D-09:SETI,0,0,4,200,0
SR12A-PC-Q3B-03:I,200,0,3,200,0
SR12A-PC-Q3B-03:SETI,0,0,4,200,0
SR12A-PC-Q3D-08:I,200,0,3,200,0
SR12A-PC-Q3D-08:SETI,0,0,4,200,0
SR12A-PC-QUADF-01:I,200,0,3,200,0
SR12A-PC-QUADF-01:SETI,0,0,4,200,0
SR12A-PC-S1A-04:I,110,0,3,110,0
SR12A-PC-S1A-04:SETI,0,0,4,110,0
SR12A-PC-S1C-01:I,100,0,3,100,0
SR12A-PC-S1C-01:SETI,0,0,4,100,0
SR12A-PC-S1D-07:I,100,0,3,100,0
SR12A-PC-S1D-07:SETI,0,0,4,100,0
SR12A-PC-S2A-03:I,100,0,3,100,0
SR12A-PC-S2A-03:SETI,0,0,4,100,0
SR12A-PC-S2A-05:I,100,0,3,100,0
SR12A-PC-S2A-05:SETI,0,0,4,100,0
SR12A-PC-S2C-02:I,100,0,3,100,0
SR12A-PC-S2C-02:SETI,0,0,4,100,0
SR12A-PC-S2D-06:I,100,0,3,100,0
SR12A-PC-S2D-06:SETI,0,0,4,100,0
SR12A-PC-SQUAD-01:I,5,-5,3,5,-5
SR12A-PC-SQUAD-01:SETI,0,0,4,5,-5
SR12A-PC-SQUAD-02:I,5,-5,3,5,-5
SR12A-PC-SQUAD-02:SETI,0,0,4,5,-5
SR12A-PC-SQUAD-03:I,5,-5,3,5,-5
SR12A-PC-SQUAD-03:SETI,0,0,4,5,-5
SR12A-PC-SQUAD-04:I,5,-5,3,5,-5
SR12A-PC-SQUAD-04:SETI,0,0,4,5,-5
SR12A-PC-VSTR-01:I,5,-5,3,5,-5
SR12A-PC-VSTR-01:SETI,0,0,4,5,-5
SR12A-PC-VSTR-02:I,5,-5,3,5,-5
SR12A-PC-VSTR-02:SETI,0,0,4,5,-5
SR12A-PC-VSTR-03:I,5,-5,3,5,-5
SR12A-PC-VSTR-03:SETI,0,0,4,5,-5
SR12A-PC-VSTR-04:I,5,-5,3,5,-5
SR12A-PC-VSTR-04:SETI,0,0,4,5,-5
SR12A-PC-VSTR-05:I,5,-5,3,5,-5
SR12A-PC-VSTR-05:SETI,0,0,4,5,-5
SR12A-PC-VSTR-06:I,5,-5,3,5,-5
SR12A-PC-VSTR-06:SETI,0,0,4,5,-5
SR12A-PC-VSTR-07:I,5,-5,3,5,-5
SR12A-PC-VSTR-07:SETI,0,0,4,5,-5
SR12C-DI-EBPM-01:SA:X,10,-10,4,10,-10
SR12C-DI-EBPM-01:SA:Y,10,-10,4,10,-10
SR12C-DI-EBPM-02:SA:X,10,-10,4,10,-10
SR12C-DI-EBPM-02:SA:Y,10,-10,4,10,-10
SR12C-DI-EBPM-03:SA:X,10,-10,4,10,-10
SR12C-DI-EBPM-03:SA:Y,10,-10,4,10,-10
SR12C-DI-EBPM-04:SA:X,10,-10,4,10,-10
SR12C-DI-EBPM-04:SA:Y,10,-10,4,10,-10
SR12C-DI-EBPM-05:SA:X,10,-10,4,10,-10
SR12C-DI-EBPM-05:SA:Y,10,-10,4,10,-10
SR12C-DI-EBPM-06:SA:X,10,-10,4,10,-10
SR12C-DI-EBPM-06:SA:Y,10,-10,4,10,-10
SR12C-DI-EBPM-07:SA:X,10,-10,4,10,-10
SR12C-DI-EBPM-07:SA:Y,10,-10,4,10,-10
SR12I-PC-HSTR-11:I,5,-5,3,5,-5
SR12I-PC-HSTR-11:SETI,0,0,4,5,-5
SR12I-PC-HSTR-12:I,5,-5,3,5,-5
SR12I-PC-HSTR-12:SETI,0,0,4,5,-5
SR12I-PC-VSTR-11:I,5,-5,3,5,-5
SR12I-PC-VSTR-11:SETI,0,0,4,5,-5
SR12I-PC-VSTR-12:I,5,-5,3,5,-5
SR12I-PC-VSTR-12:SETI,0,0,4,5,-5
SR13A-PC-HSTR-01:I,5,-5,3,5,-5
SR13A-PC-HSTR-01:SETI,0,0,4,5,-5
SR13A-PC-HSTR-02:I,5,-5,3,5,-5
SR13A-PC-HSTR-02:SETI,0,0,4,5,-5
SR13A-PC-HSTR-03:I,5,-5,3,5,-5
SR13A-PC-HSTR-03:SETI,0,0,4,5,-5
SR13A-PC-HSTR-04:I,5,-5,3,5,-5
SR13A-PC-HSTR-04:SETI,0,0,4,5,-5
SR13A-PC-HSTR-05:I,5,-5,3,5,-5
SR13A-PC-HSTR-05:SETI,0,0,4,5,-5
SR13A-PC-HSTR-06:I,5,-5,3,5,-5
SR13A-PC-HSTR-06:SETI,0,0,4,5,-5
SR13A-PC-HSTR-07:I,5,-5,3,5,-5
SR13A-PC-HSTR-07:SETI,0,0,4,5,-5
SR13A-PC-Q1AB-06:I,200,0,3,200,0
SR13A-PC-Q1AB-06:SETI,0,0,4,200,0
SR13A-PC-Q1AD-05:I,200,0,3,200,0
SR13A-PC-Q1AD-05:SETI,0,0,4,200,0
SR13A-PC-Q1B-10:I,200,0,3,200,0
SR13A-PC-Q1B-10:SETI,0,0,4,200,0
SR13A-PC-Q1D-01:I,200,0,3,200,0
SR13A-PC-Q1D-01:SETI,0,0,4,200,0
SR13A-PC-Q2AB-07:I,200,0,3,200,0
SR13A-PC-Q2AB-07:SETI,0,0,4,200,0
SR13A-PC-Q2AD-04:I,200,0,3,200,0
SR13A-PC-Q2AD-04:SETI,0,0,4,200,0
SR13A-PC-Q2B-09:I,200,0,3,200,0
SR13A-PC-Q2B-09:SETI,0,0,4,200,0
SR13A-PC-Q2D-02:I,200,0,3,200,0
SR13A-PC-Q2D-02:SETI,0,0,4,200,0
SR13A-PC-Q3B-08:I,200,0,3,200,0
SR13A-PC-Q3B-08:SETI,0,0,4,200,0
SR13A-PC-Q3D-03:I,200,0,3,200,0
SR13A-PC-Q3D-03:SETI,0,0,4,200,0
SR13A-PC-QUADF-04:I,200,0,3,200,0
SR13A-PC-QUADF-04:SETI,0,0,4,200,0
SR13A-PC-S1A-04:I,110,0,3,110,0
SR13A-PC-S1A-04:SETI,0,0,4,110,0
SR13A-PC-S1C-07:I,100,0,3,100,0
SR13A-PC-S1C-07:SETI,0,0,4,100,0
SR13A-PC-S1D-01:I,100,0,3,100,0
SR13A-PC-S1D-01:SETI,0,0,4,100,0
SR13A-PC-S2A-03:I,100,0,3,100,0
SR13A-PC-S2A-03:SETI,0,0,4,100,0
SR13A-PC-S2A-05:I,100,0,3,100,0
SR13A-PC-S2A-05:SETI,0,0,4,100,0
SR13A-PC-S2C-06:I,100,0,3,100,0
SR13A-PC-S2C-06:SETI,0,0,4,100,0
SR13A-PC-S2D-02:I,100,0,3,100,0
SR13A-PC-S2D-02:SETI,0,0,4,100,0
SR13A-PC-SQUAD-01:I,5,-5,3,5,-5
SR13A-PC-SQUAD-01:SETI,0,0,4,5,-5
SR13A-PC-SQUAD-02:I,5,-5,3,5,-5
SR13A-PC-SQUAD-02:SETI,0,0,4,5,-5
SR13A-PC-SQUAD-03:I,5,-5,3,5,-5
SR13A-PC-SQUAD-03:SETI,0,0,4,5,-5
SR13A-PC-SQUAD-04:I,5,-5,3,5,-5
SR13A-PC-SQUAD-04:SETI,0,0,4,5,-5
SR13A-PC-VSTR-01:I,5,-5,3,5,-5
SR13A-PC-VSTR-01:SETI,0,0,4,5,-5
SR13A-PC-VSTR-02:I,5,-5,3,5,-5
SR13A-PC-VSTR-02:SETI,0,0,4,5,-5
SR13A-PC-VSTR-03:I,5,-5,3,5,-5
SR13A-PC-VSTR-03:SETI,0,0,4,5,-5
SR13A-PC-VSTR-04:I,5,-5,3,5,-5
SR13A-PC-VSTR-04:SETI,0,0,4,5,-5
SR13A-PC-VSTR-05:I,5,-5,3,5,-5
SR13A-PC-VSTR-05:SETI,0,0,4,5,-5
SR13A-PC-VSTR-06:I,5,-5,3,5,-5
SR13A-PC-VSTR-06:SETI,0,0,4,5,-5
SR13A-PC-VSTR-07:I,5,-5,3,5,-5
SR13A-PC-VSTR-07:SETI,0,0,4,5,-5
SR13C-DI-EBPM-01:SA:X,10,-10,4,10,-10
SR13C-DI-EBPM-01:SA:Y,10,-10,4,10,-10
SR13C-DI-EBPM-02:SA:X,10,-10,4,10,-10
SR13C-DI-EBPM-02:SA:Y,10,-10,4,10,-10
SR13C-DI-EBPM-03:SA:X,10,-10,4,10,-10
SR13C-DI-EBPM-03:SA:Y,10,-10,4,10,-10
SR13C-DI-EBPM-04:SA:X,10,-10,4,10,-10
SR13C-DI-EBPM-04:SA:Y,10,-10,4,10,-10
SR13C-DI-EBPM-05:SA:X,10,-10,4,10,-10
SR13C-DI-EBPM-05:SA:Y,10,-10,4,10,-10
SR13C-DI-EBPM-06:SA:X,10,-10,4,10,-10
SR13C-DI-EBPM-06:SA:Y,10,-10,4,10,-10
SR13C-DI-EBPM-07:SA:X,10,-10,4,10,-10
SR13C-DI-EBPM-07:SA:Y,10,-10,4,10,-10
SR13I-PC-HSTR-11:I,5,-5,3,5,-5
SR13I-PC-HSTR-11:SETI,0,0,4,5,-5
SR13I-PC-HSTR-12:I,5,-5,3,5,-5
SR13I-PC-HSTR-12:SETI,0,0,4,5,-5
SR13I-PC-VSTR-11:I,5,-5,3,5,-5
SR13I-PC-VSTR-11:SETI,0,0,4,5,-5
SR13I-PC-VSTR-12:I,5,-5,3,5,-5
SR13I-PC-VSTR-12:SETI,0,0,4,5,-5
SR13J-PC-HSTR-11:I,5,-5,3,5,-5
SR13J-PC-HSTR-11:SETI,0,0,4,5,-5
SR13J-PC-HSTR-12:I,5,-5,3,5,-5
SR13J-PC-HSTR-12:SETI,0,0,4,5,-5
SR13J-PC-VSTR-11:I,5,-5,3,5,-5
SR13J-PC-VSTR-11:SETI,0,0,4,5,-5
SR13J-PC-VSTR-12:I,5,-5,3,5,-5
SR13J-PC-VSTR-12:SETI,0,0,4,5,-5
SR13S-DI-EBPM-01:SA:X,10,-10,4,10,-10
SR13S-DI-EBPM-01:SA:Y,10,-10,4,10,-10
SR13S-DI-EBPM-02:SA:X,10,-10,4,10,-10
SR13S-DI-EBPM-02:SA:Y,10,-10,4,10,-10
SR13S-PC-HSTR-01:I,5,-5,3,5,-5
SR13S-PC-HSTR-01:SETI,0,0,4,5,-5
SR13S-PC-HSTR-02:I,18.5,-18.5,3,18.5,-18.5
SR13S-PC-HSTR-02:SETI,0,0,4,18.5,-18.5
SR13S-PC-QUADD-02:I,200,0,3,200,0
SR13S-PC-QUADD-02:SETI,0,0,4,200,0
SR13S-PC-QUADF-03:I,200,0,3,200,0
SR13S-PC-QUADF-03:SETI,0,0,4,200,0
SR13S-PC-VSTR-01:I,5,-5,3,5,-5
SR13S-PC-VSTR-01:SETI,0,0,4,5,-5
SR13S-PC-VSTR-02:I,18.5,-18.5,3,18.5,-18.5
SR13S-PC-VSTR-02:SETI,0,0,4,18.5,-18.5
SR14A-PC-HSTR-01:I,5,-5,3,5,-5
SR14A-PC-HSTR-01:SETI,0,0,4,5,-5
SR14A-PC-HSTR-02:I,5,-5,3,5,-5
SR14A-PC-HSTR-02:SETI,0,0,4,5,-5
SR14A-PC-HSTR-03:I,5,-5,3,5,-5
SR14A-PC-HSTR-03:SETI,0,0,4,5,-5
SR14A-PC-HSTR-04:I,5,-5,3,5,-5
SR14A-PC-HSTR-04:SETI,0,0,4,5,-5
SR14A-PC-HSTR-05:I,5,-5,3,5,-5
SR14A-PC-HSTR-05:SETI,0,0,4,5,-5
SR14A-PC-HSTR-06:I,5,-5,3,5,-5
SR14A-PC-HSTR-06:SETI,0,0,4,5,-5
SR14A-PC-HSTR-07:I,5,-5,3,5,-5
SR14A-PC-HSTR-07:SETI,0,0,4,5,-5
SR14A-PC-Q1AB-05:I,200,0,3,200,0
SR14A-PC-Q1AB-05:SETI,0,0,4,200,0
SR14A-PC-Q1AB-06:I,200,0,3,200,0
SR14A-PC-Q1AB-06:SETI,0,0,4,200,0
SR14A-PC-Q1B-01:I,200,0,3,200,0
SR14A-PC-Q1B-01:SETI,0,0,4,200,0
SR14A-PC-Q1B-10:I,200,0,3,200,0
SR14A-PC-Q1B-10:SETI,0,0,4,200,0
SR14A-PC-Q2AB-04:I,200,0,3,200,0
SR14A-PC-Q2AB-04:SETI,0,0,4,200,0
SR14A-PC-Q2AB-07:I,200,0,3,200,0
SR14A-PC-Q2AB-07:SETI,0,0,4,200,0
SR14A-PC-Q2B-02:I,200,0,3,200,0
SR14A-PC-Q2B-02:SETI,0,0,4,200,0
SR14A-PC-Q2B-09:I,200,0,3,200,0
SR14A-PC-Q2B-09:SETI,0,0,4,200,0
SR14A-PC-Q3B-03:I,200,0,3,200,0
SR14A-PC-Q3B-03:SETI,0,0,4,200,0
SR14A-PC-Q3B-08:I,200,0,3,200,0
SR14A-PC-Q3B-08:SETI,0,0,4,200,0
SR14A-PC-S1A-04:I,110,0,3,110,0
SR14A-PC-S1A-04:SETI,0,0,4,110,0
SR14A-PC-S1B-01:I,100,0,3,100,0
SR14A-PC-S1B-01:SETI,0,0,4,100,0
SR14A-PC-S1B-07:I,100,0,3,100,0
SR14A-PC-S1B-07:SETI,0,0,4,100,0
SR14A-PC-S2A-03:I,100,0,3,100,0
SR14A-PC-S2A-03:SETI,0,0,4,100,0
SR14A-PC-S2A-05:I,100,0,3,100,0
SR14A-PC-S2A-05:SETI,0,0,4,100,0
SR14A-PC-S2B-02:I,100,0,3,100,0
SR14A-PC-S2B-02:SETI,0,0,4,100,0
SR14A-PC-S2B-06:I,100,0,3,100,0
SR14A-PC-S2B-06:SETI,0,0,4,100,0
SR14A-PC-SQUAD-01:I,5,-5,3,5,-5
SR14A-PC-SQUAD-01:SETI,0,0,4,5,-5
SR14A-PC-SQUAD-02:I,5,-5,3,5,-5
SR14A-PC-SQUAD-02:SETI,0,0,4,5,-5
SR14A-PC-SQUAD-03:I,5,-5,3,5,-5
SR14A-PC-SQUAD-03:SETI,0,0,4,5,-5
SR14A-PC-SQUAD-04:I,5,-5,3,5,-5
SR14A-PC-SQUAD-04:SETI,0,0,4,5,-5
SR14A-PC-VSTR-01:I,5,-5,3,5,-5
SR14A-PC-VSTR-01:SETI,0,0,4,5,-5
SR14A-PC-VSTR-02:I,5,-5,3,5,-5
SR14A-PC-VSTR-02:SETI,0,0,4,5,-5
SR14A-PC-VSTR-03:I,5,-5,3,5,-5
SR14A-PC-VSTR-03:SETI,0,0,4,5,-5
SR14A-PC-VSTR-04:I,5,-5,3,5,-5
SR14A-PC-VSTR-04:SETI,0,0,4,5,-5
SR14A-PC-VSTR-05:I,5,-5,3,5,-5
SR14A-PC-VSTR-05:SETI,0,0,4,5,-5
SR14A-PC-VSTR-06:I,5,-5,3,5,-5
SR14A-PC-VSTR-06:SETI,0,0,4,5,-5
SR14A-PC-VSTR-07:I,5,-5,3,5,-5
SR14A-PC-VSTR-07:SETI,0,0,4,5,-5
SR14C-DI-EBPM-01:SA:X,10,-10,4,10,-10
SR14C-DI-EBPM-01:SA:Y,10,-10,4,10,-10
SR14C-DI-EBPM-02:SA:X,10,-10,4,10,-10
SR14C-DI-EBPM-02:SA:Y,10,-10,4,10,-10
SR14C-DI-EBPM-03:SA:X,10,-10,4,10,-10
SR14C-DI-EBPM-03:SA:Y,10,-10,4,10,-10
SR14C-DI-EBPM-04:SA:X,10,-10,4,10,-10
SR14C-DI-EBPM-04:SA:Y,10,-10,4,10,-10
SR14C-DI-EBPM-05:SA:X,10,-10,4,10,-10
SR14C-DI-EBPM-05:SA:Y,10,-10,4,10,-10
SR14C-DI-EBPM-06:SA:X,10,-10,4,10,-10
SR14C-DI-EBPM-06:SA:Y,10,-10,4,10,-10
SR14C-DI-EBPM-07:SA:X,10,-10,4,10,-10
SR14C-DI-EBPM-07:SA:Y,10,-10,4,10,-10
SR14I-PC-HSTR-11:I,5,-5,3,5,-5
SR14I-PC-HSTR-11:SETI,0,0,4,5,-5
SR14I-PC-HSTR-12:I,5,-5,3,5,-5
SR14I-PC-HSTR-12:SETI,0,0,4,5,-5
SR14I-PC-VSTR-11:I,5,-5,3,5,-5
SR14I-PC-VSTR-11:SETI,0,0,4,5,-5
SR14I-PC-VSTR-12:I,5,-5,3,5,-5
SR14I-PC-VSTR-12:SETI,0,0,4,5,-5
SR15A-PC-HSTR-01:I,5,-5,3,5,-5
SR15A-PC-HSTR-01:SETI,0,0,4,5,-5
SR15A-PC-HSTR-02:I,5,-5,3,5,-5
SR15A-PC-HSTR-02:SETI,0,0,4,5,-5
SR15A-PC-HSTR-03:I,5,-5,3,5,-5
SR15A-PC-HSTR-03:SETI,0,0,4,5,-5
SR15A-PC-HSTR-04:I,5,-5,3,5,-5
SR15A-PC-HSTR-04:SETI,0,0,4,5,-5
SR15A-PC-HSTR-05:I,5,-5,3,5,-5
SR15A-PC-HSTR-05:SETI,0,0,4,5,-5
SR15A-PC-HSTR-06:I,5,-5,3,5,-5
SR15A-PC-HSTR-06:SETI,0,0,4,5,-5
SR15A-PC-HSTR-07:I,5,-5,3,5,-5
SR15A-PC-HSTR-07:SETI,0,0,4,5,-5
SR15A-PC-Q1AB-05:I,200,0,3,200,0
SR15A-PC-Q1AB-05:SETI,0,0,4,200,0
SR15A-PC-Q1AB-06:I,200,0,3,200,0
SR15A-PC-Q1AB-06:SETI,0,0,4,200,0
SR15A-PC-Q1B-01:I,200,0,3,200,0
SR15A-PC-Q1B-01:SETI,0,0,4,200,0
SR15A-PC-Q1B-10:I,200,0,3,200,0
SR15A-PC-Q1B-10:SETI,0,0,4,200,0
SR15A-PC-Q2AB-04:I,200,0,3,200,0
SR15A-PC-Q2AB-04:SETI,0,0,4,200,0
SR15A-PC-Q2AB-07:I,200,0,3,200,0
SR15A-PC-Q2AB-07:SETI,0,0,4,200,0
SR15A-PC-Q2B-02:I,200,0,3,200,0
SR15A-PC-Q2B-02:SETI,0,0,4,200,0
SR15A-PC-Q2B-09:I,200,0,3,200,0
SR15A-PC-Q2B-09:SETI,0,0,4,200,0
SR15A-PC-Q3B-03:I,200,0,3,200,0
SR15A-PC-Q3B-03:SETI,0,0,4,200,0
SR15A-PC-Q3B-08:I,200,0,3,200,0
SR15A-PC-Q3B-08:SETI,0,0,4,200,0
SR15A-PC-S1A-04:I,110,0,3,110,0
SR15A-PC-S1A-04:SETI,0,0,4,110,0
SR15A-PC-S1B-01:I,100,0,3,100,0
SR15A-PC-S1B-01:SETI,0,0,4,100,0
SR15A-PC-S1B-07:I,100,0,3,100,0
SR15A-PC-S1B-07:SETI,0,0,4,100,0
SR15A-PC-S2A-03:I,100,0,3,100,0
SR15A-PC-S2A-03:SETI,0,0,4,100,0
SR15A-PC-S2A-05:I,100,0,3,100,0
SR15A-PC-S2A-05:SETI,0,0,4,100,0
SR15A-PC-S2B-02:I,100,0,3,100,0
SR15A-PC-S2B-02:SETI,0,0,4,100,0
SR15A-PC-S2B-06:I,100,0,3,100,0
SR15A-PC-S2B-06:SETI,0,0,4,100,0
SR15A-PC-SQUAD-01:I,5,-5,3,5,-5
SR15A-PC-SQUAD-01:SETI,0,0,4,5,-5
SR15A-PC-SQUAD-02:I,5,-5,3,5,-5
SR15A-PC-SQUAD-02:SETI,0,0,4,5,-5
SR15A-PC-SQUAD-03:I,5,-5,3,5,-5
SR15A-PC-SQUAD-03:SETI,0,0,4,5,-5
SR15A-PC-SQUAD-04:I,5,-5,3,5,-5
SR15A-PC-SQUAD-04:SETI,0,0,4,5,-5
SR15A-PC-VSTR-01:I,5,-5,3,5,-5
SR15A-PC-VSTR-01:SETI,0,0,4,5,-5
SR15A-PC-VSTR-02:I,5,-5,3,5,-5
SR15A-PC-VSTR-02:SETI,0,0,4,5,-5
SR15A-PC-VSTR-03:I,5,-5,3,5,-5
SR15A-PC-VSTR-03:SETI,0,0,4,5,-5
SR15A-PC-VSTR-04:I,5,-5,3,5,-5
SR15A-PC-VSTR-04:SETI,0,0,4,5,-5
SR15A-PC-VSTR-05:I,5,-5,3,5,-5
SR15A-PC-VSTR-05:SETI,0,0,4,5,-5
SR15A-PC-VSTR-06:I,5,-5,3,5,-5
SR15A-PC-VSTR-06:SETI,0,0,4,5,-5
SR15A-PC-VSTR-07:I,5,-5,3,5,-5
SR15A-PC-VSTR-07:SETI,0,0,4,5,-5
SR15C-DI-EBPM-01:SA:X,10,-10,4,10,-10
SR15C-DI-EBPM-01:SA:Y,10,-10,4,10,-10
SR15C-DI-EBPM-02:SA:X,10,-10,4,10,-10
SR15C-DI-EBPM-02:SA:Y,10,-10,4,10,-10
SR15C-DI-EBPM-03:SA:X,10,-10,4,10,-10
SR15C-DI-EBPM-03:SA:Y,10,-10,4,10,-10
SR15C-DI-EBPM-04:SA:X,10,-10,4,10,-10
SR15C-DI-EBPM-04:SA:Y,10,-10,4,10,-10
SR15C-DI-EBPM-05:SA:X,10,-10,4,10,-10
SR15C-DI-EBPM-05:SA:Y,10,-10,4,10,-10
SR15C-DI-EBPM-06:SA:X,10,-10,4,10,-10
SR15C-DI-EBPM-06:SA:Y,10,-10,4,10,-10
SR15C-DI-EBPM-07:SA:X,10,-10,4,10,-10
SR15C-DI-EBPM-07:SA:Y,10,-10,4,10,-10
SR15I-PC-HSTR-11:I,5,-5,3,5,-5
SR15I-PC-HSTR-11:SETI,0,0,4,5,-5
SR15I-PC-HSTR-12:I,5,-5,3,5,-5
SR15I-PC-HSTR-12:SETI,0,0,4,5,-5
SR15I-PC-VSTR-11:I,5,-5,3,5,-5
SR15I-PC-VSTR-11:SETI,0,0,4,5,-5
SR15I-PC-VSTR-12:I,5,-5,3,5,-5
SR15I-PC-VSTR-12:SETI,0,0,4,5,-5
SR16A-PC-HSTR-01:I,5,-5,3,5,-5
SR16A-PC-HSTR-01:SETI,0,0,4,5,-5
SR16A-PC-HSTR-02:I,5,-5,3,5,-5
SR16A-PC-HSTR-02:SETI,0,0,4,5,-5
SR16A-PC-HSTR-03:I,5,-5,3,5,-5
SR16A-PC-HSTR-03:SETI,0,0,4,5,-5
SR16A-PC-HSTR-04:I,5,-5,3,5,-5
SR16A-PC-HSTR-04:SETI,0,0,4,5,-5
SR16A-PC-HSTR-05:I,5,-5,3,5,-5
SR16A-PC-HSTR-05:SETI,0,0,4,5,-5
SR16A-PC-HSTR-06:I,5,-5,3,5,-5
SR16A-PC-HSTR-06:SETI,0,0,4,5,-5
SR16A-PC-HSTR-07:I,5,-5,3,5,-5
SR16A-PC-HSTR-07:SETI,0,0,4,5,-5
SR16A-PC-Q1AB-05:I,200,0,3,200,0
SR16A-PC-Q1AB-05:SETI,0,0,4,200,0
SR16A-PC-Q1AD-06:I,200,0,3,200,0
SR16A-PC-Q1AD-06:SETI,0,0,4,200,0
SR16A-PC-Q1B-01:I,200,0,3,200,0
SR16A-PC-Q1B-01:SETI,0,0,4,200,0
SR16A-PC-Q1D-10:I,200,0,3,200,0
SR16A-PC-Q1D-10:SETI,0,0,4,200,0
SR16A-PC-Q2AB-04:I,200,0,3,200,0
SR16A-PC-Q2AB-04:SETI,0,0,4,200,0
SR16A-PC-Q2AD-07:I,200,0,3,200,0
SR16A-PC-Q2AD-07:SETI,0,0,4,200,0
SR16A-PC-Q2B-02:I,200,0,3,200,0
SR16A-PC-Q2B-02:SETI,0,0,4,200,0
SR16A-PC-Q2D-09:I,200,0,3,200,0
SR16A-PC-Q2D-09:SETI,0,0,4,200,0
SR16A-PC-Q3B-03:I,200,0,3,200,0
SR16A-PC-Q3B-03:SETI,0,0,4,200,0
SR16A-PC-Q3D-08:I,200,0,3,200,0
SR16A-PC-Q3D-08:SETI,0,0,4,200,0
SR16A-PC-S1A-04:I,110,0,3,110,0
SR16A-PC-S1A-04:SETI,0,0,4,110,0
SR16A-PC-S1C-01:I,100,0,3,100,0
SR16A-PC-S1C-01:SETI,0,0,4,100,0
SR16A-PC-S1D-07:I,100,0,3,100,0
SR16A-PC-S1D-07:SETI,0,0,4,100,0
SR16A-PC-S2A-03:I,100,0,3,100,0
SR16A-PC-S2A-03:SETI,0,0,4,100,0
SR16A-PC-S2A-05:I,100,0,3,100,0
SR16A-PC-S2A-05:SETI,0,0,4,100,0
SR16A-PC-S2C-02:I,100,0,3,100,0
SR16A-PC-S2C-02:SETI,0,0,4,100,0
SR16A-PC-S2D-06:I,100,0,3,100,0
SR16A-PC-S2D-06:SETI,0,0,4,100,0
SR16A-PC-SQUAD-01:I,5,-5,3,5,-5
SR16A-PC-SQUAD-01:SETI,0,0,4,5,-5
SR16A-PC-SQUAD-02:I,5,-5,3,5,-5
SR16A-PC-SQUAD-02:SETI,0,0,4,5,-5
SR16A-PC-SQUAD-03:I,5,-5,3,5,-5
SR16A-PC-SQUAD-03:SETI,0,0,4,5,-5
SR16A-PC-SQUAD-04:I,5,-5,3,5,-5
SR16A-PC-SQUAD-04:SETI,0,0,4,5,-5
SR16A-PC-VSTR-01:I,5,-5,3,5,-5
SR16A-PC-VSTR-01:SETI,0,0,4,5,-5
SR16A-PC-VSTR-02:I,5,-5,3,5,-5
SR16A-PC-VSTR-02:SETI,0,0,4,5,-5
SR16A-PC-VSTR-03:I,5,-5,3,5,-5
SR16A-PC-VSTR-03:SETI,0,0,4,5,-5
SR16A-PC-VSTR-04:I,5,-5,3,5,-5
SR16A-PC-VSTR-04:SETI,0,0,4,5,-5
SR16A-PC-VSTR-05:I,5,-5,3,5,-5
SR16A-PC-VSTR-05:SETI,0,0,4,5,-5
SR16A-PC-VSTR-06:I,5,-5,3,5,-5
SR16A-PC-VSTR-06:SETI,0,0,4,5,-5
SR16A-PC-VSTR-07:I,5,-5,3,5,-5
SR16A-PC-VSTR-07:SETI,0,0,4,5,-5
SR16C-DI-EBPM-01:SA:X,10,-10,4,10,-10
SR16C-DI-EBPM-01:SA:Y,10,-10,4,10,-10
SR16C-DI-EBPM-02:SA:X,10,-10,4,10,-10
SR16C-DI-EBPM-02:SA:Y,10,-10,4,10,-10
SR16C-DI-EBPM-03:SA:X,10,-10,4,10,-10
SR16C-DI-EBPM-03:SA:Y,10,-10,4,10,-10
SR16C-DI-EBPM-04:SA:X,10,-10,4,10,-10
SR16C-DI-EBPM-04:SA:Y,10,-10,4,10,-10
SR16C-DI-EBPM-05:SA:X,10,-10,4,10,-10
SR16C-DI-EBPM-05:SA:Y,10,-10,4,10,-10
SR16C-DI-EBPM-06:SA:X,10,-10,4,10,-10
SR16C-DI-EBPM-06:SA:Y,10,-10,4,10,-10
SR16C-DI-EBPM-07:SA:X,10,-10,4,10,-10
SR16C-DI-EBPM-07:SA:Y,10,-10,4,10,-10
SR16I-PC-HSTR-11:I,5,-5,3,5,-5
SR16I-PC-HSTR-11:SETI,0,0,4,5,-5
SR16I-PC-HSTR-12:I,5,-5,3,5,-5
SR16I-PC-HSTR-12:SETI,0,0,4,5,-5
SR16I-PC-VSTR-11:I,5,-5,3,5,-5
SR16I-PC-VSTR-11:SETI,0,0,4,5,-5
SR16I-PC-VSTR-12:I,5,-5,3,5,-5
SR16I-PC-VSTR-12:SETI,0,0,4,5,-5
SR17A-PC-HSTR-01:I,5,-5,3,5,-5
SR17A-PC-HSTR-01:SETI,0,0,4,5,-5
SR17A-PC-HSTR-02:I,5,-5,3,5,-5
SR17A-PC-HSTR-02:SETI,0,0,4,5,-5
SR17A-PC-HSTR-03:I,5,-5,3,5,-5
SR17A-PC-HSTR-03:SETI,0,0,4,5,-5
SR17A-PC-HSTR-04:I,5,-5,3,5,-5
SR17A-PC-HSTR-04:SETI,0,0,4,5,-5
SR17A-PC-HSTR-05:I,5,-5,3,5,-5
SR17A-PC-HSTR-05:SETI,0,0,4,5,-5
SR17A-PC-HSTR-06:I,5,-5,3,5,-5
SR17A-PC-HSTR-06:SETI,0,0,4,5,-5
SR17A-PC-HSTR-07:I,5,-5,3,5,-5
SR17A-PC-HSTR-07:SETI,0,0,4,5,-5
SR17A-PC-Q1AB-06:I,200,0,3,200,0
SR17A-PC-Q1AB-06:SETI,0,0,4,200,0
SR17A-PC-Q1AD-05:I,200,0,3,200,0
SR17A-PC-Q1AD-05:SETI,0,0,4,200,0
SR17A-PC-Q1B-10:I,200,0,3,200,0
SR17A-PC-Q1B-10:SETI,0,0,4,200,0
SR17A-PC-Q1D-01:I,200,0,3,200,0
SR17A-PC-Q1D-01:SETI,0,0,4,200,0
SR17A-PC-Q2AB-07:I,200,0,3,200,0
SR17A-PC-Q2AB-07:SETI,0,0,4,200,0
SR17A-PC-Q2AD-04:I,200,0,3,200,0
SR17A-PC-Q2AD-04:SETI,0,0,4,200,0
SR17A-PC-Q2B-09:I,200,0,3,200,0
SR17A-PC-Q2B-09:SETI,0,0,4,200,0
SR17A-PC-Q2D-02:I,200,0,3,200,0
SR17A-PC-Q2D-02:SETI,0,0,4,200,0
SR17A-PC-Q3B-08:I,200,0,3,200,0
SR17A-PC-Q3B-08:SETI,0,0,4,200,0
SR17A-PC-Q3D-03:I,200,0,3,200,0
SR17A-PC-Q3D-03:SETI,0,0,4,200,0
SR17A-PC-S1A-04:I,110,0,3,110,0
SR17A-PC-S1A-04:SETI,0,0,4,110,0
SR17A-PC-S1C-07:I,100,0,3,100,0
SR17A-PC-S1C-07:SETI,0,0,4,100,0
SR17A-PC-S1D-01:I,100,0,3,100,0
SR17A-PC-S1D-01:SETI,0,0,4,100,0
SR17A-PC-S2A-03:I,100,0,3,100,0
SR17A-PC-S2A-03:SETI,0,0,4,100,0
SR17A-PC-S2A-05:I,100,0,3,100,0
SR17A-PC-S2A-05:SETI,0,0,4,100,0
SR17A-PC-S2C-06:I,100,0,3,100,0
SR17A-PC-S2C-06:SETI,0,0,4,100,0
SR17A-PC-S2D-02:I,100,0,3,100,0
SR17A-PC-S2D-02:SETI,0,0,4,100,0
SR17A-PC-SQUAD-01:I,5,-5,3,5,-5
SR17A-PC-SQUAD-01:SETI,0,0,4,5,-5
SR17A-PC-SQUAD-02:I,5,-5,3,5,-5
SR17A-PC-SQUAD-02:SETI,0,0,4,5,-5
SR17A-PC-SQUAD-03:I,5,-5,3,5,-5
SR17A-PC-SQUAD-03:SETI,0,0,4,5,-5
SR17A-PC-SQUAD-04:I,5,-5,3,5,-5
SR17A-PC-SQUAD-04:SETI,0,0,4,5,-5
SR17A-PC-VSTR-01:I,5,-5,3,5,-5
SR17A-PC-VSTR-01:SETI,0,0,4,5,-5
SR17A-PC-VSTR-02:I,5,-5,3,5,-5
SR17A-PC-VSTR-02:SETI,0,0,4,5,-5
SR17A-PC-VSTR-03:I,5,-5,3,5,-5
SR17A-PC-VSTR-03:SETI,0,0,4,5,-5
SR17A-PC-VSTR-04:I,5,-5,3,5,-5
SR17A-PC-VSTR-04:SETI,0,0,4,5,-5
SR17A-PC-VSTR-05:I,5,-5,3,5,-5
SR17A-PC-VSTR-05:SETI,0,0,4,5,-5
SR17A-PC-VSTR-06:I,5,-5,3,5,-5
SR17A-PC-VSTR-06:SETI,0,0,4,5,-5
SR17A-PC-VSTR-07:I,5,-5,3,5,-5
SR17A-PC-VSTR-07:SETI,0,0,4,5,-5
SR17C-DI-EBPM-01:SA:X,10,-10,4,10,-10
SR17C-DI-EBPM-01:SA:Y,10,-10,4,10,-10
SR17C-DI-EBPM-02:SA:X,10,-10,4,10,-10
SR17C-DI-EBPM-02:SA:Y,10,-10,4,10,-10
SR17C-DI-EBPM-03:SA:X,10,-10,4,10,-10
SR17C-DI-EBPM-03:SA:Y,10,-10,4,10,-10
SR17C-DI-EBPM-04:SA:X,10,-10,4,10,-10
SR17C-DI-EBPM-04:SA:Y,10,-10,4,10,-10
SR17C-DI-EBPM-05:SA:X,10,-10,4,10,-10
SR17C-DI-EBPM-05:SA:Y,10,-10,4,10,-10
SR17C-DI-EBPM-06:SA:X,10,-10,4,10,-10
SR17C-DI-EBPM-06:SA:Y,10,-10,4,10,-10
SR17C-DI-EBPM-07:SA:X,10,-10,4,10,-10
SR17C-DI-EBPM-07:SA:Y,10,-10,4,10,-10
SR18A-PC-HSTR-01:I,5,-5,3,5,-5
SR18A-PC-HSTR-01:SETI,0,0,4,5,-5
SR18A-PC-HSTR-02:I,5,-5,3,5,-5
SR18A-PC-HSTR-02:SETI,0,0,4,5,-5
SR18A-PC-HSTR-03:I,5,-5,3,5,-5
SR18A-PC-HSTR-03:SETI,0,0,4,5,-5
SR18A-PC-HSTR-04:I,5,-5,3,5,-5
SR18A-PC-HSTR-04:SETI,0,0,4,5,-5
SR18A-PC-HSTR-05:I,5,-5,3,5,-5
SR18A-PC-HSTR-05:SETI,0,0,4,5,-5
SR18A-PC-HSTR-06:I,5,-5,3,5,-5
SR18A-PC-HSTR-06:SETI,0,0,4,5,-5
SR18A-PC-HSTR-07:I,5,-5,3,5,-5
SR18A-PC-HSTR-07:SETI,0,0,4,5,-5
SR18A-PC-Q1AB-05:I,200,0,3,200,0
SR18A-PC-Q1AB-05:SETI,0,0,4,200,0
SR18A-PC-Q1AB-06:I,200,0,3,200,0
SR18A-PC-Q1AB-06:SETI,0,0,4,200,0
SR18A-PC-Q1B-01:I,200,0,3,200,0
SR18A-PC-Q1B-01:SETI,0,0,4,200,0
SR18A-PC-Q1B-10:I,200,0,3,200,0
SR18A-PC-Q1B-10:SETI,0,0,4,200,0
SR18A-PC-Q2AB-04:I,200,0,3,200,0
SR18A-PC-Q2AB-04:SETI,0,0,4,200,0
SR18A-PC-Q2AB-07:I,200,0,3,200,0
SR18A-PC-Q2AB-07:SETI,0,0,4,200,0
SR18A-PC-Q2B-02:I,200,0,3,200,0
SR18A-PC-Q2B-02:SETI,0,0,4,200,0
SR18A-PC-Q2B-09:I,200,0,3,200,0
SR18A-PC-Q2B-09:SETI,0,0,4,200,0
SR18A-PC-Q3B-03:I,200,0,3,200,0
SR18A-PC-Q3B-03:SETI,0,0,4,200,0
SR18A-PC-Q3B-08:I,200,0,3,200,0
SR18A-PC-Q3B-08:SETI,0,0,4,200,0
SR18A-PC-S1A-04:I,110,0,3,110,0
SR18A-PC-S1A-04:SETI,0,0,4,110,0
SR18A-PC-S1B-01:I,100,0,3,100,0
SR18A-PC-S1B-01:SETI,0,0,4,100,0
SR18A-PC-S1B-07:I,100,0,3,100,0
SR18A-PC-S1B-07:SETI,0,0,4,100,0
SR18A-PC-S2A-03:I,100,0,3,100,0
SR18A-PC-S2A-03:SETI,0,0,4,100,0
SR18A-PC-S2A-05:I,100,0,3,100,0
SR18A-PC-S2A-05:SETI,0,0,4,100,0
SR18A-PC-S2B-02:I,100,0,3,100,0
SR18A-PC-S2B-02:SETI,0,0,4,100,0
SR18A-PC-S2B-06:I,100,0,3,100,0
SR18A-PC-S2B-06:SETI,0,0,4,100,0
SR18A-PC-SQUAD-01:I,5,-5,3,5,-5
SR18A-PC-SQUAD-01:SETI,0,0,4,5,-5
SR18A-PC-SQUAD-02:I,5,-5,3,5,-5
SR18A-PC-SQUAD-02:SETI,0,0,4,5,-5
SR18A-PC-SQUAD-03:I,5,-5,3,5,-5
SR18A-PC-SQUAD-03:SETI,0,0,4,5,-5
SR18A-PC-SQUAD-04:I,5,-5,3,5,-5
SR18A-PC-SQUAD-04:SETI,0,0,4,5,-5
SR18A-PC-VSTR-01:I,5,-5,3,5,-5
SR18A-PC-VSTR-01:SETI,0,0,4,5,-5
SR18A-PC-VSTR-02:I,5,-5,3,5,-5
SR18A-PC-VSTR-02:SETI,0,0,4,5,-5
SR18A-PC-VSTR-03:I,5,-5,3,5,-5
SR18A-PC-VSTR-03:SETI,0,0,4,5,-5
SR18A-PC-VSTR-04:I,5,-5,3,5,-5
SR18A-PC-VSTR-04:SETI,0,0,4,5,-5
SR18A-PC-VSTR-05:I,5,-5,3,5,-5
SR18A-PC-VSTR-05:SETI,0,0,4,5,-5
SR18A-PC-VSTR-06:I,5,-5,3,5,-5
SR18A-PC-VSTR-06:SETI,0,0,4,5,-5
SR18A-PC-VSTR-07:I,5,-5,3,5,-5
SR18A-PC-VSTR-07:SETI,0,0,4,5,-5
SR18C-DI-EBPM-01:SA:X,10,-10,4,10,-10
SR18C-DI-EBPM-01:SA:Y,10,-10,4,10,-10
SR18C-DI-EBPM-02:SA:X,10,-10,4,10,-10
SR18C-DI-EBPM-02:SA:Y,10,-10,4,10,-10
SR18C-DI-EBPM-03:SA:X,10,-10,4,10,-10
SR18C-DI-EBPM-03:SA:Y,10,-10,4,10,-10
SR18C-DI-EBPM-04:SA:X,10,-10,4,10,-10
SR18C-DI-EBPM-04:SA:Y,10,-10,4,10,-10
SR18C-DI-EBPM-05:SA:X,10,-10,4,10,-10
SR18C-DI-EBPM-05:SA:Y,10,-10,4,10,-10
SR18C-DI-EBPM-06:SA:X,10,-10,4,10,-10
SR18C-DI-EBPM-06:SA:Y,10,-10,4,10,-10
SR18C-DI-EBPM-07:SA:X,10,-10,4,10,-10
SR18C-DI-EBPM-07:SA:Y,10,-10,4,10,-10
SR18I-PC-HSTR-11:I,5,-5,3,5,-5
SR18I-PC-HSTR-11:SETI,0,0,4,5,-5
SR18I-PC-HSTR-12:I,5,-5,3,5,-5
SR18I-PC-HSTR-12:SETI,0,0,4,5,-5
SR18I-PC-VSTR-11:I,5,-5,3,5,-5
SR18I-PC-VSTR-11:SETI,0,0,4,5,-5
SR18I-PC-VSTR-12:I,5,-5,3,5,-5
SR18I-PC-VSTR-12:SETI,0,0,4,5,-5
SR19A-PC-HSTR-01:I,5,-5,3,5,-5
SR19A-PC-HSTR-01:SETI,0,0,4,5,-5
SR19A-PC-HSTR-02:I,5,-5,3,5,-5
SR19A-PC-HSTR-02:SETI,0,0,4,5,-5
SR19A-PC-HSTR-03:I,5,-5,3,5,-5
SR19A-PC-HSTR-03:SETI,0,0,4,5,-5
SR19A-PC-HSTR-04:I,5,-5,3,5,-5
SR19A-PC-HSTR-04:SETI,0,0,4,5,-5
SR19A-PC-HSTR-05:I,5,-5,3,5,-5
SR19A-PC-HSTR-05:SETI,0,0,4,5,-5
SR19A-PC-HSTR-06:I,5,-5,3,5,-5
SR19A-PC-HSTR-06:SETI,0,0,4,5,-5
SR19A-PC-HSTR-07:I,5,-5,3,5,-5
SR19A-PC-HSTR-07:SETI,0,0,4,5,-5
SR19A-PC-Q1AB-05:I,200,0,3,200,0
SR19A-PC-Q1AB-05:SETI,0,0,4,200,0
SR19A-PC-Q1AB-06:I,200,0,3,200,0
SR19A-PC-Q1AB-06:SETI,0,0,4,200,0
SR19A-PC-Q1B-01:I,200,0,3,200,0
SR19A-PC-Q1B-01:SETI,0,0,4,200,0
SR19A-PC-Q1B-10:I,200,0,3,200,0
SR19A-PC-Q1B-10:SETI,0,0,4,200,0
SR19A-PC-Q2AB-04:I,200,0,3,200,0
SR19A-PC-Q2AB-04:SETI,0,0,4,200,0
SR19A-PC-Q2AB-07:I,200,0,3,200,0
SR19A-PC-Q2AB-07:SETI,0,0,4,200,0
SR19A-PC-Q2B-02:I,200,0,3,200,0
SR19A-PC-Q2B-02:SETI,0,0,4,200,0
SR19A-PC-Q2B-09:I,200,0,3,200,0
SR19A-PC-Q2B-09:SETI,0,0,4,200,0
SR19A-PC-Q3B-03:I,200,0,3,200,0
SR19A-PC-Q3B-03:SETI,0,0,4,200,0
SR19A-PC-Q3B-08:I,200,0,3,200,0
SR19A-PC-Q3B-08:SETI,0,0,4,200,0
SR19A-PC-S1A-04:I,110,0,3,110,0
SR19A-PC-S1A-04:SETI,0,0,4,110,0
SR19A-PC-S1B-01:I,100,0,3,100,0
SR19A-PC-S1B-01:SETI,0,0,4,100,0
SR19A-PC-S1B-07:I,100,0,3,100,0
SR19A-PC-S1B-07:SETI,0,0,4,100,0
SR19A-PC-S2A-03:I,100,0,3,100,0
SR19A-PC-S2A-03:SETI,0,0,4,100,0
SR19A-PC-S2A-05:I,100,0,3,100,0
SR19A-PC-S2A-05:SETI,0,0,4,100,0
SR19A-PC-S2B-02:I,100,0,3,100,0
SR19A-PC-S2B-02:SETI,0,0,4,100,0
SR19A-PC-S2B-06:I,100,0,3,100,0
SR19A-PC-S2B-06:SETI,0,0,4,100,0
SR19A-PC-SQUAD-01:I,5,-5,3,5,-5
SR19A-PC-SQUAD-01:SETI,0,0,4,5,-5
SR19A-PC-SQUAD-02:I,5,-5,3,5,-5
SR19A-PC-SQUAD-02:SETI,0,0,4,5,-5
SR19A-PC-SQUAD-03:I,5,-5,3,5,-5
SR19A-PC-SQUAD-03:SETI,0,0,4,5,-5
SR19A-PC-SQUAD-04:I,5,-5,3,5,-5
SR19A-PC-SQUAD-04:SETI,0,0,4,5,-5
SR19A-PC-VSTR-01:I,5,-5,3,5,-5
SR19A-PC-VSTR-01:SETI,0,0,4,5,-5
SR19A-PC-VSTR-02:I,5,-5,3,5,-5
SR19A-PC-VSTR-02:SETI,0,0,4,5,-5
SR19A-PC-VSTR-03:I,5,-5,3,5,-5
SR19A-PC-VSTR-03:SETI,0,0,4,5,-5
SR19A-PC-VSTR-04:I,5,-5,3,5,-5
SR19A-PC-VSTR-04:SETI,0,0,4,5,-5
SR19A-PC-VSTR-05:I,5,-5,3,5,-5
SR19A-PC-VSTR-05:SETI,0,0,4,5,-5
SR19A-PC-VSTR-06:I,5,-5,3,5,-5
SR19A-PC-VSTR-06:SETI,0,0,4,5,-5
SR19A-PC-VSTR-07:I,5,-5,3,5,-5
SR19A-PC-VSTR-07:SETI,0,0,4,5,-5
SR19C-DI-EBPM-01:SA:X,10,-10,4,10,-10
SR19C-DI-EBPM-01:SA:Y,10,-10,4,10,-10
SR19C-DI-EBPM-02:SA:X,10,-10,4,10,-10
SR19C-DI-EBPM-02:SA:Y,10,-10,4,10,-10
SR19C-DI-EBPM-03:SA:X,10,-10,4,10,-10
SR19C-DI-EBPM-03:SA:Y,10,-10,4,10,-10
SR19C-DI-EBPM-04:SA:X,10,-10,4,10,-10
SR19C-DI-EBPM-04:SA:Y,10,-10,4,10,-10
SR19C-DI-EBPM-05:SA:X,10,-10,4,10,-10
SR19C-DI-EBPM-05:SA:Y,10,-10,4,10,-10
SR19C-DI-EBPM-06:SA:X,10,-10,4,10,-10
SR19C-DI-EBPM-06:SA:Y,10,-10,4,10,-10
SR19C-DI-EBPM-07:SA:X,10,-10,4,10,-10
SR19C-DI-EBPM-07:SA:Y,10,-10,4,10,-10
SR19I-PC-HSTR-11:I,5,-5,3,5,-5
SR19I-PC-HSTR-11:SETI,0,0,4,5,-5
SR19I-PC-HSTR-12:I,5,-5,3,5,-5
SR19I-PC-HSTR-12:SETI,0,0,4,5,-5
SR19I-PC-VSTR-11:I,5,-5,3,5,-5
SR19I-PC-VSTR-11:SETI,0,0,4,5,-5
SR19I-PC-VSTR-12:I,5,-5,3,5,-5
SR19I-PC-VSTR-12:SETI,0,0,4,5,-5
SR20A-PC-HSTR-01:I,5,-5,3,5,-5
SR20A-PC-HSTR-01:SETI,0,0,4,5,-5
SR20A-PC-HSTR-02:I,5,-5,3,5,-5
SR20A-PC-HSTR-02:SETI,0,0,4,5,-5
SR20A-PC-HSTR-03:I,5,-5,3,5,-5
SR20A-PC-HSTR-03:SETI,0,0,4,5,-5
SR20A-PC-HSTR-04:I,5,-5,3,5,-5
SR20A-PC-HSTR-04:SETI,0,0,4,5,-5
SR20A-PC-HSTR-05:I,5,-5,3,5,-5
SR20A-PC-HSTR-05:SETI,0,0,4,5,-5
SR20A-PC-HSTR-06:I,5,-5,3,5,-5
SR20A-PC-HSTR-06:SETI,0,0,4,5,-5
SR20A-PC-HSTR-07:I,5,-5,3,5,-5
SR20A-PC-HSTR-07:SETI,0,0,4,5,-5
SR20A-PC-Q1AB-05:I,200,0,3,200,0
SR20A-PC-Q1AB-05:SETI,0,0,4,200,0
SR20A-PC-Q1AD-06:I,200,0,3,200,0
SR20A-PC-Q1AD-06:SETI,0,0,4,200,0
SR20A-PC-Q1B-01:I,200,0,3,200,0
SR20A-PC-Q1B-01:SETI,0,0,4,200,0
SR20A-PC-Q1D-10:I,200,0,3,200,0
SR20A-PC-Q1D-10:SETI,0,0,4,200,0
SR20A-PC-Q2AB-04:I,200,0,3,200,0
SR20A-PC-Q2AB-04:SETI,0,0,4,200,0
SR20A-PC-Q2AD-07:I,200,0,3,200,0
SR20A-PC-Q2AD-07:SETI,0,0,4,200,0
SR20A-PC-Q2B-02:I,200,0,3,200,0
SR20A-PC-Q2B-02:SETI,0,0,4,200,0
SR20A-PC-Q2D-09:I,200,0,3,200,0
SR20A-PC-Q2D-09:SETI,0,0,4,200,0
SR20A-PC-Q3B-03:I,200,0,3,200,0
SR20A-PC-Q3B-03:SETI,0,0,4,200,0
SR20A-PC-Q3D-08:I,200,0,3,200,0
SR20A-PC-Q3D-08:SETI,0,0,4,200,0
SR20A-PC-S1A-04:I,110,0,3,110,0
SR20A-PC-S1A-04:SETI,0,0,4,110,0
SR20A-PC-S1C-01:I,100,0,3,100,0
SR20A-PC-S1C-01:SETI,0,0,4,100,0
SR20A-PC-S1D-07:I,100,0,3,100,0
SR20A-PC-S1D-07:SETI,0,0,4,100,0
SR20A-PC-S2A-03:I,100,0,3,100,0
SR20A-PC-S2A-03:SETI,0,0,4,100,0
SR20A-PC-S2A-05:I,100,0,3,100,0
SR20A-PC-S2A-05:SETI,0,0,4,100,0
SR20A-PC-S2C-02:I,100,0,3,100,0
SR20A-PC-S2C-02:SETI,0,0,4,100,0
SR20A-PC-S2D-06:I,100,0,3,100,0
SR20A-PC-S2D-06:SETI,0,0,4,100,0
SR20A-PC-SQUAD-01:I,5,-5,3,5,-5
SR20A-PC-SQUAD-01:SETI,0,0,4,5,-5
SR20A-PC-SQUAD-02:I,5,-5,3,5,-5
SR20A-PC-SQUAD-02:SETI,0,0,4,5,-5
SR20A-PC-SQUAD-03:I,5,-5,3,5,-5
SR20A-PC-SQUAD-03:SETI,0,0,4,5,-5
SR20A-PC-SQUAD-04:I,5,-5,3,5,-5
SR20A-PC-SQUAD-04:SETI,0,0,4,5,-5
SR20A-PC-VSTR-01:I,5,-5,3,5,-5
SR20A-PC-VSTR-01:SETI,0,0,4,5,-5
SR20A-PC-VSTR-02:I,5,-5,3,5,-5
SR20A-PC-VSTR-02:SETI,0,0,4,5,-5
SR20A-PC-VSTR-03:I,5,-5,3,5,-5
SR20A-PC-VSTR-03:SETI,0,0,4,5,-5
SR20A-PC-VSTR-04:I,5,-5,3,5,-5
SR20A-PC-VSTR-04:SETI,0,0,4,5,-5
SR20A-PC-VSTR-05:I,5,-5,3,5,-5
SR20A-PC-VSTR-05:SETI,0,0,4,5,-5
SR20A-PC-VSTR-06:I,5,-5,3,5,-5
SR20A-PC-VSTR-06:SETI,0,0,4,5,-5
SR20A-PC-VSTR-07:I,5,-5,3,5,-5
SR20A-PC-VSTR-07:SETI,0,0,4,5,-5
SR20C-DI-EBPM-01:SA:X,10,-10,4,10,-10
SR20C-DI-EBPM-01:SA:Y,10,-10,4,10,-10
SR20C-DI-EBPM-02:SA:X,10,-10,4,10,-10
SR20C-DI-EBPM-02:SA:Y,10,-10,4,10,-10
SR20C-DI-EBPM-03:SA:X,10,-10,4,10,-10
SR20C-DI-EBPM-03:SA:Y,10,-10,4,10,-10
SR20C-DI-EBPM-04:SA:X,10,-10,4,10,-10
SR20C-DI-EBPM-04:SA:Y,10,-10,4,10,-10
SR20C-DI-EBPM-05:SA:X,10,-10,4,10,-10
SR20C-DI-EBPM-05:SA:Y,10,-10,4,10,-10
SR20C-DI-EBPM-06:SA:X,10,-10,4,10,-10
SR20C-DI-EBPM-06:SA:Y,10,-10,4,10,-10
SR20C-DI-EBPM-07:SA:X,10,-10,4,10,-10
SR20C-DI-EBPM-07:SA:Y,10,-10,4,10,-10
SR20I-PC-HSTR-11:I,4,-4,3,4,-4
SR20I-PC-HSTR-11:SETI,0,0,4,4,-4
SR20I-PC-HSTR-12:I,4,-4,3,4,-4
SR20I-PC-HSTR-12:SETI,0,0,4,4,-4
SR20I-PC-VSTR-11:I,3,-3,3,3,-3
SR20I-PC-VSTR-11:SETI,0,0,4,3,-3
SR20I-PC-VSTR-12:I,3.09999990463257,-3.09999990463257,3,3.09999990463257,-3.09999990463257
SR20I-PC-VSTR-12:SETI,0,0,4,3.09999990463257,-3.09999990463257
SR20J-PC-HSTR-11:I,4,-4,3,4,-4
SR20J-PC-HSTR-11:SETI,0,0,4,4,-4
SR20J-PC-HSTR-12:I,4,-4,3,4,-4
SR20J-PC-HSTR-12:SETI,0,0,4,4,-4
SR20J-PC-VSTR-11:I,3,-3,3,3,-3
SR20J-PC-VSTR-11:SETI,0,0,4,3,-3
SR20J-PC-VSTR-12:I,3,-3,3,3,-3
SR20J-PC-VSTR-12:SETI,0,0,4,3,-3
SR21A-PC-HSTR-01:I,5,-5,3,5,-5
SR21A-PC-HSTR-01:SETI,0,0,4,5,-5
SR21A-PC-HSTR-02:I,5,-5,3,5,-5
SR21A-PC-HSTR-02:SETI,0,0,4,5,-5
SR21A-PC-HSTR-03:I,5,-5,3,5,-5
SR21A-PC-HSTR-03:SETI,0,0,4,5,-5
SR21A-PC-HSTR-04:I,5,-5,3,5,-5
SR21A-PC-HSTR-04:SETI,0,0,4,5,-5
SR21A-PC-HSTR-05:I,5,-5,3,5,-5
SR21A-PC-HSTR-05:SETI,0,0,4,5,-5
SR21A-PC-HSTR-06:I,5,-5,3,5,-5
SR21A-PC-HSTR-06:SETI,0,0,4,5,-5
SR21A-PC-HSTR-07:I,5,-5,3,5,-5
SR21A-PC-HSTR-07:SETI,0,0,4,5,-5
SR21A-PC-Q1AB-06:I,200,0,3,200,0
SR21A-PC-Q1AB-06:SETI,0,0,4,200,0
SR21A-PC-Q1AD-05:I,200,0,3,200,0
SR21A-PC-Q1AD-05:SETI,0,0,4,200,0
SR21A-PC-Q1B-10:I,200,0,3,200,0
SR21A-PC-Q1B-10:SETI,0,0,4,200,0
SR21A-PC-Q1D-01:I,200,0,3,200,0
SR21A-PC-Q1D-01:SETI,0,0,4,200,0
SR21A-PC-Q2AB-07:I,200,0,3,200,0
SR21A-PC-Q2AB-07:SETI,0,0,4,200,0
SR21A-PC-Q2AD-04:I,200,0,3,200,0
SR21A-PC-Q2AD-04:SETI,0,0,4,200,0
SR21A-PC-Q2B-09:I,200,0,3,200,0
SR21A-PC-Q2B-09:SETI,0,0,4,200,0
SR21A-PC-Q2D-02:I,200,0,3,200,0
SR21A-PC-Q2D-02:SETI,0,0,4,200,0
SR21A-PC-Q3B-08:I,200,0,3,200,0
SR21A-PC-Q3B-08:SETI,0,0,4,200,0
SR21A-PC-Q3D-03:I,200,0,3,200,0
SR21A-PC-Q3D-03:SETI,0,0,4,200,0
SR21A-PC-S1A-04:I,110,0,3,110,0
SR21A-PC-S1A-04:SETI,0,0,4,110,0
SR21A-PC-S1C-07:I,100,0,3,100,0
SR21A-PC-S1C-07:SETI,0,0,4,100,0
SR21A-PC-S1D-01:I,100,0,3,100,0
SR21A-PC-S1D-01:SETI,0,0,4,100,0
SR21A-PC-S2A-03:I,100,0,3,100,0
SR21A-PC-S2A-03:SETI,0,0,4,100,0
SR21A-PC-S2A-05:I,100,0,3,100,0
SR21A-PC-S2A-05:SETI,0,0,4,100,0
SR21A-PC-S2C-06:I,100,0,3,100,0
SR21A-PC-S2C-06:SETI,0,0,4,100,0
SR21A-PC-S2D-02:I,100,0,3,100,0
SR21A-PC-S2D-02:SETI,0,0,4,100,0
SR21A-PC-SQUAD-01:I,5,-5,3,5,-5
SR21A-PC-SQUAD-01:SETI,0,0,4,5,-5
SR21A-PC-SQUAD-02:I,5,-5,3,5,-5
SR21A-PC-SQUAD-02:SETI,0,0,4,5,-5
SR21A-PC-SQUAD-03:I,5,-5,3,5,-5
SR21A-PC-SQUAD-03:SETI,0,0,4,5,-5
SR21A-PC-SQUAD-04:I,5,-5,3,5,-5
SR21A-PC-SQUAD-04:SETI,0,0,4,5,-5
SR21A-PC-VSTR-01:I,5,-5,3,5,-5
SR21A-PC-VSTR-01:SETI,0,0,4,5,-5
SR21A-PC-VSTR-02:I,5,-5,3,5,-5
SR21A-PC-VSTR-02:SETI,0,0,4,5,-5
SR21A-PC-VSTR-03:I,5,-5,3,5,-5
SR21A-PC-VSTR-03:SETI,0,0,4,5,-5
SR21A-PC-VSTR-04:I,5,-5,3,5,-5
SR21A-PC-VSTR-04:SETI,0,0,4,5,-5
SR21A-PC-VSTR-05:I,5,-5,3,5,-5
SR21A-PC-VSTR-05:SETI,0,0,4,5,-5
SR21A-PC-VSTR-06:I,5,-5,3,5,-5
SR21A-PC-VSTR-06:SETI,0,0,4,5,-5
SR21A-PC-VSTR-07:I,5,-5,3,5,-5
SR21A-PC-VSTR-07:SETI,0,0,4,5,-5
SR21C-DI-EBPM-01:SA:X,10,-10,4,10,-10
SR21C-DI-EBPM-01:SA:Y,10,-10,4,10,-10
SR21C-DI-EBPM-02:SA:X,10,-10,4,10,-10
SR21C-DI-EBPM-02:SA:Y,10,-10,4,10,-10
SR21C-DI-EBPM-03:SA:X,10,-10,4,10,-10
SR21C-DI-EBPM-03:SA:Y,10,-10,4,10,-10
SR21C-DI-EBPM-04:SA:X,10,-10,4,10,-10
SR21C-DI-EBPM-04:SA:Y,10,-10,4,10,-10
SR21C-DI-EBPM-05:SA:X,10,-10,4,10,-10
SR21C-DI-EBPM-05:SA:Y,10,-10,4,10,-10
SR21C-DI-EBPM-06:SA:X,10,-10,4,10,-10
SR21C-DI-EBPM-06:SA:Y,10,-10,4,10,-10
SR21C-DI-EBPM-07:SA:X,10,-10,4,10,-10
SR21C-DI-EBPM-07:SA:Y,10,-10,4,10,-10
SR21I-PC-HSTR-11:I,5,-5,3,5,-5
SR21I-PC-HSTR-11:SETI,0,0,4,5,-5
SR21I-PC-HSTR-12:I,5,-5,3,5,-5
SR21I-PC-HSTR-12:SETI,0,0,4,5,-5
SR21I-PC-VSTR-11:I,5,-5,3,5,-5
SR21I-PC-VSTR-11:SETI,0,0,4,5,-5
SR21I-PC-VSTR-12:I,5,-5,3,5,-5
SR21I-PC-VSTR-12:SETI,0,0,4,5,-5
SR22A-PC-HSTR-01:I,5,-5,3,5,-5
SR22A-PC-HSTR-01:SETI,0,0,4,5,-5
SR22A-PC-HSTR-02:I,5,-5,3,5,-5
SR22A-PC-HSTR-02:SETI,0,0,4,5,-5
SR22A-PC-HSTR-03:I,5,-5,3,5,-5
SR22A-PC-HSTR-03:SETI,0,0,4,5,-5
SR22A-PC-HSTR-04:I,5,-5,3,5,-5
SR22A-PC-HSTR-04:SETI,0,0,4,5,-5
SR22A-PC-HSTR-05:I,5,-5,3,5,-5
SR22A-PC-HSTR-05:SETI,0,0,4,5,-5
SR22A-PC-HSTR-06:I,5,-5,3,5,-5
SR22A-PC-HSTR-06:SETI,0,0,4,5,-5
SR22A-PC-HSTR-07:I,5,-5,3,5,-5
SR22A-PC-HSTR-07:SETI,0,0,4,5,-5
SR22A-PC-Q1AB-05:I,200,0,3,200,0
SR22A-PC-Q1AB-05:SETI,0,0,4,200,0
SR22A-PC-Q1AB-06:I,200,0,3,200,0
SR22A-PC-Q1AB-06:SETI,0,0,4,200,0
SR22A-PC-Q1B-01:I,200,0,3,200,0
SR22A-PC-Q1B-01:SETI,0,0,4,200,0
SR22A-PC-Q1B-10:I,200,0,3,200,0
SR22A-PC-Q1B-10:SETI,0,0,4,200,0
SR22A-PC-Q2AB-04:I,200,0,3,200,0
SR22A-PC-Q2AB-04:SETI,0,0,4,200,0
SR22A-PC-Q2AB-07:I,200,0,3,200,0
SR22A-PC-Q2AB-07:SETI,0,0,4,200,0
SR22A-PC-Q2B-02:I,200,0,3,200,0
SR22A-PC-Q2B-02:SETI,0,0,4,200,0
SR22A-PC-Q2B-09:I,200,0,3,200,0
SR22A-PC-Q2B-09:SETI,0,0,4,200,0
SR22A-PC-Q3B-03:I,200,0,3,200,0
SR22A-PC-Q3B-03:SETI,0,0,4,200,0
SR22A-PC-Q3B-08:I,200,0,3,200,0
SR22A-PC-Q3B-08:SETI,0,0,4,200,0
SR22A-PC-S1A-04:I,110,0,3,110,0
SR22A-PC-S1A-04:SETI,0,0,4,110,0
SR22A-PC-S1B-01:I,100,0,3,100,0
SR22A-PC-S1B-01:SETI,0,0,4,100,0
SR22A-PC-S1B-07:I,100,0,3,100,0
SR22A-PC-S1B-07:SETI,0,0,4,100,0
SR22A-PC-S2A-03:I,100,0,3,100,0
SR22A-PC-S2A-03:SETI,0,0,4,100,0
SR22A-PC-S2A-05:I,100,0,3,100,0
SR22A-PC-S2A-05:SETI,0,0,4,100,0
SR22A-PC-S2B-02:I,100,0,3,100,0
SR22A-PC-S2B-02:SETI,0,0,4,100,0
SR22A-PC-S2B-06:I,120,0,3,120,0
SR22A-PC-S2B-06:SETI,0,0,4,120,0
SR22A-PC-SQUAD-01:I,5,-5,3,5,-5
SR22A-PC-SQUAD-01:SETI,0,0,4,5,-5
SR22A-PC-SQUAD-02:I,5,-5,3,5,-5
SR22A-PC-SQUAD-02:SETI,0,0,4,5,-5
SR22A-PC-SQUAD-03:I,5,-5,3,5,-5
SR22A-PC-SQUAD-03:SETI,0,0,4,5,-5
SR22A-PC-SQUAD-04:I,5,-5,3,5,-5
SR22A-PC-SQUAD-04:SETI,0,0,4,5,-5
SR22A-PC-VSTR-01:I,5,-5,3,5,-5
SR22A-PC-VSTR-01:SETI,0,0,4,5,-5
SR22A-PC-VSTR-02:I,5,-5,3,5,-5
SR22A-PC-VSTR-02:SETI,0,0,4,5,-5
SR22A-PC-VSTR-03:I,5,-5,3,5,-5
SR22A-PC-VSTR-03:SETI,0,0,4,5,-5
SR22A-PC-VSTR-04:I,5,-5,3,5,-5
SR22A-PC-VSTR-04:SETI,0,0,4,5,-5
SR22A-PC-VSTR-05:I,5,-5,3,5,-5
SR22A-PC-VSTR-05:SETI,0,0,4,5,-5
SR22A-PC-VSTR-06:I,5,-5,3,5,-5
SR22A-PC-VSTR-06:SETI,0,0,4,5,-5
SR22A-PC-VSTR-07:I,5,-5,3,5,-5
SR22A-PC-VSTR-07:SETI,0,0,4,5,-5
SR22C-DI-EBPM-01:SA:X,10,-10,4,10,-10
SR22C-DI-EBPM-01:SA:Y,10,-10,4,10,-10
SR22C-DI-EBPM-02:SA:X,10,-10,4,10,-10
SR22C-DI-EBPM-02:SA:Y,10,-10,4,10,-10
SR22C-DI-EBPM-03:SA:X,10,-10,4,10,-10
SR22C-DI-EBPM-03:SA:Y,10,-10,4,10,-10
SR22C-DI-EBPM-04:SA:X,10,-10,4,10,-10
SR22C-DI-EBPM-04:SA:Y,10,-10,4,10,-10
SR22C-DI-EBPM-05:SA:X,10,-10,4,10,-10
SR22C-DI-EBPM-05:SA:Y,10,-10,4,10,-10
SR22C-DI-EBPM-06:SA:X,10,-10,4,10,-10
SR22C-DI-EBPM-06:SA:Y,10,-10,4,10,-10
SR22C-DI-EBPM-07:SA:X,10,-10,4,10,-10
SR22C-DI-EBPM-07:SA:Y,10,-10,4,10,-10
SR22I-PC-HSTR-11:I,5,-5,3,5,-5
SR22I-PC-HSTR-11:SETI,0,0,4,5,-5
SR22I-PC-HSTR-12:I,5,-5,3,5,-5
SR22I-PC-HSTR-12:SETI,0,0,4,5,-5
SR22I-PC-VSTR-11:I,5,-5,3,5,-5
SR22I-PC-VSTR-11:SETI,0,0,4,5,-5
SR22I-PC-VSTR-12:I,5,-5,3,5,-5
SR22I-PC-VSTR-12:SETI,0,0,4,5,-5
SR23A-PC-HSTR-01:I,5,-5,3,5,-5
SR23A-PC-HSTR-01:SETI,0,0,4,5,-5
SR23A-PC-HSTR-02:I,5,-5,3,5,-5
SR23A-PC-HSTR-02:SETI,0,0,4,5,-5
SR23A-PC-HSTR-03:I,5,-5,3,5,-5
SR23A-PC-HSTR-03:SETI,0,0,4,5,-5
SR23A-PC-HSTR-04:I,5,-5,3,5,-5
SR23A-PC-HSTR-04:SETI,0,0,4,5,-5
SR23A-PC-HSTR-05:I,5,-5,3,5,-5
SR23A-PC-HSTR-05:SETI,0,0,4,5,-5
SR23A-PC-HSTR-06:I,5,-5,3,5,-5
SR23A-PC-HSTR-06:SETI,0,0,4,5,-5
SR23A-PC-HSTR-07:I,5,-5,3,5,-5
SR23A-PC-HSTR-07:SETI,0,0,4,5,-5
SR23A-PC-Q1AB-05:I,200,0,3,200,0
SR23A-PC-Q1AB-05:SETI,0,0,4,200,0
SR23A-PC-Q1AB-06:I,200,0,3,200,0
SR23A-PC-Q1AB-06:SETI,0,0,4,200,0
SR23A-PC-Q1B-01:I,200,0,3,200,0
SR23A-PC-Q1B-01:SETI,0,0,4,200,0
SR23A-PC-Q1B-10:I,200,0,3,200,0
SR23A-PC-Q1B-10:SETI,0,0,4,200,0
SR23A-PC-Q2AB-04:I,200,0,3,200,0
SR23A-PC-Q2AB-04:SETI,0,0,4,200,0
SR23A-PC-Q2AB-07:I,200,0,3,200,0
SR23A-PC-Q2AB-07:SETI,0,0,4,200,0
SR23A-PC-Q2B-02:I,200,0,3,200,0
SR23A-PC-Q2B-02:SETI,0,0,4,200,0
SR23A-PC-Q2B-09:I,200,0,3,200,0
SR23A-PC-Q2B-09:SETI,0,0,4,200,0
SR23A-PC-Q3B-03:I,200,0,3,200,0
SR23A-PC-Q3B-03:SETI,0,0,4,200,0
SR23A-PC-Q3B-08:I,200,0,3,200,0
SR23A-PC-Q3B-08:SETI,0,0,4,200,0
SR23A-PC-S1A-04:I,110,0,3,110,0
SR23A-PC-S1A-04:SETI,0,0,4,110,0
SR23A-PC-S1B-01:I,100,0,3,100,0
SR23A-PC-S1B-01:SETI,0,0,4,100,0
SR23A-PC-S1B-07:I,100,0,3,100,0
SR23A-PC-S1B-07:SETI,0,0,4,100,0
SR23A-PC-S2A-03:I,100,0,3,100,0
SR23A-PC-S2A-03:SETI,0,0,4,100,0
SR23A-PC-S2A-05:I,100,0,3,100,0
SR23A-PC-S2A-05:SETI,0,0,4,100,0
SR23A-PC-S2B-02:I,100,0,3,100,0
SR23A-PC-S2B-02:SETI,0,0,4,100,0
SR23A-PC-S2B-06:I,100,0,3,100,0
SR23A-PC-S2B-06:SETI,0,0,4,100,0
SR23A-PC-SQUAD-01:I,5,-5,3,5,-5
SR23A-PC-SQUAD-01:SETI,0,0,4,5,-5
SR23A-PC-SQUAD-02:I,5,-5,3,5,-5
SR23A-PC-SQUAD-02:SETI,0,0,4,5,-5
SR23A-PC-SQUAD-03:I,5,-5,3,5,-5
SR23A-PC-SQUAD-03:SETI,0,0,4,5,-5
SR23A-PC-SQUAD-04:I,5,-5,3,5,-5
SR23A-PC-SQUAD-04:SETI,0,0,4,5,-5
SR23A-PC-VSTR-01:I,5,-5,3,5,-5
SR23A-PC-VSTR-01:SETI,0,0,4,5,-5
SR23A-PC-VSTR-02:I,5,-5,3,5,-5
SR23A-PC-VSTR-02:SETI,0,0,4,5,-5
SR23A-PC-VSTR-03:I,5,-5,3,5,-5
SR23A-PC-VSTR-03:SETI,0,0,4,5,-5
SR23A-PC-VSTR-04:I,5,-5,3,5,-5
SR23A-PC-VSTR-04:SETI,0,0,4,5,-5
SR23A-PC-VSTR-05:I,5,-5,3,5,-5
SR23A-PC-VSTR-05:SETI,0,0,4,5,-5
SR23A-PC-VSTR-06:I,5,-5,3,5,-5
SR23A-PC-VSTR-06:SETI,0,0,4,5,-5
SR23A-PC-VSTR-07:I,5,-5,3,5,-5
SR23A-PC-VSTR-07:SETI,0,0,4,5,-5
SR23C-DI-EBPM-01:SA:X,10,-10,4,10,-10
SR23C-DI-EBPM-01:SA:Y,10,-10,4,10,-10
SR23C-DI-EBPM-02:SA:X,10,-10,4,10,-10
SR23C-DI-EBPM-02:SA:Y,10,-10,4,10,-10
SR23C-DI-EBPM-03:SA:X,10,-10,4,10,-10
SR23C-DI-EBPM-03:SA:Y,10,-10,4,10,-10
SR23C-DI-EBPM-04:SA:X,10,-10,4,10,-10
SR23C-DI-EBPM-04:SA:Y,10,-10,4,10,-10
SR23C-DI-EBPM-05:SA:X,10,-10,4,10,-10
SR23C-DI-EBPM-05:SA:Y,10,-10,4,10,-10
SR23C-DI-EBPM-06:SA:X,10,-10,4,10,-10
SR23C-DI-EBPM-06:SA:Y,10,-10,4,10,-10
SR23C-DI-EBPM-07:SA:X,10,-10,4,10,-10
SR23C-DI-EBPM-07:SA:Y,10,-10,4,10,-10
SR23I-PC-HSTR-11:I,5,-5,3,5,-5
SR23I-PC-HSTR-11:SETI,0,0,4,5,-5
SR23I-PC-HSTR-12:I,5,-5,3,5,-5
SR23I-PC-HSTR-12:SETI,0,0,4,5,-5
SR23I-PC-VSTR-11:I,5,-5,3,5,-5
SR23I-PC-VSTR-11:SETI,0,0,4,5,-5
SR23I-PC-VSTR-12:I,5,-5,3,5,-5
SR23I-PC-VSTR-12:SETI,0,0,4,5,-5
SR24A-PC-HSTR-01:I,5,-5,3,5,-5
SR24A-PC-HSTR-01:SETI,0,0,4,5,-5
SR24A-PC-HSTR-02:I,5,-5,3,5,-5
SR24A-PC-HSTR-02:SETI,0,0,4,5,-5
SR24A-PC-HSTR-03:I,5,-5,3,5,-5
SR24A-PC-HSTR-03:SETI,0,0,4,5,-5
SR24A-PC-HSTR-04:I,5,-5,3,5,-5
SR24A-PC-HSTR-04:SETI,0,0,4,5,-5
SR24A-PC-HSTR-05:I,5,-5,3,5,-5
SR24A-PC-HSTR-05:SETI,0,0,4,5,-5
SR24A-PC-HSTR-06:I,5,-5,3,5,-5
SR24A-PC-HSTR-06:SETI,0,0,4,5,-5
SR24A-PC-HSTR-07:I,5,-5,3,5,-5
SR24A-PC-HSTR-07:SETI,0,0,4,5,-5
SR24A-PC-Q1AB-05:I,200,0,3,200,0
SR24A-PC-Q1AB-05:SETI,0,0,4,200,0
SR24A-PC-Q1AD-06:I,200,0,3,200,0
SR24A-PC-Q1AD-06:SETI,0,0,4,200,0
SR24A-PC-Q1B-01:I,200,0,3,200,0
SR24A-PC-Q1B-01:SETI,0,0,4,200,0
SR24A-PC-Q1D-10:I,200,0,3,200,0
SR24A-PC-Q1D-10:SETI,0,0,4,200,0
SR24A-PC-Q2AB-04:I,200,0,3,200,0
SR24A-PC-Q2AB-04:SETI,0,0,4,200,0
SR24A-PC-Q2AD-07:I,200,0,3,200,0
SR24A-PC-Q2AD-07:SETI,0,0,4,200,0
SR24A-PC-Q2B-02:I,200,0,3,200,0
SR24A-PC-Q2B-02:SETI,0,0,4,200,0
SR24A-PC-Q2D-09:I,200,0,3,200,0
SR24A-PC-Q2D-09:SETI,0,0,4,200,0
SR24A-PC-Q3B-03:I,200,0,3,200,0
SR24A-PC-Q3B-03:SETI,0,0,4,200,0
SR24A-PC-Q3D-08:I,200,0,3,200,0
SR24A-PC-Q3D-08:SETI,0,0,4,200,0
SR24A-PC-S1A-04:I,110,0,3,110,0
SR24A-PC-S1A-04:SETI,0,0,4,110,0
SR24A-PC-S1C-01:I,100,0,3,100,0
SR24A-PC-S1C-01:SETI,0,0,4,100,0
SR24A-PC-S1D-07:I,100,0,3,100,0
SR24A-PC-S1D-07:SETI,0,0,4,100,0
SR24A-PC-S2A-03:I,100,0,3,100,0
SR24A-PC-S2A-03:SETI,0,0,4,100,0
SR24A-PC-S2A-05:I,100,0,3,100,0
SR24A-PC-S2A-05:SETI,0,0,4,100,0
SR24A-PC-S2C-02:I,100,0,3,100,0
SR24A-PC-S2C-02:SETI,0,0,4,100,0
SR24A-PC-S2D-06:I,100,0,3,100,0
SR24A-PC-S2D-06:SETI,0,0,4,100,0
SR24A-PC-SQUAD-01:I,5,-5,3,5,-5
SR24A-PC-SQUAD-01:SETI,0,0,4,5,-5
SR24A-PC-SQUAD-02:I,5,-5,3,5,-5
SR24A-PC-SQUAD-02:SETI,0,0,4,5,-5
SR24A-PC-SQUAD-03:I,5,-5,3,5,-5
SR24A-PC-SQUAD-03:SETI,0,0,4,5,-5
SR24A-PC-SQUAD-04:I,5,-5,3,5,-5
SR24A-PC-SQUAD-04:SETI,0,0,4,5,-5
SR24A-PC-VSTR-01:I,5,-5,3,5,-5
SR24A-PC-VSTR-01:SETI,0,0,4,5,-5
SR24A-PC-VSTR-02:I,5,-5,3,5,-5
SR24A-PC-VSTR-02:SETI,0,0,4,5,-5
SR24A-PC-VSTR-03:I,5,-5,3,5,-5
SR24A-PC-VSTR-03:SETI,0,0,4,5,-5
SR24A-PC-VSTR-04:I,5,-5,3,5,-5
SR24A-PC-VSTR-04:SETI,0,0,4,5,-5
SR24A-PC-VSTR-05:I,5,-5,3,5,-5
SR24A-PC-VSTR-05:SETI,0,0,4,5,-5
SR24A-PC-VSTR-06:I,5,-5,3,5,-5
SR24A-PC-VSTR-06:SETI,0,0,4,5,-5
SR24A-PC-VSTR-07:I,5,-5,3,5,-5
SR24A-PC-VSTR-07:SETI,0,0,4,5,-5
SR24C-DI-EBPM-01:SA:X,10,-10,4,10,-10
SR24C-DI-EBPM-01:SA:Y,10,-10,4,10,-10
SR24C-DI-EBPM-02:SA:X,10,-10,4,10,-10
SR24C-DI-EBPM-02:SA:Y,10,-10,4,10,-10
SR24C-DI-EBPM-03:SA:X,10,-10,4,10,-10
SR24C-DI-EBPM-03:SA:Y,10,-10,4,10,-10
SR24C-DI-EBPM-04:SA:X,10,-10,4,10,-10
SR24C-DI-EBPM-04:SA:Y,10,-10,4,10,-10
SR24C-DI-EBPM-05:SA:X,10,-10,4,10,-10
SR24C-DI-EBPM-05:SA:Y,10,-10,4,10,-10
SR24C-DI-EBPM-06:SA:X,10,-10,4,10,-10
SR24C-DI-EBPM-06:SA:Y,10,-10,4,10,-10
SR24C-DI-EBPM-07:SA:X,10,-10,4,10,-10
SR24C-DI-EBPM-07:SA:Y,10,-10,4,10,-10
