index,field,pv,value,record_type
1,cell_01_excite_amps,SR01A-CS-FOFB-01:EXCITE:AMPS,[0. 0. 0. 0. 0. 0. 0. 0. 0. 0. 0. 0. 0. 0. 0. 0. 0. 0.],wfm
1,cell_01_excite_deltas,SR01A-CS-FOFB-01:EXCITE:DELTAS,[0. 0. 0. 0. 0. 0. 0. 0. 0. 0. 0. 0. 0. 0. 0. 0. 0. 0.],wfm
1,cell_01_excite_prime,SR01A-CS-FOFB-01:EXCITE:PRIME,0,ao
1,cell_01_excite_start_times,SR01A-CS-FOFB-01:EXCITE:START_TIMES,[0. 0. 0. 0. 0. 0. 0. 0. 0. 0. 0. 0. 0. 0. 0. 0. 0. 0.],wfm
1,cell_01_excite_ticks,SR01A-CS-FOFB-01:EXCITE:TICKS,[0. 0. 0. 0. 0. 0. 0. 0. 0. 0. 0. 0. 0. 0. 0. 0. 0. 0.],wfm
2,cell_02_excite_amps,SR02A-CS-FOFB-01:EXCITE:AMPS,[0. 0. 0. 0. 0. 0. 0. 0. 0. 0. 0. 0. 0. 0. 0. 0. 0. 0.],wfm
2,cell_02_excite_deltas,SR02A-CS-FOFB-01:EXCITE:DELTAS,[0. 0. 0. 0. 0. 0. 0. 0. 0. 0. 0. 0. 0. 0. 0. 0. 0. 0.],wfm
2,cell_02_excite_prime,SR02A-CS-FOFB-01:EXCITE:PRIME,0,ao
2,cell_02_excite_start_times,SR02A-CS-FOFB-01:EXCITE:START_TIMES,[0. 0. 0. 0. 0. 0. 0. 0. 0. 0. 0. 0. 0. 0. 0. 0. 0. 0.],wfm
2,cell_02_excite_ticks,SR02A-CS-FOFB-01:EXCITE:TICKS,[0. 0. 0. 0. 0. 0. 0. 0. 0. 0. 0. 0. 0. 0. 0. 0. 0. 0.],wfm
3,bba_offset_x,SR01C-DI-EBPM-01:CF:BBA_X_S,0,ao
3,bba_offset_y,SR01C-DI-EBPM-01:CF:BBA_Y_S,0,ao
3,bcd_offset_x,SR01C-DI-EBPM-01:CF:BCD_X_S,0,ao
3,bcd_offset_y,SR01C-DI-EBPM-01:CF:BCD_Y_S,0,ao
3,cell_03_excite_amps,SR03A-CS-FOFB-01:EXCITE:AMPS,[0. 0. 0. 0. 0. 0. 0. 0. 0. 0. 0. 0. 0. 0. 0. 0. 0. 0.],wfm
3,cell_03_excite_deltas,SR03A-CS-FOFB-01:EXCITE:DELTAS,[0. 0. 0. 0. 0. 0. 0. 0. 0. 0. 0. 0. 0. 0. 0. 0. 0. 0.],wfm
3,cell_03_excite_prime,SR03A-CS-FOFB-01:EXCITE:PRIME,0,ao
3,cell_03_excite_start_times,SR03A-CS-FOFB-01:EXCITE:START_TIMES,[0. 0. 0. 0. 0. 0. 0. 0. 0. 0. 0. 0. 0. 0. 0. 0. 0. 0.],wfm
3,cell_03_excite_ticks,SR03A-CS-FOFB-01:EXCITE:TICKS,[0. 0. 0. 0. 0. 0. 0. 0. 0. 0. 0. 0. 0. 0. 0. 0. 0. 0.],wfm
3,golden_offset_x,SR01C-DI-EBPM-01:CF:GOLDEN_X_S,0,ao
3,golden_offset_y,SR01C-DI-EBPM-01:CF:GOLDEN_Y_S,0,ao
4,cell_04_excite_amps,SR04A-CS-FOFB-01:EXCITE:AMPS,[0. 0. 0. 0. 0. 0. 0. 0. 0. 0. 0. 0. 0. 0. 0. 0. 0. 0.],wfm
4,cell_04_excite_deltas,SR04A-CS-FOFB-01:EXCITE:DELTAS,[0. 0. 0. 0. 0. 0. 0. 0. 0. 0. 0. 0. 0. 0. 0. 0. 0. 0.],wfm
4,cell_04_excite_prime,SR04A-CS-FOFB-01:EXCITE:PRIME,0,ao
4,cell_04_excite_start_times,SR04A-CS-FOFB-01:EXCITE:START_TIMES,[0. 0. 0. 0. 0. 0. 0. 0. 0. 0. 0. 0. 0. 0. 0. 0. 0. 0.],wfm
4,cell_04_excite_ticks,SR04A-CS-FOFB-01:EXCITE:TICKS,[0. 0. 0. 0. 0. 0. 0. 0. 0. 0. 0. 0. 0. 0. 0. 0. 0. 0.],wfm
5,cell_05_excite_amps,SR05A-CS-FOFB-01:EXCITE:AMPS,[0. 0. 0. 0. 0. 0. 0. 0. 0. 0. 0. 0. 0. 0. 0. 0. 0. 0.],wfm
5,cell_05_excite_deltas,SR05A-CS-FOFB-01:EXCITE:DELTAS,[0. 0. 0. 0. 0. 0. 0. 0. 0. 0. 0. 0. 0. 0. 0. 0. 0. 0.],wfm
5,cell_05_excite_prime,SR05A-CS-FOFB-01:EXCITE:PRIME,0,ao
5,cell_05_excite_start_times,SR05A-CS-FOFB-01:EXCITE:START_TIMES,[0. 0. 0. 0. 0. 0. 0. 0. 0. 0. 0. 0. 0. 0. 0. 0. 0. 0.],wfm
5,cell_05_excite_ticks,SR05A-CS-FOFB-01:EXCITE:TICKS,[0. 0. 0. 0. 0. 0. 0. 0. 0. 0. 0. 0. 0. 0. 0. 0. 0. 0.],wfm
6,cell_06_excite_amps,SR06A-CS-FOFB-01:EXCITE:AMPS,[0. 0. 0. 0. 0. 0. 0. 0. 0. 0. 0. 0. 0. 0. 0. 0. 0. 0.],wfm
6,cell_06_excite_deltas,SR06A-CS-FOFB-01:EXCITE:DELTAS,[0. 0. 0. 0. 0. 0. 0. 0. 0. 0. 0. 0. 0. 0. 0. 0. 0. 0.],wfm
6,cell_06_excite_prime,SR06A-CS-FOFB-01:EXCITE:PRIME,0,ao
6,cell_06_excite_start_times,SR06A-CS-FOFB-01:EXCITE:START_TIMES,[0. 0. 0. 0. 0. 0. 0. 0. 0. 0. 0. 0. 0. 0. 0. 0. 0. 0.],wfm
6,cell_06_excite_ticks,SR06A-CS-FOFB-01:EXCITE:TICKS,[0. 0. 0. 0. 0. 0. 0. 0. 0. 0. 0. 0. 0. 0. 0. 0. 0. 0.],wfm
7,cell_07_excite_amps,SR07A-CS-FOFB-01:EXCITE:AMPS,[0. 0. 0. 0. 0. 0. 0. 0. 0. 0. 0. 0. 0. 0. 0. 0. 0. 0.],wfm
7,cell_07_excite_deltas,SR07A-CS-FOFB-01:EXCITE:DELTAS,[0. 0. 0. 0. 0. 0. 0. 0. 0. 0. 0. 0. 0. 0. 0. 0. 0. 0.],wfm
7,cell_07_excite_prime,SR07A-CS-FOFB-01:EXCITE:PRIME,0,ao
7,cell_07_excite_start_times,SR07A-CS-FOFB-01:EXCITE:START_TIMES,[0. 0. 0. 0. 0. 0. 0. 0. 0. 0. 0. 0. 0. 0. 0. 0. 0. 0.],wfm
7,cell_07_excite_ticks,SR07A-CS-FOFB-01:EXCITE:TICKS,[0. 0. 0. 0. 0. 0. 0. 0. 0. 0. 0. 0. 0. 0. 0. 0. 0. 0.],wfm
8,cell_08_excite_amps,SR08A-CS-FOFB-01:EXCITE:AMPS,[0. 0. 0. 0. 0. 0. 0. 0. 0. 0. 0. 0. 0. 0. 0. 0. 0. 0.],wfm
8,cell_08_excite_deltas,SR08A-CS-FOFB-01:EXCITE:DELTAS,[0. 0. 0. 0. 0. 0. 0. 0. 0. 0. 0. 0. 0. 0. 0. 0. 0. 0.],wfm
8,cell_08_excite_prime,SR08A-CS-FOFB-01:EXCITE:PRIME,0,ao
8,cell_08_excite_start_times,SR08A-CS-FOFB-01:EXCITE:START_TIMES,[0. 0. 0. 0. 0. 0. 0. 0. 0. 0. 0. 0. 0. 0. 0. 0. 0. 0.],wfm
8,cell_08_excite_ticks,SR08A-CS-FOFB-01:EXCITE:TICKS,[0. 0. 0. 0. 0. 0. 0. 0. 0. 0. 0. 0. 0. 0. 0. 0. 0. 0.],wfm
9,cell_09_excite_amps,SR09A-CS-FOFB-01:EXCITE:AMPS,[0. 0. 0. 0. 0. 0. 0. 0. 0. 0. 0. 0. 0. 0. 0. 0. 0. 0.],wfm
9,cell_09_excite_deltas,SR09A-CS-FOFB-01:EXCITE:DELTAS,[0. 0. 0. 0. 0. 0. 0. 0. 0. 0. 0. 0. 0. 0. 0. 0. 0. 0.],wfm
9,cell_09_excite_prime,SR09A-CS-FOFB-01:EXCITE:PRIME,0,ao
9,cell_09_excite_start_times,SR09A-CS-FOFB-01:EXCITE:START_TIMES,[0. 0. 0. 0. 0. 0. 0. 0. 0. 0. 0. 0. 0. 0. 0. 0. 0. 0.],wfm
9,cell_09_excite_ticks,SR09A-CS-FOFB-01:EXCITE:TICKS,[0. 0. 0. 0. 0. 0. 0. 0. 0. 0. 0. 0. 0. 0. 0. 0. 0. 0.],wfm
10,cell_10_excite_amps,SR10A-CS-FOFB-01:EXCITE:AMPS,[0. 0. 0. 0. 0. 0. 0. 0. 0. 0. 0. 0. 0. 0. 0. 0. 0. 0.],wfm
10,cell_10_excite_deltas,SR10A-CS-FOFB-01:EXCITE:DELTAS,[0. 0. 0. 0. 0. 0. 0. 0. 0. 0. 0. 0. 0. 0. 0. 0. 0. 0.],wfm
10,cell_10_excite_prime,SR10A-CS-FOFB-01:EXCITE:PRIME,0,ao
10,cell_10_excite_start_times,SR10A-CS-FOFB-01:EXCITE:START_TIMES,[0. 0. 0. 0. 0. 0. 0. 0. 0. 0. 0. 0. 0. 0. 0. 0. 0. 0.],wfm
10,cell_10_excite_ticks,SR10A-CS-FOFB-01:EXCITE:TICKS,[0. 0. 0. 0. 0. 0. 0. 0. 0. 0. 0. 0. 0. 0. 0. 0. 0. 0.],wfm
11,cell_11_excite_amps,SR11A-CS-FOFB-01:EXCITE:AMPS,[0. 0. 0. 0. 0. 0. 0. 0. 0. 0. 0. 0. 0. 0. 0. 0. 0. 0.],wfm
11,cell_11_excite_deltas,SR11A-CS-FOFB-01:EXCITE:DELTAS,[0. 0. 0. 0. 0. 0. 0. 0. 0. 0. 0. 0. 0. 0. 0. 0. 0. 0.],wfm
11,cell_11_excite_prime,SR11A-CS-FOFB-01:EXCITE:PRIME,0,ao
11,cell_11_excite_start_times,SR11A-CS-FOFB-01:EXCITE:START_TIMES,[0. 0. 0. 0. 0. 0. 0. 0. 0. 0. 0. 0. 0. 0. 0. 0. 0. 0.],wfm
11,cell_11_excite_ticks,SR11A-CS-FOFB-01:EXCITE:TICKS,[0. 0. 0. 0. 0. 0. 0. 0. 0. 0. 0. 0. 0. 0. 0. 0. 0. 0.],wfm
12,cell_12_excite_amps,SR12A-CS-FOFB-01:EXCITE:AMPS,[0. 0. 0. 0. 0. 0. 0. 0. 0. 0. 0. 0. 0. 0. 0. 0. 0. 0.],wfm
12,cell_12_excite_deltas,SR12A-CS-FOFB-01:EXCITE:DELTAS,[0. 0. 0. 0. 0. 0. 0. 0. 0. 0. 0. 0. 0. 0. 0. 0. 0. 0.],wfm
12,cell_12_excite_prime,SR12A-CS-FOFB-01:EXCITE:PRIME,0,ao
12,cell_12_excite_start_times,SR12A-CS-FOFB-01:EXCITE:START_TIMES,[0. 0. 0. 0. 0. 0. 0. 0. 0. 0. 0. 0. 0. 0. 0. 0. 0. 0.],wfm
12,cell_12_excite_ticks,SR12A-CS-FOFB-01:EXCITE:TICKS,[0. 0. 0. 0. 0. 0. 0. 0. 0. 0. 0. 0. 0. 0. 0. 0. 0. 0.],wfm
13,cell_13_excite_amps,SR13A-CS-FOFB-01:EXCITE:AMPS,[0. 0. 0. 0. 0. 0. 0. 0. 0. 0. 0. 0. 0. 0. 0. 0. 0. 0.],wfm
13,cell_13_excite_deltas,SR13A-CS-FOFB-01:EXCITE:DELTAS,[0. 0. 0. 0. 0. 0. 0. 0. 0. 0. 0. 0. 0. 0. 0. 0. 0. 0.],wfm
13,cell_13_excite_prime,SR13A-CS-FOFB-01:EXCITE:PRIME,0,ao
13,cell_13_excite_start_times,SR13A-CS-FOFB-01:EXCITE:START_TIMES,[0. 0. 0. 0. 0. 0. 0. 0. 0. 0. 0. 0. 0. 0. 0. 0. 0. 0.],wfm
13,cell_13_excite_ticks,SR13A-CS-FOFB-01:EXCITE:TICKS,[0. 0. 0. 0. 0. 0. 0. 0. 0. 0. 0. 0. 0. 0. 0. 0. 0. 0.],wfm
14,cell_14_excite_amps,SR14A-CS-FOFB-01:EXCITE:AMPS,[0. 0. 0. 0. 0. 0. 0. 0. 0. 0. 0. 0. 0. 0. 0. 0. 0. 0.],wfm
14,cell_14_excite_deltas,SR14A-CS-FOFB-01:EXCITE:DELTAS,[0. 0. 0. 0. 0. 0. 0. 0. 0. 0. 0. 0. 0. 0. 0. 0. 0. 0.],wfm
14,cell_14_excite_prime,SR14A-CS-FOFB-01:EXCITE:PRIME,0,ao
14,cell_14_excite_start_times,SR14A-CS-FOFB-01:EXCITE:START_TIMES,[0. 0. 0. 0. 0. 0. 0. 0. 0. 0. 0. 0. 0. 0. 0. 0. 0. 0.],wfm
14,cell_14_excite_ticks,SR14A-CS-FOFB-01:EXCITE:TICKS,[0. 0. 0. 0. 0. 0. 0. 0. 0. 0. 0. 0. 0. 0. 0. 0. 0. 0.],wfm
15,cell_15_excite_amps,SR15A-CS-FOFB-01:EXCITE:AMPS,[0. 0. 0. 0. 0. 0. 0. 0. 0. 0. 0. 0. 0. 0. 0. 0. 0. 0.],wfm
15,cell_15_excite_deltas,SR15A-CS-FOFB-01:EXCITE:DELTAS,[0. 0. 0. 0. 0. 0. 0. 0. 0. 0. 0. 0. 0. 0. 0. 0. 0. 0.],wfm
15,cell_15_excite_prime,SR15A-CS-FOFB-01:EXCITE:PRIME,0,ao
15,cell_15_excite_start_times,SR15A-CS-FOFB-01:EXCITE:START_TIMES,[0. 0. 0. 0. 0. 0. 0. 0. 0. 0. 0. 0. 0. 0. 0. 0. 0. 0.],wfm
15,cell_15_excite_ticks,SR15A-CS-FOFB-01:EXCITE:TICKS,[0. 0. 0. 0. 0. 0. 0. 0. 0. 0. 0. 0. 0. 0. 0. 0. 0. 0.],wfm
16,cell_16_excite_amps,SR16A-CS-FOFB-01:EXCITE:AMPS,[0. 0. 0. 0. 0. 0. 0. 0. 0. 0. 0. 0. 0. 0. 0. 0. 0. 0.],wfm
16,cell_16_excite_deltas,SR16A-CS-FOFB-01:EXCITE:DELTAS,[0. 0. 0. 0. 0. 0. 0. 0. 0. 0. 0. 0. 0. 0. 0. 0. 0. 0.],wfm
16,cell_16_excite_prime,SR16A-CS-FOFB-01:EXCITE:PRIME,0,ao
16,cell_16_excite_start_times,SR16A-CS-FOFB-01:EXCITE:START_TIMES,[0. 0. 0. 0. 0. 0. 0. 0. 0. 0. 0. 0. 0. 0. 0. 0. 0. 0.],wfm
16,cell_16_excite_ticks,SR16A-CS-FOFB-01:EXCITE:TICKS,[0. 0. 0. 0. 0. 0. 0. 0. 0. 0. 0. 0. 0. 0. 0. 0. 0. 0.],wfm
17,cell_17_excite_amps,SR17A-CS-FOFB-01:EXCITE:AMPS,[0. 0. 0. 0. 0. 0. 0. 0. 0. 0. 0. 0. 0. 0. 0. 0. 0. 0.],wfm
17,cell_17_excite_deltas,SR17A-CS-FOFB-01:EXCITE:DELTAS,[0. 0. 0. 0. 0. 0. 0. 0. 0. 0. 0. 0. 0. 0. 0. 0. 0. 0.],wfm
17,cell_17_excite_prime,SR17A-CS-FOFB-01:EXCITE:PRIME,0,ao
17,cell_17_excite_start_times,SR17A-CS-FOFB-01:EXCITE:START_TIMES,[0. 0. 0. 0. 0. 0. 0. 0. 0. 0. 0. 0. 0. 0. 0. 0. 0. 0.],wfm
17,cell_17_excite_ticks,SR17A-CS-FOFB-01:EXCITE:TICKS,[0. 0. 0. 0. 0. 0. 0. 0. 0. 0. 0. 0. 0. 0. 0. 0. 0. 0.],wfm
18,cell_18_excite_amps,SR18A-CS-FOFB-01:EXCITE:AMPS,[0. 0. 0. 0. 0. 0. 0. 0. 0. 0. 0. 0. 0. 0. 0. 0. 0. 0.],wfm
18,cell_18_excite_deltas,SR18A-CS-FOFB-01:EXCITE:DELTAS,[0. 0. 0. 0. 0. 0. 0. 0. 0. 0. 0. 0. 0. 0. 0. 0. 0. 0.],wfm
18,cell_18_excite_prime,SR18A-CS-FOFB-01:EXCITE:PRIME,0,ao
18,cell_18_excite_start_times,SR18A-CS-FOFB-01:EXCITE:START_TIMES,[0. 0. 0. 0. 0. 0. 0. 0. 0. 0. 0. 0. 0. 0. 0. 0. 0. 0.],wfm
18,cell_18_excite_ticks,SR18A-CS-FOFB-01:EXCITE:TICKS,[0. 0. 0. 0. 0. 0. 0. 0. 0. 0. 0. 0. 0. 0. 0. 0. 0. 0.],wfm
19,bba_offset_x,SR01C-DI-EBPM-02:CF:BBA_X_S,0,ao
19,bba_offset_y,SR01C-DI-EBPM-02:CF:BBA_Y_S,0,ao
19,bcd_offset_x,SR01C-DI-EBPM-02:CF:BCD_X_S,0,ao
19,bcd_offset_y,SR01C-DI-EBPM-02:CF:BCD_Y_S,0,ao
19,cell_19_excite_amps,SR19A-CS-FOFB-01:EXCITE:AMPS,[0. 0. 0. 0. 0. 0. 0. 0. 0. 0. 0. 0. 0. 0. 0. 0. 0. 0.],wfm
19,cell_19_excite_deltas,SR19A-CS-FOFB-01:EXCITE:DELTAS,[0. 0. 0. 0. 0. 0. 0. 0. 0. 0. 0. 0. 0. 0. 0. 0. 0. 0.],wfm
19,cell_19_excite_prime,SR19A-CS-FOFB-01:EXCITE:PRIME,0,ao
19,cell_19_excite_start_times,SR19A-CS-FOFB-01:EXCITE:START_TIMES,[0. 0. 0. 0. 0. 0. 0. 0. 0. 0. 0. 0. 0. 0. 0. 0. 0. 0.],wfm
19,cell_19_excite_ticks,SR19A-CS-FOFB-01:EXCITE:TICKS,[0. 0. 0. 0. 0. 0. 0. 0. 0. 0. 0. 0. 0. 0. 0. 0. 0. 0.],wfm
19,golden_offset_x,SR01C-DI-EBPM-02:CF:GOLDEN_X_S,0,ao
19,golden_offset_y,SR01C-DI-EBPM-02:CF:GOLDEN_Y_S,0,ao
20,cell_20_excite_amps,SR20A-CS-FOFB-01:EXCITE:AMPS,[0. 0. 0. 0. 0. 0. 0. 0. 0. 0. 0. 0. 0. 0. 0. 0. 0. 0.],wfm
20,cell_20_excite_deltas,SR20A-CS-FOFB-01:EXCITE:DELTAS,[0. 0. 0. 0. 0. 0. 0. 0. 0. 0. 0. 0. 0. 0. 0. 0. 0. 0.],wfm
20,cell_20_excite_prime,SR20A-CS-FOFB-01:EXCITE:PRIME,0,ao
20,cell_20_excite_start_times,SR20A-CS-FOFB-01:EXCITE:START_TIMES,[0. 0. 0. 0. 0. 0. 0. 0. 0. 0. 0. 0. 0. 0. 0. 0. 0. 0.],wfm
20,cell_20_excite_ticks,SR20A-CS-FOFB-01:EXCITE:TICKS,[0. 0. 0. 0. 0. 0. 0. 0. 0. 0. 0. 0. 0. 0. 0. 0. 0. 0.],wfm
21,cell_21_excite_amps,SR21A-CS-FOFB-01:EXCITE:AMPS,[0. 0. 0. 0. 0. 0. 0. 0. 0. 0. 0. 0. 0. 0. 0. 0. 0. 0.],wfm
21,cell_21_excite_deltas,SR21A-CS-FOFB-01:EXCITE:DELTAS,[0. 0. 0. 0. 0. 0. 0. 0. 0. 0. 0. 0. 0. 0. 0. 0. 0. 0.],wfm
21,cell_21_excite_prime,SR21A-CS-FOFB-01:EXCITE:PRIME,0,ao
21,cell_21_excite_start_times,SR21A-CS-FOFB-01:EXCITE:START_TIMES,[0. 0. 0. 0. 0. 0. 0. 0. 0. 0. 0. 0. 0. 0. 0. 0. 0. 0.],wfm
21,cell_21_excite_ticks,SR21A-CS-FOFB-01:EXCITE:TICKS,[0. 0. 0. 0. 0. 0. 0. 0. 0. 0. 0. 0. 0. 0. 0. 0. 0. 0.],wfm
22,cell_22_excite_amps,SR22A-CS-FOFB-01:EXCITE:AMPS,[0. 0. 0. 0. 0. 0. 0. 0. 0. 0. 0. 0. 0. 0. 0. 0. 0. 0.],wfm
22,cell_22_excite_deltas,SR22A-CS-FOFB-01:EXCITE:DELTAS,[0. 0. 0. 0. 0. 0. 0. 0. 0. 0. 0. 0. 0. 0. 0. 0. 0. 0.],wfm
22,cell_22_excite_prime,SR22A-CS-FOFB-01:EXCITE:PRIME,0,ao
22,cell_22_excite_start_times,SR22A-CS-FOFB-01:EXCITE:START_TIMES,[0. 0. 0. 0. 0. 0. 0. 0. 0. 0. 0. 0. 0. 0. 0. 0. 0. 0.],wfm
22,cell_22_excite_ticks,SR22A-CS-FOFB-01:EXCITE:TICKS,[0. 0. 0. 0. 0. 0. 0. 0. 0. 0. 0. 0. 0. 0. 0. 0. 0. 0.],wfm
23,cell_23_excite_amps,SR23A-CS-FOFB-01:EXCITE:AMPS,[0. 0. 0. 0. 0. 0. 0. 0. 0. 0. 0. 0. 0. 0. 0. 0. 0. 0.],wfm
23,cell_23_excite_deltas,SR23A-CS-FOFB-01:EXCITE:DELTAS,[0. 0. 0. 0. 0. 0. 0. 0. 0. 0. 0. 0. 0. 0. 0. 0. 0. 0.],wfm
23,cell_23_excite_prime,SR23A-CS-FOFB-01:EXCITE:PRIME,0,ao
23,cell_23_excite_start_times,SR23A-CS-FOFB-01:EXCITE:START_TIMES,[0. 0. 0. 0. 0. 0. 0. 0. 0. 0. 0. 0. 0. 0. 0. 0. 0. 0.],wfm
23,cell_23_excite_ticks,SR23A-CS-FOFB-01:EXCITE:TICKS,[0. 0. 0. 0. 0. 0. 0. 0. 0. 0. 0. 0. 0. 0. 0. 0. 0. 0.],wfm
24,cell_24_excite_amps,SR24A-CS-FOFB-01:EXCITE:AMPS,[0. 0. 0. 0. 0. 0. 0. 0. 0. 0. 0. 0. 0. 0. 0. 0. 0. 0.],wfm
24,cell_24_excite_deltas,SR24A-CS-FOFB-01:EXCITE:DELTAS,[0. 0. 0. 0. 0. 0. 0. 0. 0. 0. 0. 0. 0. 0. 0. 0. 0. 0.],wfm
24,cell_24_excite_prime,SR24A-CS-FOFB-01:EXCITE:PRIME,0,ao
24,cell_24_excite_start_times,SR24A-CS-FOFB-01:EXCITE:START_TIMES,[0. 0. 0. 0. 0. 0. 0. 0. 0. 0. 0. 0. 0. 0. 0. 0. 0. 0.],wfm
24,cell_24_excite_ticks,SR24A-CS-FOFB-01:EXCITE:TICKS,[0. 0. 0. 0. 0. 0. 0. 0. 0. 0. 0. 0. 0. 0. 0. 0. 0. 0.],wfm
25,bba_offset_x,SR01C-DI-EBPM-03:CF:BBA_X_S,0,ao
25,bba_offset_y,SR01C-DI-EBPM-03:CF:BBA_Y_S,0,ao
25,bcd_offset_x,SR01C-DI-EBPM-03:CF:BCD_X_S,0,ao
25,bcd_offset_y,SR01C-DI-EBPM-03:CF:BCD_Y_S,0,ao
25,golden_offset_x,SR01C-DI-EBPM-03:CF:GOLDEN_X_S,0,ao
25,golden_offset_y,SR01C-DI-EBPM-03:CF:GOLDEN_Y_S,0,ao
33,bba_offset_x,SR01C-DI-EBPM-04:CF:BBA_X_S,0,ao
33,bba_offset_y,SR01C-DI-EBPM-04:CF:BBA_Y_S,0,ao
33,bcd_offset_x,SR01C-DI-EBPM-04:CF:BCD_X_S,0,ao
33,bcd_offset_y,SR01C-DI-EBPM-04:CF:BCD_Y_S,0,ao
33,golden_offset_x,SR01C-DI-EBPM-04:CF:GOLDEN_X_S,0,ao
33,golden_offset_y,SR01C-DI-EBPM-04:CF:GOLDEN_Y_S,0,ao
47,bba_offset_x,SR01C-DI-EBPM-05:CF:BBA_X_S,0,ao
47,bba_offset_y,SR01C-DI-EBPM-05:CF:BBA_Y_S,0,ao
47,bcd_offset_x,SR01C-DI-EBPM-05:CF:BCD_X_S,0,ao
47,bcd_offset_y,SR01C-DI-EBPM-05:CF:BCD_Y_S,0,ao
47,golden_offset_x,SR01C-DI-EBPM-05:CF:GOLDEN_X_S,0,ao
47,golden_offset_y,SR01C-DI-EBPM-05:CF:GOLDEN_Y_S,0,ao
57,bba_offset_x,SR01C-DI-EBPM-06:CF:BBA_X_S,0,ao
57,bba_offset_y,SR01C-DI-EBPM-06:CF:BBA_Y_S,0,ao
57,bcd_offset_x,SR01C-DI-EBPM-06:CF:BCD_X_S,0,ao
57,bcd_offset_y,SR01C-DI-EBPM-06:CF:BCD_Y_S,0,ao
57,golden_offset_x,SR01C-DI-EBPM-06:CF:GOLDEN_X_S,0,ao
57,golden_offset_y,SR01C-DI-EBPM-06:CF:GOLDEN_Y_S,0,ao
67,bba_offset_x,SR01C-DI-EBPM-07:CF:BBA_X_S,0,ao
67,bba_offset_y,SR01C-DI-EBPM-07:CF:BBA_Y_S,0,ao
67,bcd_offset_x,SR01C-DI-EBPM-07:CF:BCD_X_S,0,ao
67,bcd_offset_y,SR01C-DI-EBPM-07:CF:BCD_Y_S,0,ao
67,golden_offset_x,SR01C-DI-EBPM-07:CF:GOLDEN_X_S,0,ao
67,golden_offset_y,SR01C-DI-EBPM-07:CF:GOLDEN_Y_S,0,ao
95,bba_offset_x,SR02C-DI-EBPM-01:CF:BBA_X_S,0,ao
95,bba_offset_y,SR02C-DI-EBPM-01:CF:BBA_Y_S,0,ao
95,bcd_offset_x,SR02C-DI-EBPM-01:CF:BCD_X_S,0,ao
95,bcd_offset_y,SR02C-DI-EBPM-01:CF:BCD_Y_S,0,ao
95,golden_offset_x,SR02C-DI-EBPM-01:CF:GOLDEN_X_S,0,ao
95,golden_offset_y,SR02C-DI-EBPM-01:CF:GOLDEN_Y_S,0,ao
118,bba_offset_x,SR02C-DI-EBPM-02:CF:BBA_X_S,0,ao
118,bba_offset_y,SR02C-DI-EBPM-02:CF:BBA_Y_S,0,ao
118,bcd_offset_x,SR02C-DI-EBPM-02:CF:BCD_X_S,0,ao
118,bcd_offset_y,SR02C-DI-EBPM-02:CF:BCD_Y_S,0,ao
118,golden_offset_x,SR02C-DI-EBPM-02:CF:GOLDEN_X_S,0,ao
118,golden_offset_y,SR02C-DI-EBPM-02:CF:GOLDEN_Y_S,0,ao
134,bba_offset_x,SR02C-DI-EBPM-03:CF:BBA_X_S,0,ao
134,bba_offset_y,SR02C-DI-EBPM-03:CF:BBA_Y_S,0,ao
134,bcd_offset_x,SR02C-DI-EBPM-03:CF:BCD_X_S,0,ao
134,bcd_offset_y,SR02C-DI-EBPM-03:CF:BCD_Y_S,0,ao
134,golden_offset_x,SR02C-DI-EBPM-03:CF:GOLDEN_X_S,0,ao
134,golden_offset_y,SR02C-DI-EBPM-03:CF:GOLDEN_Y_S,0,ao
147,bba_offset_x,SR02C-DI-EBPM-04:CF:BBA_X_S,0,ao
147,bba_offset_y,SR02C-DI-EBPM-04:CF:BBA_Y_S,0,ao
147,bcd_offset_x,SR02C-DI-EBPM-04:CF:BCD_X_S,0,ao
147,bcd_offset_y,SR02C-DI-EBPM-04:CF:BCD_Y_S,0,ao
147,golden_offset_x,SR02C-DI-EBPM-04:CF:GOLDEN_X_S,0,ao
147,golden_offset_y,SR02C-DI-EBPM-04:CF:GOLDEN_Y_S,0,ao
161,bba_offset_x,SR02C-DI-EBPM-05:CF:BBA_X_S,0,ao
161,bba_offset_y,SR02C-DI-EBPM-05:CF:BBA_Y_S,0,ao
161,bcd_offset_x,SR02C-DI-EBPM-05:CF:BCD_X_S,0,ao
161,bcd_offset_y,SR02C-DI-EBPM-05:CF:BCD_Y_S,0,ao
161,golden_offset_x,SR02C-DI-EBPM-05:CF:GOLDEN_X_S,0,ao
161,golden_offset_y,SR02C-DI-EBPM-05:CF:GOLDEN_Y_S,0,ao
183,bba_offset_x,SR02C-DI-EBPM-06:CF:BBA_X_S,0,ao
183,bba_offset_y,SR02C-DI-EBPM-06:CF:BBA_Y_S,0,ao
183,bcd_offset_x,SR02C-DI-EBPM-06:CF:BCD_X_S,0,ao
183,bcd_offset_y,SR02C-DI-EBPM-06:CF:BCD_Y_S,0,ao
183,golden_offset_x,SR02C-DI-EBPM-06:CF:GOLDEN_X_S,0,ao
183,golden_offset_y,SR02C-DI-EBPM-06:CF:GOLDEN_Y_S,0,ao
193,bba_offset_x,SR02C-DI-EBPM-07:CF:BBA_X_S,0,ao
193,bba_offset_y,SR02C-DI-EBPM-07:CF:BBA_Y_S,0,ao
193,bcd_offset_x,SR02C-DI-EBPM-07:CF:BCD_X_S,0,ao
193,bcd_offset_y,SR02C-DI-EBPM-07:CF:BCD_Y_S,0,ao
193,golden_offset_x,SR02C-DI-EBPM-07:CF:GOLDEN_X_S,0,ao
193,golden_offset_y,SR02C-DI-EBPM-07:CF:GOLDEN_Y_S,0,ao
218,bba_offset_x,SR02C-DI-EBPM-08:CF:BBA_X_S,0,ao
218,bba_offset_y,SR02C-DI-EBPM-08:CF:BBA_Y_S,0,ao
218,bcd_offset_x,SR02C-DI-EBPM-08:CF:BCD_X_S,0,ao
218,bcd_offset_y,SR02C-DI-EBPM-08:CF:BCD_Y_S,0,ao
218,golden_offset_x,SR02C-DI-EBPM-08:CF:GOLDEN_X_S,0,ao
218,golden_offset_y,SR02C-DI-EBPM-08:CF:GOLDEN_Y_S,0,ao
246,bba_offset_x,SR03C-DI-EBPM-01:CF:BBA_X_S,0,ao
246,bba_offset_y,SR03C-DI-EBPM-01:CF:BBA_Y_S,0,ao
246,bcd_offset_x,SR03C-DI-EBPM-01:CF:BCD_X_S,0,ao
246,bcd_offset_y,SR03C-DI-EBPM-01:CF:BCD_Y_S,0,ao
246,golden_offset_x,SR03C-DI-EBPM-01:CF:GOLDEN_X_S,0,ao
246,golden_offset_y,SR03C-DI-EBPM-01:CF:GOLDEN_Y_S,0,ao
262,bba_offset_x,SR03C-DI-EBPM-02:CF:BBA_X_S,0,ao
262,bba_offset_y,SR03C-DI-EBPM-02:CF:BBA_Y_S,0,ao
262,bcd_offset_x,SR03C-DI-EBPM-02:CF:BCD_X_S,0,ao
262,bcd_offset_y,SR03C-DI-EBPM-02:CF:BCD_Y_S,0,ao
262,golden_offset_x,SR03C-DI-EBPM-02:CF:GOLDEN_X_S,0,ao
262,golden_offset_y,SR03C-DI-EBPM-02:CF:GOLDEN_Y_S,0,ao
268,bba_offset_x,SR03C-DI-EBPM-03:CF:BBA_X_S,0,ao
268,bba_offset_y,SR03C-DI-EBPM-03:CF:BBA_Y_S,0,ao
268,bcd_offset_x,SR03C-DI-EBPM-03:CF:BCD_X_S,0,ao
268,bcd_offset_y,SR03C-DI-EBPM-03:CF:BCD_Y_S,0,ao
268,golden_offset_x,SR03C-DI-EBPM-03:CF:GOLDEN_X_S,0,ao
268,golden_offset_y,SR03C-DI-EBPM-03:CF:GOLDEN_Y_S,0,ao
276,bba_offset_x,SR03C-DI-EBPM-04:CF:BBA_X_S,0,ao
276,bba_offset_y,SR03C-DI-EBPM-04:CF:BBA_Y_S,0,ao
276,bcd_offset_x,SR03C-DI-EBPM-04:CF:BCD_X_S,0,ao
276,bcd_offset_y,SR03C-DI-EBPM-04:CF:BCD_Y_S,0,ao
276,golden_offset_x,SR03C-DI-EBPM-04:CF:GOLDEN_X_S,0,ao
276,golden_offset_y,SR03C-DI-EBPM-04:CF:GOLDEN_Y_S,0,ao
290,bba_offset_x,SR03C-DI-EBPM-05:CF:BBA_X_S,0,ao
290,bba_offset_y,SR03C-DI-EBPM-05:CF:BBA_Y_S,0,ao
290,bcd_offset_x,SR03C-DI-EBPM-05:CF:BCD_X_S,0,ao
290,bcd_offset_y,SR03C-DI-EBPM-05:CF:BCD_Y_S,0,ao
290,golden_offset_x,SR03C-DI-EBPM-05:CF:GOLDEN_X_S,0,ao
290,golden_offset_y,SR03C-DI-EBPM-05:CF:GOLDEN_Y_S,0,ao
300,bba_offset_x,SR03C-DI-EBPM-06:CF:BBA_X_S,0,ao
300,bba_offset_y,SR03C-DI-EBPM-06:CF:BBA_Y_S,0,ao
300,bcd_offset_x,SR03C-DI-EBPM-06:CF:BCD_X_S,0,ao
300,bcd_offset_y,SR03C-DI-EBPM-06:CF:BCD_Y_S,0,ao
300,golden_offset_x,SR03C-DI-EBPM-06:CF:GOLDEN_X_S,0,ao
300,golden_offset_y,SR03C-DI-EBPM-06:CF:GOLDEN_Y_S,0,ao
310,bba_offset_x,SR03C-DI-EBPM-07:CF:BBA_X_S,0,ao
310,bba_offset_y,SR03C-DI-EBPM-07:CF:BBA_Y_S,0,ao
310,bcd_offset_x,SR03C-DI-EBPM-07:CF:BCD_X_S,0,ao
310,bcd_offset_y,SR03C-DI-EBPM-07:CF:BCD_Y_S,0,ao
310,golden_offset_x,SR03C-DI-EBPM-07:CF:GOLDEN_X_S,0,ao
310,golden_offset_y,SR03C-DI-EBPM-07:CF:GOLDEN_Y_S,0,ao
344,bba_offset_x,SR04C-DI-EBPM-01:CF:BBA_X_S,0,ao
344,bba_offset_y,SR04C-DI-EBPM-01:CF:BBA_Y_S,0,ao
344,bcd_offset_x,SR04C-DI-EBPM-01:CF:BCD_X_S,0,ao
344,bcd_offset_y,SR04C-DI-EBPM-01:CF:BCD_Y_S,0,ao
344,golden_offset_x,SR04C-DI-EBPM-01:CF:GOLDEN_X_S,0,ao
344,golden_offset_y,SR04C-DI-EBPM-01:CF:GOLDEN_Y_S,0,ao
360,bba_offset_x,SR04C-DI-EBPM-02:CF:BBA_X_S,0,ao
360,bba_offset_y,SR04C-DI-EBPM-02:CF:BBA_Y_S,0,ao
360,bcd_offset_x,SR04C-DI-EBPM-02:CF:BCD_X_S,0,ao
360,bcd_offset_y,SR04C-DI-EBPM-02:CF:BCD_Y_S,0,ao
360,golden_offset_x,SR04C-DI-EBPM-02:CF:GOLDEN_X_S,0,ao
360,golden_offset_y,SR04C-DI-EBPM-02:CF:GOLDEN_Y_S,0,ao
366,bba_offset_x,SR04C-DI-EBPM-03:CF:BBA_X_S,0,ao
366,bba_offset_y,SR04C-DI-EBPM-03:CF:BBA_Y_S,0,ao
366,bcd_offset_x,SR04C-DI-EBPM-03:CF:BCD_X_S,0,ao
366,bcd_offset_y,SR04C-DI-EBPM-03:CF:BCD_Y_S,0,ao
366,golden_offset_x,SR04C-DI-EBPM-03:CF:GOLDEN_X_S,0,ao
366,golden_offset_y,SR04C-DI-EBPM-03:CF:GOLDEN_Y_S,0,ao
374,bba_offset_x,SR04C-DI-EBPM-04:CF:BBA_X_S,0,ao
374,bba_offset_y,SR04C-DI-EBPM-04:CF:BBA_Y_S,0,ao
374,bcd_offset_x,SR04C-DI-EBPM-04:CF:BCD_X_S,0,ao
374,bcd_offset_y,SR04C-DI-EBPM-04:CF:BCD_Y_S,0,ao
374,golden_offset_x,SR04C-DI-EBPM-04:CF:GOLDEN_X_S,0,ao
374,golden_offset_y,SR04C-DI-EBPM-04:CF:GOLDEN_Y_S,0,ao
388,bba_offset_x,SR04C-DI-EBPM-05:CF:BBA_X_S,0,ao
388,bba_offset_y,SR04C-DI-EBPM-05:CF:BBA_Y_S,0,ao
388,bcd_offset_x,SR04C-DI-EBPM-05:CF:BCD_X_S,0,ao
388,bcd_offset_y,SR04C-DI-EBPM-05:CF:BCD_Y_S,0,ao
388,golden_offset_x,SR04C-DI-EBPM-05:CF:GOLDEN_X_S,0,ao
388,golden_offset_y,SR04C-DI-EBPM-05:CF:GOLDEN_Y_S,0,ao
398,bba_offset_x,SR04C-DI-EBPM-06:CF:BBA_X_S,0,ao
398,bba_offset_y,SR04C-DI-EBPM-06:CF:BBA_Y_S,0,ao
398,bcd_offset_x,SR04C-DI-EBPM-06:CF:BCD_X_S,0,ao
398,bcd_offset_y,SR04C-DI-EBPM-06:CF:BCD_Y_S,0,ao
398,golden_offset_x,SR04C-DI-EBPM-06:CF:GOLDEN_X_S,0,ao
398,golden_offset_y,SR04C-DI-EBPM-06:CF:GOLDEN_Y_S,0,ao
408,bba_offset_x,SR04C-DI-EBPM-07:CF:BBA_X_S,0,ao
408,bba_offset_y,SR04C-DI-EBPM-07:CF:BBA_Y_S,0,ao
408,bcd_offset_x,SR04C-DI-EBPM-07:CF:BCD_X_S,0,ao
408,bcd_offset_y,SR04C-DI-EBPM-07:CF:BCD_Y_S,0,ao
408,golden_offset_x,SR04C-DI-EBPM-07:CF:GOLDEN_X_S,0,ao
408,golden_offset_y,SR04C-DI-EBPM-07:CF:GOLDEN_Y_S,0,ao
425,bba_offset_x,SR05C-DI-EBPM-01:CF:BBA_X_S,0,ao
425,bba_offset_y,SR05C-DI-EBPM-01:CF:BBA_Y_S,0,ao
425,bcd_offset_x,SR05C-DI-EBPM-01:CF:BCD_X_S,0,ao
425,bcd_offset_y,SR05C-DI-EBPM-01:CF:BCD_Y_S,0,ao
425,golden_offset_x,SR05C-DI-EBPM-01:CF:GOLDEN_X_S,0,ao
425,golden_offset_y,SR05C-DI-EBPM-01:CF:GOLDEN_Y_S,0,ao
441,bba_offset_x,SR05C-DI-EBPM-02:CF:BBA_X_S,0,ao
441,bba_offset_y,SR05C-DI-EBPM-02:CF:BBA_Y_S,0,ao
441,bcd_offset_x,SR05C-DI-EBPM-02:CF:BCD_X_S,0,ao
441,bcd_offset_y,SR05C-DI-EBPM-02:CF:BCD_Y_S,0,ao
441,golden_offset_x,SR05C-DI-EBPM-02:CF:GOLDEN_X_S,0,ao
441,golden_offset_y,SR05C-DI-EBPM-02:CF:GOLDEN_Y_S,0,ao
447,bba_offset_x,SR05C-DI-EBPM-03:CF:BBA_X_S,0,ao
447,bba_offset_y,SR05C-DI-EBPM-03:CF:BBA_Y_S,0,ao
447,bcd_offset_x,SR05C-DI-EBPM-03:CF:BCD_X_S,0,ao
447,bcd_offset_y,SR05C-DI-EBPM-03:CF:BCD_Y_S,0,ao
447,golden_offset_x,SR05C-DI-EBPM-03:CF:GOLDEN_X_S,0,ao
447,golden_offset_y,SR05C-DI-EBPM-03:CF:GOLDEN_Y_S,0,ao
455,bba_offset_x,SR05C-DI-EBPM-04:CF:BBA_X_S,0,ao
455,bba_offset_y,SR05C-DI-EBPM-04:CF:BBA_Y_S,0,ao
455,bcd_offset_x,SR05C-DI-EBPM-04:CF:BCD_X_S,0,ao
455,bcd_offset_y,SR05C-DI-EBPM-04:CF:BCD_Y_S,0,ao
455,golden_offset_x,SR05C-DI-EBPM-04:CF:GOLDEN_X_S,0,ao
455,golden_offset_y,SR05C-DI-EBPM-04:CF:GOLDEN_Y_S,0,ao
469,bba_offset_x,SR05C-DI-EBPM-05:CF:BBA_X_S,0,ao
469,bba_offset_y,SR05C-DI-EBPM-05:CF:BBA_Y_S,0,ao
469,bcd_offset_x,SR05C-DI-EBPM-05:CF:BCD_X_S,0,ao
469,bcd_offset_y,SR05C-DI-EBPM-05:CF:BCD_Y_S,0,ao
469,golden_offset_x,SR05C-DI-EBPM-05:CF:GOLDEN_X_S,0,ao
469,golden_offset_y,SR05C-DI-EBPM-05:CF:GOLDEN_Y_S,0,ao
479,bba_offset_x,SR05C-DI-EBPM-06:CF:BBA_X_S,0,ao
479,bba_offset_y,SR05C-DI-EBPM-06:CF:BBA_Y_S,0,ao
479,bcd_offset_x,SR05C-DI-EBPM-06:CF:BCD_X_S,0,ao
479,bcd_offset_y,SR05C-DI-EBPM-06:CF:BCD_Y_S,0,ao
479,golden_offset_x,SR05C-DI-EBPM-06:CF:GOLDEN_X_S,0,ao
479,golden_offset_y,SR05C-DI-EBPM-06:CF:GOLDEN_Y_S,0,ao
489,bba_offset_x,SR05C-DI-EBPM-07:CF:BBA_X_S,0,ao
489,bba_offset_y,SR05C-DI-EBPM-07:CF:BBA_Y_S,0,ao
489,bcd_offset_x,SR05C-DI-EBPM-07:CF:BCD_X_S,0,ao
489,bcd_offset_y,SR05C-DI-EBPM-07:CF:BCD_Y_S,0,ao
489,golden_offset_x,SR05C-DI-EBPM-07:CF:GOLDEN_X_S,0,ao
489,golden_offset_y,SR05C-DI-EBPM-07:CF:GOLDEN_Y_S,0,ao
516,bba_offset_x,SR06C-DI-EBPM-01:CF:BBA_X_S,0,ao
516,bba_offset_y,SR06C-DI-EBPM-01:CF:BBA_Y_S,0,ao
516,bcd_offset_x,SR06C-DI-EBPM-01:CF:BCD_X_S,0,ao
516,bcd_offset_y,SR06C-DI-EBPM-01:CF:BCD_Y_S,0,ao
516,golden_offset_x,SR06C-DI-EBPM-01:CF:GOLDEN_X_S,0,ao
516,golden_offset_y,SR06C-DI-EBPM-01:CF:GOLDEN_Y_S,0,ao
532,bba_offset_x,SR06C-DI-EBPM-02:CF:BBA_X_S,0,ao
532,bba_offset_y,SR06C-DI-EBPM-02:CF:BBA_Y_S,0,ao
532,bcd_offset_x,SR06C-DI-EBPM-02:CF:BCD_X_S,0,ao
532,bcd_offset_y,SR06C-DI-EBPM-02:CF:BCD_Y_S,0,ao
532,golden_offset_x,SR06C-DI-EBPM-02:CF:GOLDEN_X_S,0,ao
532,golden_offset_y,SR06C-DI-EBPM-02:CF:GOLDEN_Y_S,0,ao
538,bba_offset_x,SR06C-DI-EBPM-03:CF:BBA_X_S,0,ao
538,bba_offset_y,SR06C-DI-EBPM-03:CF:BBA_Y_S,0,ao
538,bcd_offset_x,SR06C-DI-EBPM-03:CF:BCD_X_S,0,ao
538,bcd_offset_y,SR06C-DI-EBPM-03:CF:BCD_Y_S,0,ao
538,golden_offset_x,SR06C-DI-EBPM-03:CF:GOLDEN_X_S,0,ao
538,golden_offset_y,SR06C-DI-EBPM-03:CF:GOLDEN_Y_S,0,ao
546,bba_offset_x,SR06C-DI-EBPM-04:CF:BBA_X_S,0,ao
546,bba_offset_y,SR06C-DI-EBPM-04:CF:BBA_Y_S,0,ao
546,bcd_offset_x,SR06C-DI-EBPM-04:CF:BCD_X_S,0,ao
546,bcd_offset_y,SR06C-DI-EBPM-04:CF:BCD_Y_S,0,ao
546,golden_offset_x,SR06C-DI-EBPM-04:CF:GOLDEN_X_S,0,ao
546,golden_offset_y,SR06C-DI-EBPM-04:CF:GOLDEN_Y_S,0,ao
560,bba_offset_x,SR06C-DI-EBPM-05:CF:BBA_X_S,0,ao
560,bba_offset_y,SR06C-DI-EBPM-05:CF:BBA_Y_S,0,ao
560,bcd_offset_x,SR06C-DI-EBPM-05:CF:BCD_X_S,0,ao
560,bcd_offset_y,SR06C-DI-EBPM-05:CF:BCD_Y_S,0,ao
560,golden_offset_x,SR06C-DI-EBPM-05:CF:GOLDEN_X_S,0,ao
560,golden_offset_y,SR06C-DI-EBPM-05:CF:GOLDEN_Y_S,0,ao
570,bba_offset_x,SR06C-DI-EBPM-06:CF:BBA_X_S,0,ao
570,bba_offset_y,SR06C-DI-EBPM-06:CF:BBA_Y_S,0,ao
570,bcd_offset_x,SR06C-DI-EBPM-06:CF:BCD_X_S,0,ao
570,bcd_offset_y,SR06C-DI-EBPM-06:CF:BCD_Y_S,0,ao
570,golden_offset_x,SR06C-DI-EBPM-06:CF:GOLDEN_X_S,0,ao
570,golden_offset_y,SR06C-DI-EBPM-06:CF:GOLDEN_Y_S,0,ao
580,bba_offset_x,SR06C-DI-EBPM-07:CF:BBA_X_S,0,ao
580,bba_offset_y,SR06C-DI-EBPM-07:CF:BBA_Y_S,0,ao
580,bcd_offset_x,SR06C-DI-EBPM-07:CF:BCD_X_S,0,ao
580,bcd_offset_y,SR06C-DI-EBPM-07:CF:BCD_Y_S,0,ao
580,golden_offset_x,SR06C-DI-EBPM-07:CF:GOLDEN_X_S,0,ao
580,golden_offset_y,SR06C-DI-EBPM-07:CF:GOLDEN_Y_S,0,ao
608,bba_offset_x,SR07C-DI-EBPM-01:CF:BBA_X_S,0,ao
608,bba_offset_y,SR07C-DI-EBPM-01:CF:BBA_Y_S,0,ao
608,bcd_offset_x,SR07C-DI-EBPM-01:CF:BCD_X_S,0,ao
608,bcd_offset_y,SR07C-DI-EBPM-01:CF:BCD_Y_S,0,ao
608,golden_offset_x,SR07C-DI-EBPM-01:CF:GOLDEN_X_S,0,ao
608,golden_offset_y,SR07C-DI-EBPM-01:CF:GOLDEN_Y_S,0,ao
624,bba_offset_x,SR07C-DI-EBPM-02:CF:BBA_X_S,0,ao
624,bba_offset_y,SR07C-DI-EBPM-02:CF:BBA_Y_S,0,ao
624,bcd_offset_x,SR07C-DI-EBPM-02:CF:BCD_X_S,0,ao
624,bcd_offset_y,SR07C-DI-EBPM-02:CF:BCD_Y_S,0,ao
624,golden_offset_x,SR07C-DI-EBPM-02:CF:GOLDEN_X_S,0,ao
624,golden_offset_y,SR07C-DI-EBPM-02:CF:GOLDEN_Y_S,0,ao
630,bba_offset_x,SR07C-DI-EBPM-03:CF:BBA_X_S,0,ao
630,bba_offset_y,SR07C-DI-EBPM-03:CF:BBA_Y_S,0,ao
630,bcd_offset_x,SR07C-DI-EBPM-03:CF:BCD_X_S,0,ao
630,bcd_offset_y,SR07C-DI-EBPM-03:CF:BCD_Y_S,0,ao
630,golden_offset_x,SR07C-DI-EBPM-03:CF:GOLDEN_X_S,0,ao
630,golden_offset_y,SR07C-DI-EBPM-03:CF:GOLDEN_Y_S,0,ao
638,bba_offset_x,SR07C-DI-EBPM-04:CF:BBA_X_S,0,ao
638,bba_offset_y,SR07C-DI-EBPM-04:CF:BBA_Y_S,0,ao
638,bcd_offset_x,SR07C-DI-EBPM-04:CF:BCD_X_S,0,ao
638,bcd_offset_y,SR07C-DI-EBPM-04:CF:BCD_Y_S,0,ao
638,golden_offset_x,SR07C-DI-EBPM-04:CF:GOLDEN_X_S,0,ao
638,golden_offset_y,SR07C-DI-EBPM-04:CF:GOLDEN_Y_S,0,ao
652,bba_offset_x,SR07C-DI-EBPM-05:CF:BBA_X_S,0,ao
652,bba_offset_y,SR07C-DI-EBPM-05:CF:BBA_Y_S,0,ao
652,bcd_offset_x,SR07C-DI-EBPM-05:CF:BCD_X_S,0,ao
652,bcd_offset_y,SR07C-DI-EBPM-05:CF:BCD_Y_S,0,ao
652,golden_offset_x,SR07C-DI-EBPM-05:CF:GOLDEN_X_S,0,ao
652,golden_offset_y,SR07C-DI-EBPM-05:CF:GOLDEN_Y_S,0,ao
663,bba_offset_x,SR07C-DI-EBPM-06:CF:BBA_X_S,0,ao
663,bba_offset_y,SR07C-DI-EBPM-06:CF:BBA_Y_S,0,ao
663,bcd_offset_x,SR07C-DI-EBPM-06:CF:BCD_X_S,0,ao
663,bcd_offset_y,SR07C-DI-EBPM-06:CF:BCD_Y_S,0,ao
663,golden_offset_x,SR07C-DI-EBPM-06:CF:GOLDEN_X_S,0,ao
663,golden_offset_y,SR07C-DI-EBPM-06:CF:GOLDEN_Y_S,0,ao
673,bba_offset_x,SR07C-DI-EBPM-07:CF:BBA_X_S,0,ao
673,bba_offset_y,SR07C-DI-EBPM-07:CF:BBA_Y_S,0,ao
673,bcd_offset_x,SR07C-DI-EBPM-07:CF:BCD_X_S,0,ao
673,bcd_offset_y,SR07C-DI-EBPM-07:CF:BCD_Y_S,0,ao
673,golden_offset_x,SR07C-DI-EBPM-07:CF:GOLDEN_X_S,0,ao
673,golden_offset_y,SR07C-DI-EBPM-07:CF:GOLDEN_Y_S,0,ao
687,bba_offset_x,SR08C-DI-EBPM-01:CF:BBA_X_S,0,ao
687,bba_offset_y,SR08C-DI-EBPM-01:CF:BBA_Y_S,0,ao
687,bcd_offset_x,SR08C-DI-EBPM-01:CF:BCD_X_S,0,ao
687,bcd_offset_y,SR08C-DI-EBPM-01:CF:BCD_Y_S,0,ao
687,golden_offset_x,SR08C-DI-EBPM-01:CF:GOLDEN_X_S,0,ao
687,golden_offset_y,SR08C-DI-EBPM-01:CF:GOLDEN_Y_S,0,ao
703,bba_offset_x,SR08C-DI-EBPM-02:CF:BBA_X_S,0,ao
703,bba_offset_y,SR08C-DI-EBPM-02:CF:BBA_Y_S,0,ao
703,bcd_offset_x,SR08C-DI-EBPM-02:CF:BCD_X_S,0,ao
703,bcd_offset_y,SR08C-DI-EBPM-02:CF:BCD_Y_S,0,ao
703,golden_offset_x,SR08C-DI-EBPM-02:CF:GOLDEN_X_S,0,ao
703,golden_offset_y,SR08C-DI-EBPM-02:CF:GOLDEN_Y_S,0,ao
709,bba_offset_x,SR08C-DI-EBPM-03:CF:BBA_X_S,0,ao
709,bba_offset_y,SR08C-DI-EBPM-03:CF:BBA_Y_S,0,ao
709,bcd_offset_x,SR08C-DI-EBPM-03:CF:BCD_X_S,0,ao
709,bcd_offset_y,SR08C-DI-EBPM-03:CF:BCD_Y_S,0,ao
709,golden_offset_x,SR08C-DI-EBPM-03:CF:GOLDEN_X_S,0,ao
709,golden_offset_y,SR08C-DI-EBPM-03:CF:GOLDEN_Y_S,0,ao
717,bba_offset_x,SR08C-DI-EBPM-04:CF:BBA_X_S,0,ao
717,bba_offset_y,SR08C-DI-EBPM-04:CF:BBA_Y_S,0,ao
717,bcd_offset_x,SR08C-DI-EBPM-04:CF:BCD_X_S,0,ao
717,bcd_offset_y,SR08C-DI-EBPM-04:CF:BCD_Y_S,0,ao
717,golden_offset_x,SR08C-DI-EBPM-04:CF:GOLDEN_X_S,0,ao
717,golden_offset_y,SR08C-DI-EBPM-04:CF:GOLDEN_Y_S,0,ao
731,bba_offset_x,SR08C-DI-EBPM-05:CF:BBA_X_S,0,ao
731,bba_offset_y,SR08C-DI-EBPM-05:CF:BBA_Y_S,0,ao
731,bcd_offset_x,SR08C-DI-EBPM-05:CF:BCD_X_S,0,ao
731,bcd_offset_y,SR08C-DI-EBPM-05:CF:BCD_Y_S,0,ao
731,golden_offset_x,SR08C-DI-EBPM-05:CF:GOLDEN_X_S,0,ao
731,golden_offset_y,SR08C-DI-EBPM-05:CF:GOLDEN_Y_S,0,ao
741,bba_offset_x,SR08C-DI-EBPM-06:CF:BBA_X_S,0,ao
741,bba_offset_y,SR08C-DI-EBPM-06:CF:BBA_Y_S,0,ao
741,bcd_offset_x,SR08C-DI-EBPM-06:CF:BCD_X_S,0,ao
741,bcd_offset_y,SR08C-DI-EBPM-06:CF:BCD_Y_S,0,ao
741,golden_offset_x,SR08C-DI-EBPM-06:CF:GOLDEN_X_S,0,ao
741,golden_offset_y,SR08C-DI-EBPM-06:CF:GOLDEN_Y_S,0,ao
757,bba_offset_x,SR08C-DI-EBPM-07:CF:BBA_X_S,0,ao
757,bba_offset_y,SR08C-DI-EBPM-07:CF:BBA_Y_S,0,ao
757,bcd_offset_x,SR08C-DI-EBPM-07:CF:BCD_X_S,0,ao
757,bcd_offset_y,SR08C-DI-EBPM-07:CF:BCD_Y_S,0,ao
757,golden_offset_x,SR08C-DI-EBPM-07:CF:GOLDEN_X_S,0,ao
757,golden_offset_y,SR08C-DI-EBPM-07:CF:GOLDEN_Y_S,0,ao
769,bba_offset_x,SR09S-DI-EBPM-01:CF:BBA_X_S,0,ao
769,bba_offset_y,SR09S-DI-EBPM-01:CF:BBA_Y_S,0,ao
769,bcd_offset_x,SR09S-DI-EBPM-01:CF:BCD_X_S,0,ao
769,bcd_offset_y,SR09S-DI-EBPM-01:CF:BCD_Y_S,0,ao
769,golden_offset_x,SR09S-DI-EBPM-01:CF:GOLDEN_X_S,0,ao
769,golden_offset_y,SR09S-DI-EBPM-01:CF:GOLDEN_Y_S,0,ao
782,bba_offset_x,SR09S-DI-EBPM-02:CF:BBA_X_S,0,ao
782,bba_offset_y,SR09S-DI-EBPM-02:CF:BBA_Y_S,0,ao
782,bcd_offset_x,SR09S-DI-EBPM-02:CF:BCD_X_S,0,ao
782,bcd_offset_y,SR09S-DI-EBPM-02:CF:BCD_Y_S,0,ao
782,golden_offset_x,SR09S-DI-EBPM-02:CF:GOLDEN_X_S,0,ao
782,golden_offset_y,SR09S-DI-EBPM-02:CF:GOLDEN_Y_S,0,ao
797,bba_offset_x,SR09C-DI-EBPM-01:CF:BBA_X_S,0,ao
797,bba_offset_y,SR09C-DI-EBPM-01:CF:BBA_Y_S,0,ao
797,bcd_offset_x,SR09C-DI-EBPM-01:CF:BCD_X_S,0,ao
797,bcd_offset_y,SR09C-DI-EBPM-01:CF:BCD_Y_S,0,ao
797,golden_offset_x,SR09C-DI-EBPM-01:CF:GOLDEN_X_S,0,ao
797,golden_offset_y,SR09C-DI-EBPM-01:CF:GOLDEN_Y_S,0,ao
819,bba_offset_x,SR09C-DI-EBPM-02:CF:BBA_X_S,0,ao
819,bba_offset_y,SR09C-DI-EBPM-02:CF:BBA_Y_S,0,ao
819,bcd_offset_x,SR09C-DI-EBPM-02:CF:BCD_X_S,0,ao
819,bcd_offset_y,SR09C-DI-EBPM-02:CF:BCD_Y_S,0,ao
819,golden_offset_x,SR09C-DI-EBPM-02:CF:GOLDEN_X_S,0,ao
819,golden_offset_y,SR09C-DI-EBPM-02:CF:GOLDEN_Y_S,0,ao
825,bba_offset_x,SR09C-DI-EBPM-03:CF:BBA_X_S,0,ao
825,bba_offset_y,SR09C-DI-EBPM-03:CF:BBA_Y_S,0,ao
825,bcd_offset_x,SR09C-DI-EBPM-03:CF:BCD_X_S,0,ao
825,bcd_offset_y,SR09C-DI-EBPM-03:CF:BCD_Y_S,0,ao
825,golden_offset_x,SR09C-DI-EBPM-03:CF:GOLDEN_X_S,0,ao
825,golden_offset_y,SR09C-DI-EBPM-03:CF:GOLDEN_Y_S,0,ao
833,bba_offset_x,SR09C-DI-EBPM-04:CF:BBA_X_S,0,ao
833,bba_offset_y,SR09C-DI-EBPM-04:CF:BBA_Y_S,0,ao
833,bcd_offset_x,SR09C-DI-EBPM-04:CF:BCD_X_S,0,ao
833,bcd_offset_y,SR09C-DI-EBPM-04:CF:BCD_Y_S,0,ao
833,golden_offset_x,SR09C-DI-EBPM-04:CF:GOLDEN_X_S,0,ao
833,golden_offset_y,SR09C-DI-EBPM-04:CF:GOLDEN_Y_S,0,ao
847,bba_offset_x,SR09C-DI-EBPM-05:CF:BBA_X_S,0,ao
847,bba_offset_y,SR09C-DI-EBPM-05:CF:BBA_Y_S,0,ao
847,bcd_offset_x,SR09C-DI-EBPM-05:CF:BCD_X_S,0,ao
847,bcd_offset_y,SR09C-DI-EBPM-05:CF:BCD_Y_S,0,ao
847,golden_offset_x,SR09C-DI-EBPM-05:CF:GOLDEN_X_S,0,ao
847,golden_offset_y,SR09C-DI-EBPM-05:CF:GOLDEN_Y_S,0,ao
857,bba_offset_x,SR09C-DI-EBPM-06:CF:BBA_X_S,0,ao
857,bba_offset_y,SR09C-DI-EBPM-06:CF:BBA_Y_S,0,ao
857,bcd_offset_x,SR09C-DI-EBPM-06:CF:BCD_X_S,0,ao
857,bcd_offset_y,SR09C-DI-EBPM-06:CF:BCD_Y_S,0,ao
857,golden_offset_x,SR09C-DI-EBPM-06:CF:GOLDEN_X_S,0,ao
857,golden_offset_y,SR09C-DI-EBPM-06:CF:GOLDEN_Y_S,0,ao
867,bba_offset_x,SR09C-DI-EBPM-07:CF:BBA_X_S,0,ao
867,bba_offset_y,SR09C-DI-EBPM-07:CF:BBA_Y_S,0,ao
867,bcd_offset_x,SR09C-DI-EBPM-07:CF:BCD_X_S,0,ao
867,bcd_offset_y,SR09C-DI-EBPM-07:CF:BCD_Y_S,0,ao
867,golden_offset_x,SR09C-DI-EBPM-07:CF:GOLDEN_X_S,0,ao
867,golden_offset_y,SR09C-DI-EBPM-07:CF:GOLDEN_Y_S,0,ao
917,bba_offset_x,SR10C-DI-EBPM-01:CF:BBA_X_S,0,ao
917,bba_offset_y,SR10C-DI-EBPM-01:CF:BBA_Y_S,0,ao
917,bcd_offset_x,SR10C-DI-EBPM-01:CF:BCD_X_S,0,ao
917,bcd_offset_y,SR10C-DI-EBPM-01:CF:BCD_Y_S,0,ao
917,golden_offset_x,SR10C-DI-EBPM-01:CF:GOLDEN_X_S,0,ao
917,golden_offset_y,SR10C-DI-EBPM-01:CF:GOLDEN_Y_S,0,ao
933,bba_offset_x,SR10C-DI-EBPM-02:CF:BBA_X_S,0,ao
933,bba_offset_y,SR10C-DI-EBPM-02:CF:BBA_Y_S,0,ao
933,bcd_offset_x,SR10C-DI-EBPM-02:CF:BCD_X_S,0,ao
933,bcd_offset_y,SR10C-DI-EBPM-02:CF:BCD_Y_S,0,ao
933,golden_offset_x,SR10C-DI-EBPM-02:CF:GOLDEN_X_S,0,ao
933,golden_offset_y,SR10C-DI-EBPM-02:CF:GOLDEN_Y_S,0,ao
939,bba_offset_x,SR10C-DI-EBPM-03:CF:BBA_X_S,0,ao
939,bba_offset_y,SR10C-DI-EBPM-03:CF:BBA_Y_S,0,ao
939,bcd_offset_x,SR10C-DI-EBPM-03:CF:BCD_X_S,0,ao
939,bcd_offset_y,SR10C-DI-EBPM-03:CF:BCD_Y_S,0,ao
939,golden_offset_x,SR10C-DI-EBPM-03:CF:GOLDEN_X_S,0,ao
939,golden_offset_y,SR10C-DI-EBPM-03:CF:GOLDEN_Y_S,0,ao
947,bba_offset_x,SR10C-DI-EBPM-04:CF:BBA_X_S,0,ao
947,bba_offset_y,SR10C-DI-EBPM-04:CF:BBA_Y_S,0,ao
947,bcd_offset_x,SR10C-DI-EBPM-04:CF:BCD_X_S,0,ao
947,bcd_offset_y,SR10C-DI-EBPM-04:CF:BCD_Y_S,0,ao
947,golden_offset_x,SR10C-DI-EBPM-04:CF:GOLDEN_X_S,0,ao
947,golden_offset_y,SR10C-DI-EBPM-04:CF:GOLDEN_Y_S,0,ao
961,bba_offset_x,SR10C-DI-EBPM-05:CF:BBA_X_S,0,ao
961,bba_offset_y,SR10C-DI-EBPM-05:CF:BBA_Y_S,0,ao
961,bcd_offset_x,SR10C-DI-EBPM-05:CF:BCD_X_S,0,ao
961,bcd_offset_y,SR10C-DI-EBPM-05:CF:BCD_Y_S,0,ao
961,golden_offset_x,SR10C-DI-EBPM-05:CF:GOLDEN_X_S,0,ao
961,golden_offset_y,SR10C-DI-EBPM-05:CF:GOLDEN_Y_S,0,ao
971,bba_offset_x,SR10C-DI-EBPM-06:CF:BBA_X_S,0,ao
971,bba_offset_y,SR10C-DI-EBPM-06:CF:BBA_Y_S,0,ao
971,bcd_offset_x,SR10C-DI-EBPM-06:CF:BCD_X_S,0,ao
971,bcd_offset_y,SR10C-DI-EBPM-06:CF:BCD_Y_S,0,ao
971,golden_offset_x,SR10C-DI-EBPM-06:CF:GOLDEN_X_S,0,ao
971,golden_offset_y,SR10C-DI-EBPM-06:CF:GOLDEN_Y_S,0,ao
981,bba_offset_x,SR10C-DI-EBPM-07:CF:BBA_X_S,0,ao
981,bba_offset_y,SR10C-DI-EBPM-07:CF:BBA_Y_S,0,ao
981,bcd_offset_x,SR10C-DI-EBPM-07:CF:BCD_X_S,0,ao
981,bcd_offset_y,SR10C-DI-EBPM-07:CF:BCD_Y_S,0,ao
981,golden_offset_x,SR10C-DI-EBPM-07:CF:GOLDEN_X_S,0,ao
981,golden_offset_y,SR10C-DI-EBPM-07:CF:GOLDEN_Y_S,0,ao
1009,bba_offset_x,SR11C-DI-EBPM-01:CF:BBA_X_S,0,ao
1009,bba_offset_y,SR11C-DI-EBPM-01:CF:BBA_Y_S,0,ao
1009,bcd_offset_x,SR11C-DI-EBPM-01:CF:BCD_X_S,0,ao
1009,bcd_offset_y,SR11C-DI-EBPM-01:CF:BCD_Y_S,0,ao
1009,golden_offset_x,SR11C-DI-EBPM-01:CF:GOLDEN_X_S,0,ao
1009,golden_offset_y,SR11C-DI-EBPM-01:CF:GOLDEN_Y_S,0,ao
1025,bba_offset_x,SR11C-DI-EBPM-02:CF:BBA_X_S,0,ao
1025,bba_offset_y,SR11C-DI-EBPM-02:CF:BBA_Y_S,0,ao
1025,bcd_offset_x,SR11C-DI-EBPM-02:CF:BCD_X_S,0,ao
1025,bcd_offset_y,SR11C-DI-EBPM-02:CF:BCD_Y_S,0,ao
1025,golden_offset_x,SR11C-DI-EBPM-02:CF:GOLDEN_X_S,0,ao
1025,golden_offset_y,SR11C-DI-EBPM-02:CF:GOLDEN_Y_S,0,ao
1031,bba_offset_x,SR11C-DI-EBPM-03:CF:BBA_X_S,0,ao
1031,bba_offset_y,SR11C-DI-EBPM-03:CF:BBA_Y_S,0,ao
1031,bcd_offset_x,SR11C-DI-EBPM-03:CF:BCD_X_S,0,ao
1031,bcd_offset_y,SR11C-DI-EBPM-03:CF:BCD_Y_S,0,ao
1031,golden_offset_x,SR11C-DI-EBPM-03:CF:GOLDEN_X_S,0,ao
1031,golden_offset_y,SR11C-DI-EBPM-03:CF:GOLDEN_Y_S,0,ao
1039,bba_offset_x,SR11C-DI-EBPM-04:CF:BBA_X_S,0,ao
1039,bba_offset_y,SR11C-DI-EBPM-04:CF:BBA_Y_S,0,ao
1039,bcd_offset_x,SR11C-DI-EBPM-04:CF:BCD_X_S,0,ao
1039,bcd_offset_y,SR11C-DI-EBPM-04:CF:BCD_Y_S,0,ao
1039,golden_offset_x,SR11C-DI-EBPM-04:CF:GOLDEN_X_S,0,ao
1039,golden_offset_y,SR11C-DI-EBPM-04:CF:GOLDEN_Y_S,0,ao
1055,bba_offset_x,SR11C-DI-EBPM-05:CF:BBA_X_S,0,ao
1055,bba_offset_y,SR11C-DI-EBPM-05:CF:BBA_Y_S,0,ao
1055,bcd_offset_x,SR11C-DI-EBPM-05:CF:BCD_X_S,0,ao
1055,bcd_offset_y,SR11C-DI-EBPM-05:CF:BCD_Y_S,0,ao
1055,golden_offset_x,SR11C-DI-EBPM-05:CF:GOLDEN_X_S,0,ao
1055,golden_offset_y,SR11C-DI-EBPM-05:CF:GOLDEN_Y_S,0,ao
1065,bba_offset_x,SR11C-DI-EBPM-06:CF:BBA_X_S,0,ao
1065,bba_offset_y,SR11C-DI-EBPM-06:CF:BBA_Y_S,0,ao
1065,bcd_offset_x,SR11C-DI-EBPM-06:CF:BCD_X_S,0,ao
1065,bcd_offset_y,SR11C-DI-EBPM-06:CF:BCD_Y_S,0,ao
1065,golden_offset_x,SR11C-DI-EBPM-06:CF:GOLDEN_X_S,0,ao
1065,golden_offset_y,SR11C-DI-EBPM-06:CF:GOLDEN_Y_S,0,ao
1075,bba_offset_x,SR11C-DI-EBPM-07:CF:BBA_X_S,0,ao
1075,bba_offset_y,SR11C-DI-EBPM-07:CF:BBA_Y_S,0,ao
1075,bcd_offset_x,SR11C-DI-EBPM-07:CF:BCD_X_S,0,ao
1075,bcd_offset_y,SR11C-DI-EBPM-07:CF:BCD_Y_S,0,ao
1075,golden_offset_x,SR11C-DI-EBPM-07:CF:GOLDEN_X_S,0,ao
1075,golden_offset_y,SR11C-DI-EBPM-07:CF:GOLDEN_Y_S,0,ao
1090,bba_offset_x,SR12C-DI-EBPM-01:CF:BBA_X_S,0,ao
1090,bba_offset_y,SR12C-DI-EBPM-01:CF:BBA_Y_S,0,ao
1090,bcd_offset_x,SR12C-DI-EBPM-01:CF:BCD_X_S,0,ao
1090,bcd_offset_y,SR12C-DI-EBPM-01:CF:BCD_Y_S,0,ao
1090,golden_offset_x,SR12C-DI-EBPM-01:CF:GOLDEN_X_S,0,ao
1090,golden_offset_y,SR12C-DI-EBPM-01:CF:GOLDEN_Y_S,0,ao
1106,bba_offset_x,SR12C-DI-EBPM-02:CF:BBA_X_S,0,ao
1106,bba_offset_y,SR12C-DI-EBPM-02:CF:BBA_Y_S,0,ao
1106,bcd_offset_x,SR12C-DI-EBPM-02:CF:BCD_X_S,0,ao
1106,bcd_offset_y,SR12C-DI-EBPM-02:CF:BCD_Y_S,0,ao
1106,golden_offset_x,SR12C-DI-EBPM-02:CF:GOLDEN_X_S,0,ao
1106,golden_offset_y,SR12C-DI-EBPM-02:CF:GOLDEN_Y_S,0,ao
1112,bba_offset_x,SR12C-DI-EBPM-03:CF:BBA_X_S,0,ao
1112,bba_offset_y,SR12C-DI-EBPM-03:CF:BBA_Y_S,0,ao
1112,bcd_offset_x,SR12C-DI-EBPM-03:CF:BCD_X_S,0,ao
1112,bcd_offset_y,SR12C-DI-EBPM-03:CF:BCD_Y_S,0,ao
1112,golden_offset_x,SR12C-DI-EBPM-03:CF:GOLDEN_X_S,0,ao
1112,golden_offset_y,SR12C-DI-EBPM-03:CF:GOLDEN_Y_S,0,ao
1120,bba_offset_x,SR12C-DI-EBPM-04:CF:BBA_X_S,0,ao
1120,bba_offset_y,SR12C-DI-EBPM-04:CF:BBA_Y_S,0,ao
1120,bcd_offset_x,SR12C-DI-EBPM-04:CF:BCD_X_S,0,ao
1120,bcd_offset_y,SR12C-DI-EBPM-04:CF:BCD_Y_S,0,ao
1120,golden_offset_x,SR12C-DI-EBPM-04:CF:GOLDEN_X_S,0,ao
1120,golden_offset_y,SR12C-DI-EBPM-04:CF:GOLDEN_Y_S,0,ao
1134,bba_offset_x,SR12C-DI-EBPM-05:CF:BBA_X_S,0,ao
1134,bba_offset_y,SR12C-DI-EBPM-05:CF:BBA_Y_S,0,ao
1134,bcd_offset_x,SR12C-DI-EBPM-05:CF:BCD_X_S,0,ao
1134,bcd_offset_y,SR12C-DI-EBPM-05:CF:BCD_Y_S,0,ao
1134,golden_offset_x,SR12C-DI-EBPM-05:CF:GOLDEN_X_S,0,ao
1134,golden_offset_y,SR12C-DI-EBPM-05:CF:GOLDEN_Y_S,0,ao
1144,bba_offset_x,SR12C-DI-EBPM-06:CF:BBA_X_S,0,ao
1144,bba_offset_y,SR12C-DI-EBPM-06:CF:BBA_Y_S,0,ao
1144,bcd_offset_x,SR12C-DI-EBPM-06:CF:BCD_X_S,0,ao
1144,bcd_offset_y,SR12C-DI-EBPM-06:CF:BCD_Y_S,0,ao
1144,golden_offset_x,SR12C-DI-EBPM-06:CF:GOLDEN_X_S,0,ao
1144,golden_offset_y,SR12C-DI-EBPM-06:CF:GOLDEN_Y_S,0,ao
1160,bba_offset_x,SR12C-DI-EBPM-07:CF:BBA_X_S,0,ao
1160,bba_offset_y,SR12C-DI-EBPM-07:CF:BBA_Y_S,0,ao
1160,bcd_offset_x,SR12C-DI-EBPM-07:CF:BCD_X_S,0,ao
1160,bcd_offset_y,SR12C-DI-EBPM-07:CF:BCD_Y_S,0,ao
1160,golden_offset_x,SR12C-DI-EBPM-07:CF:GOLDEN_X_S,0,ao
1160,golden_offset_y,SR12C-DI-EBPM-07:CF:GOLDEN_Y_S,0,ao
1172,bba_offset_x,SR13S-DI-EBPM-01:CF:BBA_X_S,0,ao
1172,bba_offset_y,SR13S-DI-EBPM-01:CF:BBA_Y_S,0,ao
1172,bcd_offset_x,SR13S-DI-EBPM-01:CF:BCD_X_S,0,ao
1172,bcd_offset_y,SR13S-DI-EBPM-01:CF:BCD_Y_S,0,ao
1172,golden_offset_x,SR13S-DI-EBPM-01:CF:GOLDEN_X_S,0,ao
1172,golden_offset_y,SR13S-DI-EBPM-01:CF:GOLDEN_Y_S,0,ao
1185,bba_offset_x,SR13S-DI-EBPM-02:CF:BBA_X_S,0,ao
1185,bba_offset_y,SR13S-DI-EBPM-02:CF:BBA_Y_S,0,ao
1185,bcd_offset_x,SR13S-DI-EBPM-02:CF:BCD_X_S,0,ao
1185,bcd_offset_y,SR13S-DI-EBPM-02:CF:BCD_Y_S,0,ao
1185,golden_offset_x,SR13S-DI-EBPM-02:CF:GOLDEN_X_S,0,ao
1185,golden_offset_y,SR13S-DI-EBPM-02:CF:GOLDEN_Y_S,0,ao
1200,bba_offset_x,SR13C-DI-EBPM-01:CF:BBA_X_S,0,ao
1200,bba_offset_y,SR13C-DI-EBPM-01:CF:BBA_Y_S,0,ao
1200,bcd_offset_x,SR13C-DI-EBPM-01:CF:BCD_X_S,0,ao
1200,bcd_offset_y,SR13C-DI-EBPM-01:CF:BCD_Y_S,0,ao
1200,golden_offset_x,SR13C-DI-EBPM-01:CF:GOLDEN_X_S,0,ao
1200,golden_offset_y,SR13C-DI-EBPM-01:CF:GOLDEN_Y_S,0,ao
1222,bba_offset_x,SR13C-DI-EBPM-02:CF:BBA_X_S,0,ao
1222,bba_offset_y,SR13C-DI-EBPM-02:CF:BBA_Y_S,0,ao
1222,bcd_offset_x,SR13C-DI-EBPM-02:CF:BCD_X_S,0,ao
1222,bcd_offset_y,SR13C-DI-EBPM-02:CF:BCD_Y_S,0,ao
1222,golden_offset_x,SR13C-DI-EBPM-02:CF:GOLDEN_X_S,0,ao
1222,golden_offset_y,SR13C-DI-EBPM-02:CF:GOLDEN_Y_S,0,ao
1228,bba_offset_x,SR13C-DI-EBPM-03:CF:BBA_X_S,0,ao
1228,bba_offset_y,SR13C-DI-EBPM-03:CF:BBA_Y_S,0,ao
1228,bcd_offset_x,SR13C-DI-EBPM-03:CF:BCD_X_S,0,ao
1228,bcd_offset_y,SR13C-DI-EBPM-03:CF:BCD_Y_S,0,ao
1228,golden_offset_x,SR13C-DI-EBPM-03:CF:GOLDEN_X_S,0,ao
1228,golden_offset_y,SR13C-DI-EBPM-03:CF:GOLDEN_Y_S,0,ao
1236,bba_offset_x,SR13C-DI-EBPM-04:CF:BBA_X_S,0,ao
1236,bba_offset_y,SR13C-DI-EBPM-04:CF:BBA_Y_S,0,ao
1236,bcd_offset_x,SR13C-DI-EBPM-04:CF:BCD_X_S,0,ao
1236,bcd_offset_y,SR13C-DI-EBPM-04:CF:BCD_Y_S,0,ao
1236,golden_offset_x,SR13C-DI-EBPM-04:CF:GOLDEN_X_S,0,ao
1236,golden_offset_y,SR13C-DI-EBPM-04:CF:GOLDEN_Y_S,0,ao
1250,bba_offset_x,SR13C-DI-EBPM-05:CF:BBA_X_S,0,ao
1250,bba_offset_y,SR13C-DI-EBPM-05:CF:BBA_Y_S,0,ao
1250,bcd_offset_x,SR13C-DI-EBPM-05:CF:BCD_X_S,0,ao
1250,bcd_offset_y,SR13C-DI-EBPM-05:CF:BCD_Y_S,0,ao
1250,golden_offset_x,SR13C-DI-EBPM-05:CF:GOLDEN_X_S,0,ao
1250,golden_offset_y,SR13C-DI-EBPM-05:CF:GOLDEN_Y_S,0,ao
1260,bba_offset_x,SR13C-DI-EBPM-06:CF:BBA_X_S,0,ao
1260,bba_offset_y,SR13C-DI-EBPM-06:CF:BBA_Y_S,0,ao
1260,bcd_offset_x,SR13C-DI-EBPM-06:CF:BCD_X_S,0,ao
1260,bcd_offset_y,SR13C-DI-EBPM-06:CF:BCD_Y_S,0,ao
1260,golden_offset_x,SR13C-DI-EBPM-06:CF:GOLDEN_X_S,0,ao
1260,golden_offset_y,SR13C-DI-EBPM-06:CF:GOLDEN_Y_S,0,ao
1270,bba_offset_x,SR13C-DI-EBPM-07:CF:BBA_X_S,0,ao
1270,bba_offset_y,SR13C-DI-EBPM-07:CF:BBA_Y_S,0,ao
1270,bcd_offset_x,SR13C-DI-EBPM-07:CF:BCD_X_S,0,ao
1270,bcd_offset_y,SR13C-DI-EBPM-07:CF:BCD_Y_S,0,ao
1270,golden_offset_x,SR13C-DI-EBPM-07:CF:GOLDEN_X_S,0,ao
1270,golden_offset_y,SR13C-DI-EBPM-07:CF:GOLDEN_Y_S,0,ao
1284,bba_offset_x,SR14C-DI-EBPM-01:CF:BBA_X_S,0,ao
1284,bba_offset_y,SR14C-DI-EBPM-01:CF:BBA_Y_S,0,ao
1284,bcd_offset_x,SR14C-DI-EBPM-01:CF:BCD_X_S,0,ao
1284,bcd_offset_y,SR14C-DI-EBPM-01:CF:BCD_Y_S,0,ao
1284,golden_offset_x,SR14C-DI-EBPM-01:CF:GOLDEN_X_S,0,ao
1284,golden_offset_y,SR14C-DI-EBPM-01:CF:GOLDEN_Y_S,0,ao
1300,bba_offset_x,SR14C-DI-EBPM-02:CF:BBA_X_S,0,ao
1300,bba_offset_y,SR14C-DI-EBPM-02:CF:BBA_Y_S,0,ao
1300,bcd_offset_x,SR14C-DI-EBPM-02:CF:BCD_X_S,0,ao
1300,bcd_offset_y,SR14C-DI-EBPM-02:CF:BCD_Y_S,0,ao
1300,golden_offset_x,SR14C-DI-EBPM-02:CF:GOLDEN_X_S,0,ao
1300,golden_offset_y,SR14C-DI-EBPM-02:CF:GOLDEN_Y_S,0,ao
1306,bba_offset_x,SR14C-DI-EBPM-03:CF:BBA_X_S,0,ao
1306,bba_offset_y,SR14C-DI-EBPM-03:CF:BBA_Y_S,0,ao
1306,bcd_offset_x,SR14C-DI-EBPM-03:CF:BCD_X_S,0,ao
1306,bcd_offset_y,SR14C-DI-EBPM-03:CF:BCD_Y_S,0,ao
1306,golden_offset_x,SR14C-DI-EBPM-03:CF:GOLDEN_X_S,0,ao
1306,golden_offset_y,SR14C-DI-EBPM-03:CF:GOLDEN_Y_S,0,ao
1314,bba_offset_x,SR14C-DI-EBPM-04:CF:BBA_X_S,0,ao
1314,bba_offset_y,SR14C-DI-EBPM-04:CF:BBA_Y_S,0,ao
1314,bcd_offset_x,SR14C-DI-EBPM-04:CF:BCD_X_S,0,ao
1314,bcd_offset_y,SR14C-DI-EBPM-04:CF:BCD_Y_S,0,ao
1314,golden_offset_x,SR14C-DI-EBPM-04:CF:GOLDEN_X_S,0,ao
1314,golden_offset_y,SR14C-DI-EBPM-04:CF:GOLDEN_Y_S,0,ao
1328,bba_offset_x,SR14C-DI-EBPM-05:CF:BBA_X_S,0,ao
1328,bba_offset_y,SR14C-DI-EBPM-05:CF:BBA_Y_S,0,ao
1328,bcd_offset_x,SR14C-DI-EBPM-05:CF:BCD_X_S,0,ao
1328,bcd_offset_y,SR14C-DI-EBPM-05:CF:BCD_Y_S,0,ao
1328,golden_offset_x,SR14C-DI-EBPM-05:CF:GOLDEN_X_S,0,ao
1328,golden_offset_y,SR14C-DI-EBPM-05:CF:GOLDEN_Y_S,0,ao
1338,bba_offset_x,SR14C-DI-EBPM-06:CF:BBA_X_S,0,ao
1338,bba_offset_y,SR14C-DI-EBPM-06:CF:BBA_Y_S,0,ao
1338,bcd_offset_x,SR14C-DI-EBPM-06:CF:BCD_X_S,0,ao
1338,bcd_offset_y,SR14C-DI-EBPM-06:CF:BCD_Y_S,0,ao
1338,golden_offset_x,SR14C-DI-EBPM-06:CF:GOLDEN_X_S,0,ao
1338,golden_offset_y,SR14C-DI-EBPM-06:CF:GOLDEN_Y_S,0,ao
1348,bba_offset_x,SR14C-DI-EBPM-07:CF:BBA_X_S,0,ao
1348,bba_offset_y,SR14C-DI-EBPM-07:CF:BBA_Y_S,0,ao
1348,bcd_offset_x,SR14C-DI-EBPM-07:CF:BCD_X_S,0,ao
1348,bcd_offset_y,SR14C-DI-EBPM-07:CF:BCD_Y_S,0,ao
1348,golden_offset_x,SR14C-DI-EBPM-07:CF:GOLDEN_X_S,0,ao
1348,golden_offset_y,SR14C-DI-EBPM-07:CF:GOLDEN_Y_S,0,ao
1363,bba_offset_x,SR15C-DI-EBPM-01:CF:BBA_X_S,0,ao
1363,bba_offset_y,SR15C-DI-EBPM-01:CF:BBA_Y_S,0,ao
1363,bcd_offset_x,SR15C-DI-EBPM-01:CF:BCD_X_S,0,ao
1363,bcd_offset_y,SR15C-DI-EBPM-01:CF:BCD_Y_S,0,ao
1363,golden_offset_x,SR15C-DI-EBPM-01:CF:GOLDEN_X_S,0,ao
1363,golden_offset_y,SR15C-DI-EBPM-01:CF:GOLDEN_Y_S,0,ao
1379,bba_offset_x,SR15C-DI-EBPM-02:CF:BBA_X_S,0,ao
1379,bba_offset_y,SR15C-DI-EBPM-02:CF:BBA_Y_S,0,ao
1379,bcd_offset_x,SR15C-DI-EBPM-02:CF:BCD_X_S,0,ao
1379,bcd_offset_y,SR15C-DI-EBPM-02:CF:BCD_Y_S,0,ao
1379,golden_offset_x,SR15C-DI-EBPM-02:CF:GOLDEN_X_S,0,ao
1379,golden_offset_y,SR15C-DI-EBPM-02:CF:GOLDEN_Y_S,0,ao
1385,bba_offset_x,SR15C-DI-EBPM-03:CF:BBA_X_S,0,ao
1385,bba_offset_y,SR15C-DI-EBPM-03:CF:BBA_Y_S,0,ao
1385,bcd_offset_x,SR15C-DI-EBPM-03:CF:BCD_X_S,0,ao
1385,bcd_offset_y,SR15C-DI-EBPM-03:CF:BCD_Y_S,0,ao
1385,golden_offset_x,SR15C-DI-EBPM-03:CF:GOLDEN_X_S,0,ao
1385,golden_offset_y,SR15C-DI-EBPM-03:CF:GOLDEN_Y_S,0,ao
1393,bba_offset_x,SR15C-DI-EBPM-04:CF:BBA_X_S,0,ao
1393,bba_offset_y,SR15C-DI-EBPM-04:CF:BBA_Y_S,0,ao
1393,bcd_offset_x,SR15C-DI-EBPM-04:CF:BCD_X_S,0,ao
1393,bcd_offset_y,SR15C-DI-EBPM-04:CF:BCD_Y_S,0,ao
1393,golden_offset_x,SR15C-DI-EBPM-04:CF:GOLDEN_X_S,0,ao
1393,golden_offset_y,SR15C-DI-EBPM-04:CF:GOLDEN_Y_S,0,ao
1407,bba_offset_x,SR15C-DI-EBPM-05:CF:BBA_X_S,0,ao
1407,bba_offset_y,SR15C-DI-EBPM-05:CF:BBA_Y_S,0,ao
1407,bcd_offset_x,SR15C-DI-EBPM-05:CF:BCD_X_S,0,ao
1407,bcd_offset_y,SR15C-DI-EBPM-05:CF:BCD_Y_S,0,ao
1407,golden_offset_x,SR15C-DI-EBPM-05:CF:GOLDEN_X_S,0,ao
1407,golden_offset_y,SR15C-DI-EBPM-05:CF:GOLDEN_Y_S,0,ao
1417,bba_offset_x,SR15C-DI-EBPM-06:CF:BBA_X_S,0,ao
1417,bba_offset_y,SR15C-DI-EBPM-06:CF:BBA_Y_S,0,ao
1417,bcd_offset_x,SR15C-DI-EBPM-06:CF:BCD_X_S,0,ao
1417,bcd_offset_y,SR15C-DI-EBPM-06:CF:BCD_Y_S,0,ao
1417,golden_offset_x,SR15C-DI-EBPM-06:CF:GOLDEN_X_S,0,ao
1417,golden_offset_y,SR15C-DI-EBPM-06:CF:GOLDEN_Y_S,0,ao
1427,bba_offset_x,SR15C-DI-EBPM-07:CF:BBA_X_S,0,ao
1427,bba_offset_y,SR15C-DI-EBPM-07:CF:BBA_Y_S,0,ao
1427,bcd_offset_x,SR15C-DI-EBPM-07:CF:BCD_X_S,0,ao
1427,bcd_offset_y,SR15C-DI-EBPM-07:CF:BCD_Y_S,0,ao
1427,golden_offset_x,SR15C-DI-EBPM-07:CF:GOLDEN_X_S,0,ao
1427,golden_offset_y,SR15C-DI-EBPM-07:CF:GOLDEN_Y_S,0,ao
1443,bba_offset_x,SR16C-DI-EBPM-01:CF:BBA_X_S,0,ao
1443,bba_offset_y,SR16C-DI-EBPM-01:CF:BBA_Y_S,0,ao
1443,bcd_offset_x,SR16C-DI-EBPM-01:CF:BCD_X_S,0,ao
1443,bcd_offset_y,SR16C-DI-EBPM-01:CF:BCD_Y_S,0,ao
1443,golden_offset_x,SR16C-DI-EBPM-01:CF:GOLDEN_X_S,0,ao
1443,golden_offset_y,SR16C-DI-EBPM-01:CF:GOLDEN_Y_S,0,ao
1459,bba_offset_x,SR16C-DI-EBPM-02:CF:BBA_X_S,0,ao
1459,bba_offset_y,SR16C-DI-EBPM-02:CF:BBA_Y_S,0,ao
1459,bcd_offset_x,SR16C-DI-EBPM-02:CF:BCD_X_S,0,ao
1459,bcd_offset_y,SR16C-DI-EBPM-02:CF:BCD_Y_S,0,ao
1459,golden_offset_x,SR16C-DI-EBPM-02:CF:GOLDEN_X_S,0,ao
1459,golden_offset_y,SR16C-DI-EBPM-02:CF:GOLDEN_Y_S,0,ao
1465,bba_offset_x,SR16C-DI-EBPM-03:CF:BBA_X_S,0,ao
1465,bba_offset_y,SR16C-DI-EBPM-03:CF:BBA_Y_S,0,ao
1465,bcd_offset_x,SR16C-DI-EBPM-03:CF:BCD_X_S,0,ao
1465,bcd_offset_y,SR16C-DI-EBPM-03:CF:BCD_Y_S,0,ao
1465,golden_offset_x,SR16C-DI-EBPM-03:CF:GOLDEN_X_S,0,ao
1465,golden_offset_y,SR16C-DI-EBPM-03:CF:GOLDEN_Y_S,0,ao
1473,bba_offset_x,SR16C-DI-EBPM-04:CF:BBA_X_S,0,ao
1473,bba_offset_y,SR16C-DI-EBPM-04:CF:BBA_Y_S,0,ao
1473,bcd_offset_x,SR16C-DI-EBPM-04:CF:BCD_X_S,0,ao
1473,bcd_offset_y,SR16C-DI-EBPM-04:CF:BCD_Y_S,0,ao
1473,golden_offset_x,SR16C-DI-EBPM-04:CF:GOLDEN_X_S,0,ao
1473,golden_offset_y,SR16C-DI-EBPM-04:CF:GOLDEN_Y_S,0,ao
1487,bba_offset_x,SR16C-DI-EBPM-05:CF:BBA_X_S,0,ao
1487,bba_offset_y,SR16C-DI-EBPM-05:CF:BBA_Y_S,0,ao
1487,bcd_offset_x,SR16C-DI-EBPM-05:CF:BCD_X_S,0,ao
1487,bcd_offset_y,SR16C-DI-EBPM-05:CF:BCD_Y_S,0,ao
1487,golden_offset_x,SR16C-DI-EBPM-05:CF:GOLDEN_X_S,0,ao
1487,golden_offset_y,SR16C-DI-EBPM-05:CF:GOLDEN_Y_S,0,ao
1498,bba_offset_x,SR16C-DI-EBPM-06:CF:BBA_X_S,0,ao
1498,bba_offset_y,SR16C-DI-EBPM-06:CF:BBA_Y_S,0,ao
1498,bcd_offset_x,SR16C-DI-EBPM-06:CF:BCD_X_S,0,ao
1498,bcd_offset_y,SR16C-DI-EBPM-06:CF:BCD_Y_S,0,ao
1498,golden_offset_x,SR16C-DI-EBPM-06:CF:GOLDEN_X_S,0,ao
1498,golden_offset_y,SR16C-DI-EBPM-06:CF:GOLDEN_Y_S,0,ao
1508,bba_offset_x,SR16C-DI-EBPM-07:CF:BBA_X_S,0,ao
1508,bba_offset_y,SR16C-DI-EBPM-07:CF:BBA_Y_S,0,ao
1508,bcd_offset_x,SR16C-DI-EBPM-07:CF:BCD_X_S,0,ao
1508,bcd_offset_y,SR16C-DI-EBPM-07:CF:BCD_Y_S,0,ao
1508,golden_offset_x,SR16C-DI-EBPM-07:CF:GOLDEN_X_S,0,ao
1508,golden_offset_y,SR16C-DI-EBPM-07:CF:GOLDEN_Y_S,0,ao
1513,bba_offset_x,SR17C-DI-EBPM-01:CF:BBA_X_S,0,ao
1513,bba_offset_y,SR17C-DI-EBPM-01:CF:BBA_Y_S,0,ao
1513,bcd_offset_x,SR17C-DI-EBPM-01:CF:BCD_X_S,0,ao
1513,bcd_offset_y,SR17C-DI-EBPM-01:CF:BCD_Y_S,0,ao
1513,golden_offset_x,SR17C-DI-EBPM-01:CF:GOLDEN_X_S,0,ao
1513,golden_offset_y,SR17C-DI-EBPM-01:CF:GOLDEN_Y_S,0,ao
1529,bba_offset_x,SR17C-DI-EBPM-02:CF:BBA_X_S,0,ao
1529,bba_offset_y,SR17C-DI-EBPM-02:CF:BBA_Y_S,0,ao
1529,bcd_offset_x,SR17C-DI-EBPM-02:CF:BCD_X_S,0,ao
1529,bcd_offset_y,SR17C-DI-EBPM-02:CF:BCD_Y_S,0,ao
1529,golden_offset_x,SR17C-DI-EBPM-02:CF:GOLDEN_X_S,0,ao
1529,golden_offset_y,SR17C-DI-EBPM-02:CF:GOLDEN_Y_S,0,ao
1535,bba_offset_x,SR17C-DI-EBPM-03:CF:BBA_X_S,0,ao
1535,bba_offset_y,SR17C-DI-EBPM-03:CF:BBA_Y_S,0,ao
1535,bcd_offset_x,SR17C-DI-EBPM-03:CF:BCD_X_S,0,ao
1535,bcd_offset_y,SR17C-DI-EBPM-03:CF:BCD_Y_S,0,ao
1535,golden_offset_x,SR17C-DI-EBPM-03:CF:GOLDEN_X_S,0,ao
1535,golden_offset_y,SR17C-DI-EBPM-03:CF:GOLDEN_Y_S,0,ao
1543,bba_offset_x,SR17C-DI-EBPM-04:CF:BBA_X_S,0,ao
1543,bba_offset_y,SR17C-DI-EBPM-04:CF:BBA_Y_S,0,ao
1543,bcd_offset_x,SR17C-DI-EBPM-04:CF:BCD_X_S,0,ao
1543,bcd_offset_y,SR17C-DI-EBPM-04:CF:BCD_Y_S,0,ao
1543,golden_offset_x,SR17C-DI-EBPM-04:CF:GOLDEN_X_S,0,ao
1543,golden_offset_y,SR17C-DI-EBPM-04:CF:GOLDEN_Y_S,0,ao
1557,bba_offset_x,SR17C-DI-EBPM-05:CF:BBA_X_S,0,ao
1557,bba_offset_y,SR17C-DI-EBPM-05:CF:BBA_Y_S,0,ao
1557,bcd_offset_x,SR17C-DI-EBPM-05:CF:BCD_X_S,0,ao
1557,bcd_offset_y,SR17C-DI-EBPM-05:CF:BCD_Y_S,0,ao
1557,golden_offset_x,SR17C-DI-EBPM-05:CF:GOLDEN_X_S,0,ao
1557,golden_offset_y,SR17C-DI-EBPM-05:CF:GOLDEN_Y_S,0,ao
1567,bba_offset_x,SR17C-DI-EBPM-06:CF:BBA_X_S,0,ao
1567,bba_offset_y,SR17C-DI-EBPM-06:CF:BBA_Y_S,0,ao
1567,bcd_offset_x,SR17C-DI-EBPM-06:CF:BCD_X_S,0,ao
1567,bcd_offset_y,SR17C-DI-EBPM-06:CF:BCD_Y_S,0,ao
1567,golden_offset_x,SR17C-DI-EBPM-06:CF:GOLDEN_X_S,0,ao
1567,golden_offset_y,SR17C-DI-EBPM-06:CF:GOLDEN_Y_S,0,ao
1577,bba_offset_x,SR17C-DI-EBPM-07:CF:BBA_X_S,0,ao
1577,bba_offset_y,SR17C-DI-EBPM-07:CF:BBA_Y_S,0,ao
1577,bcd_offset_x,SR17C-DI-EBPM-07:CF:BCD_X_S,0,ao
1577,bcd_offset_y,SR17C-DI-EBPM-07:CF:BCD_Y_S,0,ao
1577,golden_offset_x,SR17C-DI-EBPM-07:CF:GOLDEN_X_S,0,ao
1577,golden_offset_y,SR17C-DI-EBPM-07:CF:GOLDEN_Y_S,0,ao
1593,bba_offset_x,SR18C-DI-EBPM-01:CF:BBA_X_S,0,ao
1593,bba_offset_y,SR18C-DI-EBPM-01:CF:BBA_Y_S,0,ao
1593,bcd_offset_x,SR18C-DI-EBPM-01:CF:BCD_X_S,0,ao
1593,bcd_offset_y,SR18C-DI-EBPM-01:CF:BCD_Y_S,0,ao
1593,golden_offset_x,SR18C-DI-EBPM-01:CF:GOLDEN_X_S,0,ao
1593,golden_offset_y,SR18C-DI-EBPM-01:CF:GOLDEN_Y_S,0,ao
1609,bba_offset_x,SR18C-DI-EBPM-02:CF:BBA_X_S,0,ao
1609,bba_offset_y,SR18C-DI-EBPM-02:CF:BBA_Y_S,0,ao
1609,bcd_offset_x,SR18C-DI-EBPM-02:CF:BCD_X_S,0,ao
1609,bcd_offset_y,SR18C-DI-EBPM-02:CF:BCD_Y_S,0,ao
1609,golden_offset_x,SR18C-DI-EBPM-02:CF:GOLDEN_X_S,0,ao
1609,golden_offset_y,SR18C-DI-EBPM-02:CF:GOLDEN_Y_S,0,ao
1615,bba_offset_x,SR18C-DI-EBPM-03:CF:BBA_X_S,0,ao
1615,bba_offset_y,SR18C-DI-EBPM-03:CF:BBA_Y_S,0,ao
1615,bcd_offset_x,SR18C-DI-EBPM-03:CF:BCD_X_S,0,ao
1615,bcd_offset_y,SR18C-DI-EBPM-03:CF:BCD_Y_S,0,ao
1615,golden_offset_x,SR18C-DI-EBPM-03:CF:GOLDEN_X_S,0,ao
1615,golden_offset_y,SR18C-DI-EBPM-03:CF:GOLDEN_Y_S,0,ao
1623,bba_offset_x,SR18C-DI-EBPM-04:CF:BBA_X_S,0,ao
1623,bba_offset_y,SR18C-DI-EBPM-04:CF:BBA_Y_S,0,ao
1623,bcd_offset_x,SR18C-DI-EBPM-04:CF:BCD_X_S,0,ao
1623,bcd_offset_y,SR18C-DI-EBPM-04:CF:BCD_Y_S,0,ao
1623,golden_offset_x,SR18C-DI-EBPM-04:CF:GOLDEN_X_S,0,ao
1623,golden_offset_y,SR18C-DI-EBPM-04:CF:GOLDEN_Y_S,0,ao
1637,bba_offset_x,SR18C-DI-EBPM-05:CF:BBA_X_S,0,ao
1637,bba_offset_y,SR18C-DI-EBPM-05:CF:BBA_Y_S,0,ao
1637,bcd_offset_x,SR18C-DI-EBPM-05:CF:BCD_X_S,0,ao
1637,bcd_offset_y,SR18C-DI-EBPM-05:CF:BCD_Y_S,0,ao
1637,golden_offset_x,SR18C-DI-EBPM-05:CF:GOLDEN_X_S,0,ao
1637,golden_offset_y,SR18C-DI-EBPM-05:CF:GOLDEN_Y_S,0,ao
1648,bba_offset_x,SR18C-DI-EBPM-06:CF:BBA_X_S,0,ao
1648,bba_offset_y,SR18C-DI-EBPM-06:CF:BBA_Y_S,0,ao
1648,bcd_offset_x,SR18C-DI-EBPM-06:CF:BCD_X_S,0,ao
1648,bcd_offset_y,SR18C-DI-EBPM-06:CF:BCD_Y_S,0,ao
1648,golden_offset_x,SR18C-DI-EBPM-06:CF:GOLDEN_X_S,0,ao
1648,golden_offset_y,SR18C-DI-EBPM-06:CF:GOLDEN_Y_S,0,ao
1658,bba_offset_x,SR18C-DI-EBPM-07:CF:BBA_X_S,0,ao
1658,bba_offset_y,SR18C-DI-EBPM-07:CF:BBA_Y_S,0,ao
1658,bcd_offset_x,SR18C-DI-EBPM-07:CF:BCD_X_S,0,ao
1658,bcd_offset_y,SR18C-DI-EBPM-07:CF:BCD_Y_S,0,ao
1658,golden_offset_x,SR18C-DI-EBPM-07:CF:GOLDEN_X_S,0,ao
1658,golden_offset_y,SR18C-DI-EBPM-07:CF:GOLDEN_Y_S,0,ao
1686,bba_offset_x,SR19C-DI-EBPM-01:CF:BBA_X_S,0,ao
1686,bba_offset_y,SR19C-DI-EBPM-01:CF:BBA_Y_S,0,ao
1686,bcd_offset_x,SR19C-DI-EBPM-01:CF:BCD_X_S,0,ao
1686,bcd_offset_y,SR19C-DI-EBPM-01:CF:BCD_Y_S,0,ao
1686,golden_offset_x,SR19C-DI-EBPM-01:CF:GOLDEN_X_S,0,ao
1686,golden_offset_y,SR19C-DI-EBPM-01:CF:GOLDEN_Y_S,0,ao
1702,bba_offset_x,SR19C-DI-EBPM-02:CF:BBA_X_S,0,ao
1702,bba_offset_y,SR19C-DI-EBPM-02:CF:BBA_Y_S,0,ao
1702,bcd_offset_x,SR19C-DI-EBPM-02:CF:BCD_X_S,0,ao
1702,bcd_offset_y,SR19C-DI-EBPM-02:CF:BCD_Y_S,0,ao
1702,golden_offset_x,SR19C-DI-EBPM-02:CF:GOLDEN_X_S,0,ao
1702,golden_offset_y,SR19C-DI-EBPM-02:CF:GOLDEN_Y_S,0,ao
1708,bba_offset_x,SR19C-DI-EBPM-03:CF:BBA_X_S,0,ao
1708,bba_offset_y,SR19C-DI-EBPM-03:CF:BBA_Y_S,0,ao
1708,bcd_offset_x,SR19C-DI-EBPM-03:CF:BCD_X_S,0,ao
1708,bcd_offset_y,SR19C-DI-EBPM-03:CF:BCD_Y_S,0,ao
1708,golden_offset_x,SR19C-DI-EBPM-03:CF:GOLDEN_X_S,0,ao
1708,golden_offset_y,SR19C-DI-EBPM-03:CF:GOLDEN_Y_S,0,ao
1716,bba_offset_x,SR19C-DI-EBPM-04:CF:BBA_X_S,0,ao
1716,bba_offset_y,SR19C-DI-EBPM-04:CF:BBA_Y_S,0,ao
1716,bcd_offset_x,SR19C-DI-EBPM-04:CF:BCD_X_S,0,ao
1716,bcd_offset_y,SR19C-DI-EBPM-04:CF:BCD_Y_S,0,ao
1716,golden_offset_x,SR19C-DI-EBPM-04:CF:GOLDEN_X_S,0,ao
1716,golden_offset_y,SR19C-DI-EBPM-04:CF:GOLDEN_Y_S,0,ao
1730,bba_offset_x,SR19C-DI-EBPM-05:CF:BBA_X_S,0,ao
1730,bba_offset_y,SR19C-DI-EBPM-05:CF:BBA_Y_S,0,ao
1730,bcd_offset_x,SR19C-DI-EBPM-05:CF:BCD_X_S,0,ao
1730,bcd_offset_y,SR19C-DI-EBPM-05:CF:BCD_Y_S,0,ao
1730,golden_offset_x,SR19C-DI-EBPM-05:CF:GOLDEN_X_S,0,ao
1730,golden_offset_y,SR19C-DI-EBPM-05:CF:GOLDEN_Y_S,0,ao
1740,bba_offset_x,SR19C-DI-EBPM-06:CF:BBA_X_S,0,ao
1740,bba_offset_y,SR19C-DI-EBPM-06:CF:BBA_Y_S,0,ao
1740,bcd_offset_x,SR19C-DI-EBPM-06:CF:BCD_X_S,0,ao
1740,bcd_offset_y,SR19C-DI-EBPM-06:CF:BCD_Y_S,0,ao
1740,golden_offset_x,SR19C-DI-EBPM-06:CF:GOLDEN_X_S,0,ao
1740,golden_offset_y,SR19C-DI-EBPM-06:CF:GOLDEN_Y_S,0,ao
1750,bba_offset_x,SR19C-DI-EBPM-07:CF:BBA_X_S,0,ao
1750,bba_offset_y,SR19C-DI-EBPM-07:CF:BBA_Y_S,0,ao
1750,bcd_offset_x,SR19C-DI-EBPM-07:CF:BCD_X_S,0,ao
1750,bcd_offset_y,SR19C-DI-EBPM-07:CF:BCD_Y_S,0,ao
1750,golden_offset_x,SR19C-DI-EBPM-07:CF:GOLDEN_X_S,0,ao
1750,golden_offset_y,SR19C-DI-EBPM-07:CF:GOLDEN_Y_S,0,ao
1794,bba_offset_x,SR20C-DI-EBPM-01:CF:BBA_X_S,0,ao
1794,bba_offset_y,SR20C-DI-EBPM-01:CF:BBA_Y_S,0,ao
1794,bcd_offset_x,SR20C-DI-EBPM-01:CF:BCD_X_S,0,ao
1794,bcd_offset_y,SR20C-DI-EBPM-01:CF:BCD_Y_S,0,ao
1794,golden_offset_x,SR20C-DI-EBPM-01:CF:GOLDEN_X_S,0,ao
1794,golden_offset_y,SR20C-DI-EBPM-01:CF:GOLDEN_Y_S,0,ao
1811,bba_offset_x,SR20C-DI-EBPM-02:CF:BBA_X_S,0,ao
1811,bba_offset_y,SR20C-DI-EBPM-02:CF:BBA_Y_S,0,ao
1811,bcd_offset_x,SR20C-DI-EBPM-02:CF:BCD_X_S,0,ao
1811,bcd_offset_y,SR20C-DI-EBPM-02:CF:BCD_Y_S,0,ao
1811,golden_offset_x,SR20C-DI-EBPM-02:CF:GOLDEN_X_S,0,ao
1811,golden_offset_y,SR20C-DI-EBPM-02:CF:GOLDEN_Y_S,0,ao
1817,bba_offset_x,SR20C-DI-EBPM-03:CF:BBA_X_S,0,ao
1817,bba_offset_y,SR20C-DI-EBPM-03:CF:BBA_Y_S,0,ao
1817,bcd_offset_x,SR20C-DI-EBPM-03:CF:BCD_X_S,0,ao
1817,bcd_offset_y,SR20C-DI-EBPM-03:CF:BCD_Y_S,0,ao
1817,golden_offset_x,SR20C-DI-EBPM-03:CF:GOLDEN_X_S,0,ao
1817,golden_offset_y,SR20C-DI-EBPM-03:CF:GOLDEN_Y_S,0,ao
1825,bba_offset_x,SR20C-DI-EBPM-04:CF:BBA_X_S,0,ao
1825,bba_offset_y,SR20C-DI-EBPM-04:CF:BBA_Y_S,0,ao
1825,bcd_offset_x,SR20C-DI-EBPM-04:CF:BCD_X_S,0,ao
1825,bcd_offset_y,SR20C-DI-EBPM-04:CF:BCD_Y_S,0,ao
1825,golden_offset_x,SR20C-DI-EBPM-04:CF:GOLDEN_X_S,0,ao
1825,golden_offset_y,SR20C-DI-EBPM-04:CF:GOLDEN_Y_S,0,ao
1839,bba_offset_x,SR20C-DI-EBPM-05:CF:BBA_X_S,0,ao
1839,bba_offset_y,SR20C-DI-EBPM-05:CF:BBA_Y_S,0,ao
1839,bcd_offset_x,SR20C-DI-EBPM-05:CF:BCD_X_S,0,ao
1839,bcd_offset_y,SR20C-DI-EBPM-05:CF:BCD_Y_S,0,ao
1839,golden_offset_x,SR20C-DI-EBPM-05:CF:GOLDEN_X_S,0,ao
1839,golden_offset_y,SR20C-DI-EBPM-05:CF:GOLDEN_Y_S,0,ao
1849,bba_offset_x,SR20C-DI-EBPM-06:CF:BBA_X_S,0,ao
1849,bba_offset_y,SR20C-DI-EBPM-06:CF:BBA_Y_S,0,ao
1849,bcd_offset_x,SR20C-DI-EBPM-06:CF:BCD_X_S,0,ao
1849,bcd_offset_y,SR20C-DI-EBPM-06:CF:BCD_Y_S,0,ao
1849,golden_offset_x,SR20C-DI-EBPM-06:CF:GOLDEN_X_S,0,ao
1849,golden_offset_y,SR20C-DI-EBPM-06:CF:GOLDEN_Y_S,0,ao
1859,bba_offset_x,SR20C-DI-EBPM-07:CF:BBA_X_S,0,ao
1859,bba_offset_y,SR20C-DI-EBPM-07:CF:BBA_Y_S,0,ao
1859,bcd_offset_x,SR20C-DI-EBPM-07:CF:BCD_X_S,0,ao
1859,bcd_offset_y,SR20C-DI-EBPM-07:CF:BCD_Y_S,0,ao
1859,golden_offset_x,SR20C-DI-EBPM-07:CF:GOLDEN_X_S,0,ao
1859,golden_offset_y,SR20C-DI-EBPM-07:CF:GOLDEN_Y_S,0,ao
1873,bba_offset_x,SR21C-DI-EBPM-01:CF:BBA_X_S,0,ao
1873,bba_offset_y,SR21C-DI-EBPM-01:CF:BBA_Y_S,0,ao
1873,bcd_offset_x,SR21C-DI-EBPM-01:CF:BCD_X_S,0,ao
1873,bcd_offset_y,SR21C-DI-EBPM-01:CF:BCD_Y_S,0,ao
1873,golden_offset_x,SR21C-DI-EBPM-01:CF:GOLDEN_X_S,0,ao
1873,golden_offset_y,SR21C-DI-EBPM-01:CF:GOLDEN_Y_S,0,ao
1889,bba_offset_x,SR21C-DI-EBPM-02:CF:BBA_X_S,0,ao
1889,bba_offset_y,SR21C-DI-EBPM-02:CF:BBA_Y_S,0,ao
1889,bcd_offset_x,SR21C-DI-EBPM-02:CF:BCD_X_S,0,ao
1889,bcd_offset_y,SR21C-DI-EBPM-02:CF:BCD_Y_S,0,ao
1889,golden_offset_x,SR21C-DI-EBPM-02:CF:GOLDEN_X_S,0,ao
1889,golden_offset_y,SR21C-DI-EBPM-02:CF:GOLDEN_Y_S,0,ao
1895,bba_offset_x,SR21C-DI-EBPM-03:CF:BBA_X_S,0,ao
1895,bba_offset_y,SR21C-DI-EBPM-03:CF:BBA_Y_S,0,ao
1895,bcd_offset_x,SR21C-DI-EBPM-03:CF:BCD_X_S,0,ao
1895,bcd_offset_y,SR21C-DI-EBPM-03:CF:BCD_Y_S,0,ao
1895,golden_offset_x,SR21C-DI-EBPM-03:CF:GOLDEN_X_S,0,ao
1895,golden_offset_y,SR21C-DI-EBPM-03:CF:GOLDEN_Y_S,0,ao
1903,bba_offset_x,SR21C-DI-EBPM-04:CF:BBA_X_S,0,ao
1903,bba_offset_y,SR21C-DI-EBPM-04:CF:BBA_Y_S,0,ao
1903,bcd_offset_x,SR21C-DI-EBPM-04:CF:BCD_X_S,0,ao
1903,bcd_offset_y,SR21C-DI-EBPM-04:CF:BCD_Y_S,0,ao
1903,golden_offset_x,SR21C-DI-EBPM-04:CF:GOLDEN_X_S,0,ao
1903,golden_offset_y,SR21C-DI-EBPM-04:CF:GOLDEN_Y_S,0,ao
1917,bba_offset_x,SR21C-DI-EBPM-05:CF:BBA_X_S,0,ao
1917,bba_offset_y,SR21C-DI-EBPM-05:CF:BBA_Y_S,0,ao
1917,bcd_offset_x,SR21C-DI-EBPM-05:CF:BCD_X_S,0,ao
1917,bcd_offset_y,SR21C-DI-EBPM-05:CF:BCD_Y_S,0,ao
1917,golden_offset_x,SR21C-DI-EBPM-05:CF:GOLDEN_X_S,0,ao
1917,golden_offset_y,SR21C-DI-EBPM-05:CF:GOLDEN_Y_S,0,ao
1928,bba_offset_x,SR21C-DI-EBPM-06:CF:BBA_X_S,0,ao
1928,bba_offset_y,SR21C-DI-EBPM-06:CF:BBA_Y_S,0,ao
1928,bcd_offset_x,SR21C-DI-EBPM-06:CF:BCD_X_S,0,ao
1928,bcd_offset_y,SR21C-DI-EBPM-06:CF:BCD_Y_S,0,ao
1928,golden_offset_x,SR21C-DI-EBPM-06:CF:GOLDEN_X_S,0,ao
1928,golden_offset_y,SR21C-DI-EBPM-06:CF:GOLDEN_Y_S,0,ao
1938,bba_offset_x,SR21C-DI-EBPM-07:CF:BBA_X_S,0,ao
1938,bba_offset_y,SR21C-DI-EBPM-07:CF:BBA_Y_S,0,ao
1938,bcd_offset_x,SR21C-DI-EBPM-07:CF:BCD_X_S,0,ao
1938,bcd_offset_y,SR21C-DI-EBPM-07:CF:BCD_Y_S,0,ao
1938,golden_offset_x,SR21C-DI-EBPM-07:CF:GOLDEN_X_S,0,ao
1938,golden_offset_y,SR21C-DI-EBPM-07:CF:GOLDEN_Y_S,0,ao
1952,bba_offset_x,SR22C-DI-EBPM-01:CF:BBA_X_S,0,ao
1952,bba_offset_y,SR22C-DI-EBPM-01:CF:BBA_Y_S,0,ao
1952,bcd_offset_x,SR22C-DI-EBPM-01:CF:BCD_X_S,0,ao
1952,bcd_offset_y,SR22C-DI-EBPM-01:CF:BCD_Y_S,0,ao
1952,golden_offset_x,SR22C-DI-EBPM-01:CF:GOLDEN_X_S,0,ao
1952,golden_offset_y,SR22C-DI-EBPM-01:CF:GOLDEN_Y_S,0,ao
1968,bba_offset_x,SR22C-DI-EBPM-02:CF:BBA_X_S,0,ao
1968,bba_offset_y,SR22C-DI-EBPM-02:CF:BBA_Y_S,0,ao
1968,bcd_offset_x,SR22C-DI-EBPM-02:CF:BCD_X_S,0,ao
1968,bcd_offset_y,SR22C-DI-EBPM-02:CF:BCD_Y_S,0,ao
1968,golden_offset_x,SR22C-DI-EBPM-02:CF:GOLDEN_X_S,0,ao
1968,golden_offset_y,SR22C-DI-EBPM-02:CF:GOLDEN_Y_S,0,ao
1974,bba_offset_x,SR22C-DI-EBPM-03:CF:BBA_X_S,0,ao
1974,bba_offset_y,SR22C-DI-EBPM-03:CF:BBA_Y_S,0,ao
1974,bcd_offset_x,SR22C-DI-EBPM-03:CF:BCD_X_S,0,ao
1974,bcd_offset_y,SR22C-DI-EBPM-03:CF:BCD_Y_S,0,ao
1974,golden_offset_x,SR22C-DI-EBPM-03:CF:GOLDEN_X_S,0,ao
1974,golden_offset_y,SR22C-DI-EBPM-03:CF:GOLDEN_Y_S,0,ao
1982,bba_offset_x,SR22C-DI-EBPM-04:CF:BBA_X_S,0,ao
1982,bba_offset_y,SR22C-DI-EBPM-04:CF:BBA_Y_S,0,ao
1982,bcd_offset_x,SR22C-DI-EBPM-04:CF:BCD_X_S,0,ao
1982,bcd_offset_y,SR22C-DI-EBPM-04:CF:BCD_Y_S,0,ao
1982,golden_offset_x,SR22C-DI-EBPM-04:CF:GOLDEN_X_S,0,ao
1982,golden_offset_y,SR22C-DI-EBPM-04:CF:GOLDEN_Y_S,0,ao
1996,bba_offset_x,SR22C-DI-EBPM-05:CF:BBA_X_S,0,ao
1996,bba_offset_y,SR22C-DI-EBPM-05:CF:BBA_Y_S,0,ao
1996,bcd_offset_x,SR22C-DI-EBPM-05:CF:BCD_X_S,0,ao
1996,bcd_offset_y,SR22C-DI-EBPM-05:CF:BCD_Y_S,0,ao
1996,golden_offset_x,SR22C-DI-EBPM-05:CF:GOLDEN_X_S,0,ao
1996,golden_offset_y,SR22C-DI-EBPM-05:CF:GOLDEN_Y_S,0,ao
2007,bba_offset_x,SR22C-DI-EBPM-06:CF:BBA_X_S,0,ao
2007,bba_offset_y,SR22C-DI-EBPM-06:CF:BBA_Y_S,0,ao
2007,bcd_offset_x,SR22C-DI-EBPM-06:CF:BCD_X_S,0,ao
2007,bcd_offset_y,SR22C-DI-EBPM-06:CF:BCD_Y_S,0,ao
2007,golden_offset_x,SR22C-DI-EBPM-06:CF:GOLDEN_X_S,0,ao
2007,golden_offset_y,SR22C-DI-EBPM-06:CF:GOLDEN_Y_S,0,ao
2017,bba_offset_x,SR22C-DI-EBPM-07:CF:BBA_X_S,0,ao
2017,bba_offset_y,SR22C-DI-EBPM-07:CF:BBA_Y_S,0,ao
2017,bcd_offset_x,SR22C-DI-EBPM-07:CF:BCD_X_S,0,ao
2017,bcd_offset_y,SR22C-DI-EBPM-07:CF:BCD_Y_S,0,ao
2017,golden_offset_x,SR22C-DI-EBPM-07:CF:GOLDEN_X_S,0,ao
2017,golden_offset_y,SR22C-DI-EBPM-07:CF:GOLDEN_Y_S,0,ao
2031,bba_offset_x,SR23C-DI-EBPM-01:CF:BBA_X_S,0,ao
2031,bba_offset_y,SR23C-DI-EBPM-01:CF:BBA_Y_S,0,ao
2031,bcd_offset_x,SR23C-DI-EBPM-01:CF:BCD_X_S,0,ao
2031,bcd_offset_y,SR23C-DI-EBPM-01:CF:BCD_Y_S,0,ao
2031,golden_offset_x,SR23C-DI-EBPM-01:CF:GOLDEN_X_S,0,ao
2031,golden_offset_y,SR23C-DI-EBPM-01:CF:GOLDEN_Y_S,0,ao
2047,bba_offset_x,SR23C-DI-EBPM-02:CF:BBA_X_S,0,ao
2047,bba_offset_y,SR23C-DI-EBPM-02:CF:BBA_Y_S,0,ao
2047,bcd_offset_x,SR23C-DI-EBPM-02:CF:BCD_X_S,0,ao
2047,bcd_offset_y,SR23C-DI-EBPM-02:CF:BCD_Y_S,0,ao
2047,golden_offset_x,SR23C-DI-EBPM-02:CF:GOLDEN_X_S,0,ao
2047,golden_offset_y,SR23C-DI-EBPM-02:CF:GOLDEN_Y_S,0,ao
2053,bba_offset_x,SR23C-DI-EBPM-03:CF:BBA_X_S,0,ao
2053,bba_offset_y,SR23C-DI-EBPM-03:CF:BBA_Y_S,0,ao
2053,bcd_offset_x,SR23C-DI-EBPM-03:CF:BCD_X_S,0,ao
2053,bcd_offset_y,SR23C-DI-EBPM-03:CF:BCD_Y_S,0,ao
2053,golden_offset_x,SR23C-DI-EBPM-03:CF:GOLDEN_X_S,0,ao
2053,golden_offset_y,SR23C-DI-EBPM-03:CF:GOLDEN_Y_S,0,ao
2061,bba_offset_x,SR23C-DI-EBPM-04:CF:BBA_X_S,0,ao
2061,bba_offset_y,SR23C-DI-EBPM-04:CF:BBA_Y_S,0,ao
2061,bcd_offset_x,SR23C-DI-EBPM-04:CF:BCD_X_S,0,ao
2061,bcd_offset_y,SR23C-DI-EBPM-04:CF:BCD_Y_S,0,ao
2061,golden_offset_x,SR23C-DI-EBPM-04:CF:GOLDEN_X_S,0,ao
2061,golden_offset_y,SR23C-DI-EBPM-04:CF:GOLDEN_Y_S,0,ao
2075,bba_offset_x,SR23C-DI-EBPM-05:CF:BBA_X_S,0,ao
2075,bba_offset_y,SR23C-DI-EBPM-05:CF:BBA_Y_S,0,ao
2075,bcd_offset_x,SR23C-DI-EBPM-05:CF:BCD_X_S,0,ao
2075,bcd_offset_y,SR23C-DI-EBPM-05:CF:BCD_Y_S,0,ao
2075,golden_offset_x,SR23C-DI-EBPM-05:CF:GOLDEN_X_S,0,ao
2075,golden_offset_y,SR23C-DI-EBPM-05:CF:GOLDEN_Y_S,0,ao
2086,bba_offset_x,SR23C-DI-EBPM-06:CF:BBA_X_S,0,ao
2086,bba_offset_y,SR23C-DI-EBPM-06:CF:BBA_Y_S,0,ao
2086,bcd_offset_x,SR23C-DI-EBPM-06:CF:BCD_X_S,0,ao
2086,bcd_offset_y,SR23C-DI-EBPM-06:CF:BCD_Y_S,0,ao
2086,golden_offset_x,SR23C-DI-EBPM-06:CF:GOLDEN_X_S,0,ao
2086,golden_offset_y,SR23C-DI-EBPM-06:CF:GOLDEN_Y_S,0,ao
2096,bba_offset_x,SR23C-DI-EBPM-07:CF:BBA_X_S,0,ao
2096,bba_offset_y,SR23C-DI-EBPM-07:CF:BBA_Y_S,0,ao
2096,bcd_offset_x,SR23C-DI-EBPM-07:CF:BCD_X_S,0,ao
2096,bcd_offset_y,SR23C-DI-EBPM-07:CF:BCD_Y_S,0,ao
2096,golden_offset_x,SR23C-DI-EBPM-07:CF:GOLDEN_X_S,0,ao
2096,golden_offset_y,SR23C-DI-EBPM-07:CF:GOLDEN_Y_S,0,ao
2124,bba_offset_x,SR24C-DI-EBPM-01:CF:BBA_X_S,0,ao
2124,bba_offset_y,SR24C-DI-EBPM-01:CF:BBA_Y_S,0,ao
2124,bcd_offset_x,SR24C-DI-EBPM-01:CF:BCD_X_S,0,ao
2124,bcd_offset_y,SR24C-DI-EBPM-01:CF:BCD_Y_S,0,ao
2124,golden_offset_x,SR24C-DI-EBPM-01:CF:GOLDEN_X_S,0,ao
2124,golden_offset_y,SR24C-DI-EBPM-01:CF:GOLDEN_Y_S,0,ao
2140,bba_offset_x,SR24C-DI-EBPM-02:CF:BBA_X_S,0,ao
2140,bba_offset_y,SR24C-DI-EBPM-02:CF:BBA_Y_S,0,ao
2140,bcd_offset_x,SR24C-DI-EBPM-02:CF:BCD_X_S,0,ao
2140,bcd_offset_y,SR24C-DI-EBPM-02:CF:BCD_Y_S,0,ao
2140,golden_offset_x,SR24C-DI-EBPM-02:CF:GOLDEN_X_S,0,ao
2140,golden_offset_y,SR24C-DI-EBPM-02:CF:GOLDEN_Y_S,0,ao
2146,bba_offset_x,SR24C-DI-EBPM-03:CF:BBA_X_S,0,ao
2146,bba_offset_y,SR24C-DI-EBPM-03:CF:BBA_Y_S,0,ao
2146,bcd_offset_x,SR24C-DI-EBPM-03:CF:BCD_X_S,0,ao
2146,bcd_offset_y,SR24C-DI-EBPM-03:CF:BCD_Y_S,0,ao
2146,golden_offset_x,SR24C-DI-EBPM-03:CF:GOLDEN_X_S,0,ao
2146,golden_offset_y,SR24C-DI-EBPM-03:CF:GOLDEN_Y_S,0,ao
2154,bba_offset_x,SR24C-DI-EBPM-04:CF:BBA_X_S,0,ao
2154,bba_offset_y,SR24C-DI-EBPM-04:CF:BBA_Y_S,0,ao
2154,bcd_offset_x,SR24C-DI-EBPM-04:CF:BCD_X_S,0,ao
2154,bcd_offset_y,SR24C-DI-EBPM-04:CF:BCD_Y_S,0,ao
2154,golden_offset_x,SR24C-DI-EBPM-04:CF:GOLDEN_X_S,0,ao
2154,golden_offset_y,SR24C-DI-EBPM-04:CF:GOLDEN_Y_S,0,ao
2168,bba_offset_x,SR24C-DI-EBPM-05:CF:BBA_X_S,0,ao
2168,bba_offset_y,SR24C-DI-EBPM-05:CF:BBA_Y_S,0,ao
2168,bcd_offset_x,SR24C-DI-EBPM-05:CF:BCD_X_S,0,ao
2168,bcd_offset_y,SR24C-DI-EBPM-05:CF:BCD_Y_S,0,ao
2168,golden_offset_x,SR24C-DI-EBPM-05:CF:GOLDEN_X_S,0,ao
2168,golden_offset_y,SR24C-DI-EBPM-05:CF:GOLDEN_Y_S,0,ao
2179,bba_offset_x,SR24C-DI-EBPM-06:CF:BBA_X_S,0,ao
2179,bba_offset_y,SR24C-DI-EBPM-06:CF:BBA_Y_S,0,ao
2179,bcd_offset_x,SR24C-DI-EBPM-06:CF:BCD_X_S,0,ao
2179,bcd_offset_y,SR24C-DI-EBPM-06:CF:BCD_Y_S,0,ao
2179,golden_offset_x,SR24C-DI-EBPM-06:CF:GOLDEN_X_S,0,ao
2179,golden_offset_y,SR24C-DI-EBPM-06:CF:GOLDEN_Y_S,0,ao
2189,bba_offset_x,SR24C-DI-EBPM-07:CF:BBA_X_S,0,ao
2189,bba_offset_y,SR24C-DI-EBPM-07:CF:BBA_Y_S,0,ao
2189,bcd_offset_x,SR24C-DI-EBPM-07:CF:BCD_X_S,0,ao
2189,bcd_offset_y,SR24C-DI-EBPM-07:CF:BCD_Y_S,0,ao
2189,golden_offset_x,SR24C-DI-EBPM-07:CF:GOLDEN_X_S,0,ao
2189,golden_offset_y,SR24C-DI-EBPM-07:CF:GOLDEN_Y_S,0,ao
