index,field,pv,value
0,beam_current,SR-DI-DCCT-01:SIGNAL,300
0,feedback_status,CS-CS-MSTAT-01:FBSTAT,2
3,enabled,SR01C-DI-EBPM-01:CF:ENABLED_S,1
5,offset,SR01A-PC-Q1D-01:OFFSET1,0
8,error_sum,SR01A-PC-HSTR-01:ERCSUM,0
8,state,SR01A-PC-HSTR-01:STATE,2
8,error_sum,SR01A-PC-VSTR-01:ERCSUM,0
8,state,SR01A-PC-VSTR-01:STATE,2
11,offset,SR01A-PC-Q2D-02:OFFSET1,0
13,offset,SR01A-PC-Q3D-03:OFFSET1,0
16,error_sum,SR01A-PC-HSTR-02:ERCSUM,0
16,state,SR01A-PC-HSTR-02:STATE,2
16,error_sum,SR01A-PC-VSTR-02:ERCSUM,0
16,state,SR01A-PC-VSTR-02:STATE,2
19,enabled,SR01C-DI-EBPM-02:CF:ENABLED_S,1
25,enabled,SR01C-DI-EBPM-03:CF:ENABLED_S,1
28,error_sum,SR01A-PC-HSTR-03:ERCSUM,0
28,state,SR01A-PC-HSTR-03:STATE,2
28,error_sum,SR01A-PC-VSTR-03:ERCSUM,0
28,state,SR01A-PC-VSTR-03:STATE,2
33,enabled,SR01C-DI-EBPM-04:CF:ENABLED_S,1
36,error_sum,SR01A-PC-HSTR-04:ERCSUM,0
36,state,SR01A-PC-HSTR-04:STATE,2
36,error_sum,SR01A-PC-VSTR-04:ERCSUM,0
36,state,SR01A-PC-VSTR-04:STATE,2
42,error_sum,SR01A-PC-HSTR-05:ERCSUM,0
42,state,SR01A-PC-HSTR-05:STATE,2
42,error_sum,SR01A-PC-VSTR-05:ERCSUM,0
42,state,SR01A-PC-VSTR-05:STATE,2
47,enabled,SR01C-DI-EBPM-05:CF:ENABLED_S,1
52,error_sum,SR01A-PC-HSTR-06:ERCSUM,0
52,state,SR01A-PC-HSTR-06:STATE,2
52,error_sum,SR01A-PC-VSTR-06:ERCSUM,0
52,state,SR01A-PC-VSTR-06:STATE,2
55,offset,SR01A-PC-Q3B-08:OFFSET1,0
57,enabled,SR01C-DI-EBPM-06:CF:ENABLED_S,1
59,offset,SR01A-PC-Q2B-09:OFFSET1,0
62,error_sum,SR01A-PC-HSTR-07:ERCSUM,0
62,state,SR01A-PC-HSTR-07:STATE,2
62,error_sum,SR01A-PC-VSTR-07:ERCSUM,0
62,state,SR01A-PC-VSTR-07:STATE,2
65,offset,SR01A-PC-Q1B-10:OFFSET1,0
67,enabled,SR01C-DI-EBPM-07:CF:ENABLED_S,1
95,enabled,SR02C-DI-EBPM-01:CF:ENABLED_S,1
101,error_sum,SR02A-PC-HSTR-01:ERCSUM,0
101,state,SR02A-PC-HSTR-01:STATE,2
101,error_sum,SR02A-PC-VSTR-01:ERCSUM,0
101,state,SR02A-PC-VSTR-01:STATE,2
118,enabled,SR02C-DI-EBPM-02:CF:ENABLED_S,1
126,error_sum,SR02A-PC-HSTR-04:ERCSUM,0
126,state,SR02A-PC-HSTR-04:STATE,2
126,error_sum,SR02A-PC-VSTR-04:ERCSUM,0
126,state,SR02A-PC-VSTR-04:STATE,2
130,error_sum,SR02A-PC-HSTR-05:ERCSUM,0
130,state,SR02A-PC-HSTR-05:STATE,2
130,error_sum,SR02A-PC-VSTR-05:ERCSUM,0
130,state,SR02A-PC-VSTR-05:STATE,2
134,enabled,SR02C-DI-EBPM-03:CF:ENABLED_S,1
139,error_sum,SR02A-PC-HSCOR-01:ERCSUM,0
139,state,SR02A-PC-HSCOR-01:STATE,2
140,error_sum,SR02A-PC-VSCOR-01:ERCSUM,0
140,state,SR02A-PC-VSCOR-01:STATE,2
147,enabled,SR02C-DI-EBPM-04:CF:ENABLED_S,1
155,enabled,SR02C-DI-EBPM-05:CF:ENABLED_S,1
159,error_sum,SR02A-PC-HSCOR-02:ERCSUM,0
159,state,SR02A-PC-HSCOR-02:STATE,2
160,error_sum,SR02A-PC-VSCOR-02:ERCSUM,0
160,state,SR02A-PC-VSCOR-02:STATE,2
177,enabled,SR02C-DI-EBPM-06:CF:ENABLED_S,1
179,error_sum,SR02A-PC-HSTR-07:ERCSUM,0
179,state,SR02A-PC-HSTR-07:STATE,2
179,error_sum,SR02A-PC-VSTR-07:ERCSUM,0
179,state,SR02A-PC-VSTR-07:STATE,2
183,error_sum,SR02A-PC-HSTR-08:ERCSUM,0
183,state,SR02A-PC-HSTR-08:STATE,2
183,error_sum,SR02A-PC-VSTR-08:ERCSUM,0
183,state,SR02A-PC-VSTR-08:STATE,2
187,enabled,SR02C-DI-EBPM-07:CF:ENABLED_S,1
202,error_sum,SR02A-PC-HSTR-10:ERCSUM,0
202,state,SR02A-PC-HSTR-10:STATE,2
202,error_sum,SR02A-PC-VSTR-10:ERCSUM,0
202,state,SR02A-PC-VSTR-10:STATE,2
212,enabled,SR02C-DI-EBPM-08:CF:ENABLED_S,1
240,enabled,SR03C-DI-EBPM-01:CF:ENABLED_S,1
242,offset,SR03A-PC-Q1B-01:OFFSET1,0
245,error_sum,SR03A-PC-HSTR-01:ERCSUM,0
245,state,SR03A-PC-HSTR-01:STATE,2
245,error_sum,SR03A-PC-VSTR-01:ERCSUM,0
245,state,SR03A-PC-VSTR-01:STATE,2
248,offset,SR03A-PC-Q2B-02:OFFSET1,0
250,offset,SR03A-PC-Q3B-03:OFFSET1,0
253,error_sum,SR03A-PC-HSTR-02:ERCSUM,0
253,state,SR03A-PC-HSTR-02:STATE,2
253,error_sum,SR03A-PC-VSTR-02:ERCSUM,0
253,state,SR03A-PC-VSTR-02:STATE,2
256,enabled,SR03C-DI-EBPM-02:CF:ENABLED_S,1
262,enabled,SR03C-DI-EBPM-03:CF:ENABLED_S,1
265,error_sum,SR03A-PC-HSTR-03:ERCSUM,0
265,state,SR03A-PC-HSTR-03:STATE,2
265,error_sum,SR03A-PC-VSTR-03:ERCSUM,0
265,state,SR03A-PC-VSTR-03:STATE,2
270,enabled,SR03C-DI-EBPM-04:CF:ENABLED_S,1
273,error_sum,SR03A-PC-HSTR-04:ERCSUM,0
273,state,SR03A-PC-HSTR-04:STATE,2
273,error_sum,SR03A-PC-VSTR-04:ERCSUM,0
273,state,SR03A-PC-VSTR-04:STATE,2
279,error_sum,SR03A-PC-HSTR-05:ERCSUM,0
279,state,SR03A-PC-HSTR-05:STATE,2
279,error_sum,SR03A-PC-VSTR-05:ERCSUM,0
279,state,SR03A-PC-VSTR-05:STATE,2
284,enabled,SR03C-DI-EBPM-05:CF:ENABLED_S,1
289,error_sum,SR03A-PC-HSTR-06:ERCSUM,0
289,state,SR03A-PC-HSTR-06:STATE,2
289,error_sum,SR03A-PC-VSTR-06:ERCSUM,0
289,state,SR03A-PC-VSTR-06:STATE,2
292,offset,SR03A-PC-Q3B-08:OFFSET1,0
294,enabled,SR03C-DI-EBPM-06:CF:ENABLED_S,1
296,offset,SR03A-PC-Q2B-09:OFFSET1,0
299,error_sum,SR03A-PC-HSTR-07:ERCSUM,0
299,state,SR03A-PC-HSTR-07:STATE,2
299,error_sum,SR03A-PC-VSTR-07:ERCSUM,0
299,state,SR03A-PC-VSTR-07:STATE,2
302,offset,SR03A-PC-Q1B-10:OFFSET1,0
304,enabled,SR03C-DI-EBPM-07:CF:ENABLED_S,1
342,enabled,SR04C-DI-EBPM-01:CF:ENABLED_S,1
344,offset,SR04A-PC-Q1B-01:OFFSET1,0
347,error_sum,SR04A-PC-HSTR-01:ERCSUM,0
347,state,SR04A-PC-HSTR-01:STATE,2
347,error_sum,SR04A-PC-VSTR-01:ERCSUM,0
347,state,SR04A-PC-VSTR-01:STATE,2
350,offset,SR04A-PC-Q2B-02:OFFSET1,0
352,offset,SR04A-PC-Q3B-03:OFFSET1,0
355,error_sum,SR04A-PC-HSTR-02:ERCSUM,0
355,state,SR04A-PC-HSTR-02:STATE,2
355,error_sum,SR04A-PC-VSTR-02:ERCSUM,0
355,state,SR04A-PC-VSTR-02:STATE,2
358,enabled,SR04C-DI-EBPM-02:CF:ENABLED_S,1
364,enabled,SR04C-DI-EBPM-03:CF:ENABLED_S,1
367,error_sum,SR04A-PC-HSTR-03:ERCSUM,0
367,state,SR04A-PC-HSTR-03:STATE,2
367,error_sum,SR04A-PC-VSTR-03:ERCSUM,0
367,state,SR04A-PC-VSTR-03:STATE,2
372,enabled,SR04C-DI-EBPM-04:CF:ENABLED_S,1
375,error_sum,SR04A-PC-HSTR-04:ERCSUM,0
375,state,SR04A-PC-HSTR-04:STATE,2
375,error_sum,SR04A-PC-VSTR-04:ERCSUM,0
375,state,SR04A-PC-VSTR-04:STATE,2
381,error_sum,SR04A-PC-HSTR-05:ERCSUM,0
381,state,SR04A-PC-HSTR-05:STATE,2
381,error_sum,SR04A-PC-VSTR-05:ERCSUM,0
381,state,SR04A-PC-VSTR-05:STATE,2
386,enabled,SR04C-DI-EBPM-05:CF:ENABLED_S,1
391,error_sum,SR04A-PC-HSTR-06:ERCSUM,0
391,state,SR04A-PC-HSTR-06:STATE,2
391,error_sum,SR04A-PC-VSTR-06:ERCSUM,0
391,state,SR04A-PC-VSTR-06:STATE,2
394,offset,SR04A-PC-Q3D-08:OFFSET1,0
396,enabled,SR04C-DI-EBPM-06:CF:ENABLED_S,1
398,offset,SR04A-PC-Q2D-09:OFFSET1,0
401,error_sum,SR04A-PC-HSTR-07:ERCSUM,0
401,state,SR04A-PC-HSTR-07:STATE,2
401,error_sum,SR04A-PC-VSTR-07:ERCSUM,0
401,state,SR04A-PC-VSTR-07:STATE,2
404,offset,SR04A-PC-Q1D-10:OFFSET1,0
406,enabled,SR04C-DI-EBPM-07:CF:ENABLED_S,1
423,enabled,SR05C-DI-EBPM-01:CF:ENABLED_S,1
425,offset,SR05A-PC-Q1D-01:OFFSET1,0
428,error_sum,SR05A-PC-HSTR-01:ERCSUM,0
428,state,SR05A-PC-HSTR-01:STATE,2
428,error_sum,SR05A-PC-VSTR-01:ERCSUM,0
428,state,SR05A-PC-VSTR-01:STATE,2
431,offset,SR05A-PC-Q2D-02:OFFSET1,0
433,offset,SR05A-PC-Q3D-03:OFFSET1,0
436,error_sum,SR05A-PC-HSTR-02:ERCSUM,0
436,state,SR05A-PC-HSTR-02:STATE,2
436,error_sum,SR05A-PC-VSTR-02:ERCSUM,0
436,state,SR05A-PC-VSTR-02:STATE,2
439,enabled,SR05C-DI-EBPM-02:CF:ENABLED_S,1
445,enabled,SR05C-DI-EBPM-03:CF:ENABLED_S,1
448,error_sum,SR05A-PC-HSTR-03:ERCSUM,0
448,state,SR05A-PC-HSTR-03:STATE,2
448,error_sum,SR05A-PC-VSTR-03:ERCSUM,0
448,state,SR05A-PC-VSTR-03:STATE,2
453,enabled,SR05C-DI-EBPM-04:CF:ENABLED_S,1
456,error_sum,SR05A-PC-HSTR-04:ERCSUM,0
456,state,SR05A-PC-HSTR-04:STATE,2
456,error_sum,SR05A-PC-VSTR-04:ERCSUM,0
456,state,SR05A-PC-VSTR-04:STATE,2
462,error_sum,SR05A-PC-HSTR-05:ERCSUM,0
462,state,SR05A-PC-HSTR-05:STATE,2
462,error_sum,SR05A-PC-VSTR-05:ERCSUM,0
462,state,SR05A-PC-VSTR-05:STATE,2
467,enabled,SR05C-DI-EBPM-05:CF:ENABLED_S,1
472,error_sum,SR05A-PC-HSTR-06:ERCSUM,0
472,state,SR05A-PC-HSTR-06:STATE,2
472,error_sum,SR05A-PC-VSTR-06:ERCSUM,0
472,state,SR05A-PC-VSTR-06:STATE,2
475,offset,SR05A-PC-Q3B-08:OFFSET1,0
477,enabled,SR05C-DI-EBPM-06:CF:ENABLED_S,1
479,offset,SR05A-PC-Q2B-09:OFFSET1,0
482,error_sum,SR05A-PC-HSTR-07:ERCSUM,0
482,state,SR05A-PC-HSTR-07:STATE,2
482,error_sum,SR05A-PC-VSTR-07:ERCSUM,0
482,state,SR05A-PC-VSTR-07:STATE,2
485,offset,SR05A-PC-Q1B-10:OFFSET1,0
487,enabled,SR05C-DI-EBPM-07:CF:ENABLED_S,1
514,enabled,SR06C-DI-EBPM-01:CF:ENABLED_S,1
516,offset,SR06A-PC-Q1B-01:OFFSET1,0
519,error_sum,SR06A-PC-HSTR-01:ERCSUM,0
519,state,SR06A-PC-HSTR-01:STATE,2
519,error_sum,SR06A-PC-VSTR-01:ERCSUM,0
519,state,SR06A-PC-VSTR-01:STATE,2
522,offset,SR06A-PC-Q2B-02:OFFSET1,0
524,offset,SR06A-PC-Q3B-03:OFFSET1,0
527,error_sum,SR06A-PC-HSTR-02:ERCSUM,0
527,state,SR06A-PC-HSTR-02:STATE,2
527,error_sum,SR06A-PC-VSTR-02:ERCSUM,0
527,state,SR06A-PC-VSTR-02:STATE,2
530,enabled,SR06C-DI-EBPM-02:CF:ENABLED_S,1
536,enabled,SR06C-DI-EBPM-03:CF:ENABLED_S,1
539,error_sum,SR06A-PC-HSTR-03:ERCSUM,0
539,state,SR06A-PC-HSTR-03:STATE,2
539,error_sum,SR06A-PC-VSTR-03:ERCSUM,0
539,state,SR06A-PC-VSTR-03:STATE,2
544,enabled,SR06C-DI-EBPM-04:CF:ENABLED_S,1
547,error_sum,SR06A-PC-HSTR-04:ERCSUM,0
547,state,SR06A-PC-HSTR-04:STATE,2
547,error_sum,SR06A-PC-VSTR-04:ERCSUM,0
547,state,SR06A-PC-VSTR-04:STATE,2
553,error_sum,SR06A-PC-HSTR-05:ERCSUM,0
553,state,SR06A-PC-HSTR-05:STATE,2
553,error_sum,SR06A-PC-VSTR-05:ERCSUM,0
553,state,SR06A-PC-VSTR-05:STATE,2
558,enabled,SR06C-DI-EBPM-05:CF:ENABLED_S,1
563,error_sum,SR06A-PC-HSTR-06:ERCSUM,0
563,state,SR06A-PC-HSTR-06:STATE,2
563,error_sum,SR06A-PC-VSTR-06:ERCSUM,0
563,state,SR06A-PC-VSTR-06:STATE,2
566,offset,SR06A-PC-Q3B-08:OFFSET1,0
568,enabled,SR06C-DI-EBPM-06:CF:ENABLED_S,1
570,offset,SR06A-PC-Q2B-09:OFFSET1,0
573,error_sum,SR06A-PC-HSTR-07:ERCSUM,0
573,state,SR06A-PC-HSTR-07:STATE,2
573,error_sum,SR06A-PC-VSTR-07:ERCSUM,0
573,state,SR06A-PC-VSTR-07:STATE,2
576,offset,SR06A-PC-Q1B-10:OFFSET1,0
578,enabled,SR06C-DI-EBPM-07:CF:ENABLED_S,1
606,enabled,SR07C-DI-EBPM-01:CF:ENABLED_S,1
608,offset,SR07A-PC-Q1B-01:OFFSET1,0
611,error_sum,SR07A-PC-HSTR-01:ERCSUM,0
611,state,SR07A-PC-HSTR-01:STATE,2
611,error_sum,SR07A-PC-VSTR-01:ERCSUM,0
611,state,SR07A-PC-VSTR-01:STATE,2
614,offset,SR07A-PC-Q2B-02:OFFSET1,0
616,offset,SR07A-PC-Q3B-03:OFFSET1,0
619,error_sum,SR07A-PC-HSTR-02:ERCSUM,0
619,state,SR07A-PC-HSTR-02:STATE,2
619,error_sum,SR07A-PC-VSTR-02:ERCSUM,0
619,state,SR07A-PC-VSTR-02:STATE,2
622,enabled,SR07C-DI-EBPM-02:CF:ENABLED_S,1
628,enabled,SR07C-DI-EBPM-03:CF:ENABLED_S,1
631,error_sum,SR07A-PC-HSTR-03:ERCSUM,0
631,state,SR07A-PC-HSTR-03:STATE,2
631,error_sum,SR07A-PC-VSTR-03:ERCSUM,0
631,state,SR07A-PC-VSTR-03:STATE,2
636,enabled,SR07C-DI-EBPM-04:CF:ENABLED_S,1
639,error_sum,SR07A-PC-HSTR-04:ERCSUM,0
639,state,SR07A-PC-HSTR-04:STATE,2
639,error_sum,SR07A-PC-VSTR-04:ERCSUM,0
639,state,SR07A-PC-VSTR-04:STATE,2
645,error_sum,SR07A-PC-HSTR-05:ERCSUM,0
645,state,SR07A-PC-HSTR-05:STATE,2
645,error_sum,SR07A-PC-VSTR-05:ERCSUM,0
645,state,SR07A-PC-VSTR-05:STATE,2
650,enabled,SR07C-DI-EBPM-05:CF:ENABLED_S,1
656,error_sum,SR07A-PC-HSTR-06:ERCSUM,0
656,state,SR07A-PC-HSTR-06:STATE,2
656,error_sum,SR07A-PC-VSTR-06:ERCSUM,0
656,state,SR07A-PC-VSTR-06:STATE,2
659,offset,SR07A-PC-Q3B-08:OFFSET1,0
661,enabled,SR07C-DI-EBPM-06:CF:ENABLED_S,1
663,offset,SR07A-PC-Q2B-09:OFFSET1,0
666,error_sum,SR07A-PC-HSTR-07:ERCSUM,0
666,state,SR07A-PC-HSTR-07:STATE,2
666,error_sum,SR07A-PC-VSTR-07:ERCSUM,0
666,state,SR07A-PC-VSTR-07:STATE,2
669,offset,SR07A-PC-Q1B-10:OFFSET1,0
671,enabled,SR07C-DI-EBPM-07:CF:ENABLED_S,1
685,enabled,SR08C-DI-EBPM-01:CF:ENABLED_S,1
687,offset,SR08A-PC-Q1B-01:OFFSET1,0
690,error_sum,SR08A-PC-HSTR-01:ERCSUM,0
690,state,SR08A-PC-HSTR-01:STATE,2
690,error_sum,SR08A-PC-VSTR-01:ERCSUM,0
690,state,SR08A-PC-VSTR-01:STATE,2
693,offset,SR08A-PC-Q2B-02:OFFSET1,0
695,offset,SR08A-PC-Q3B-03:OFFSET1,0
698,error_sum,SR08A-PC-HSTR-02:ERCSUM,0
698,state,SR08A-PC-HSTR-02:STATE,2
698,error_sum,SR08A-PC-VSTR-02:ERCSUM,0
698,state,SR08A-PC-VSTR-02:STATE,2
701,enabled,SR08C-DI-EBPM-02:CF:ENABLED_S,1
707,enabled,SR08C-DI-EBPM-03:CF:ENABLED_S,1
710,error_sum,SR08A-PC-HSTR-03:ERCSUM,0
710,state,SR08A-PC-HSTR-03:STATE,2
710,error_sum,SR08A-PC-VSTR-03:ERCSUM,0
710,state,SR08A-PC-VSTR-03:STATE,2
715,enabled,SR08C-DI-EBPM-04:CF:ENABLED_S,1
718,error_sum,SR08A-PC-HSTR-04:ERCSUM,0
718,state,SR08A-PC-HSTR-04:STATE,2
718,error_sum,SR08A-PC-VSTR-04:ERCSUM,0
718,state,SR08A-PC-VSTR-04:STATE,2
724,error_sum,SR08A-PC-HSTR-05:ERCSUM,0
724,state,SR08A-PC-HSTR-05:STATE,2
724,error_sum,SR08A-PC-VSTR-05:ERCSUM,0
724,state,SR08A-PC-VSTR-05:STATE,2
729,enabled,SR08C-DI-EBPM-05:CF:ENABLED_S,1
734,error_sum,SR08A-PC-HSTR-06:ERCSUM,0
734,state,SR08A-PC-HSTR-06:STATE,2
734,error_sum,SR08A-PC-VSTR-06:ERCSUM,0
734,state,SR08A-PC-VSTR-06:STATE,2
737,offset,SR08A-PC-Q3D-08:OFFSET1,0
739,enabled,SR08C-DI-EBPM-06:CF:ENABLED_S,1
741,offset,SR08A-PC-Q2D-09:OFFSET1,0
744,error_sum,SR08A-PC-HSTR-07:ERCSUM,0
744,state,SR08A-PC-HSTR-07:STATE,2
744,error_sum,SR08A-PC-VSTR-07:ERCSUM,0
744,state,SR08A-PC-VSTR-07:STATE,2
747,offset,SR08A-PC-Q1D-10:OFFSET1,0
755,enabled,SR08C-DI-EBPM-07:CF:ENABLED_S,1
767,enabled,SR09S-DI-EBPM-01:CF:ENABLED_S,1
769,error_sum,SR09S-PC-HSTR-01:ERCSUM,0
769,state,SR09S-PC-HSTR-01:STATE,2
770,error_sum,SR09S-PC-VSTR-01:ERCSUM,0
770,state,SR09S-PC-VSTR-01:STATE,2
780,enabled,SR09S-DI-EBPM-02:CF:ENABLED_S,1
782,error_sum,SR09S-PC-HSTR-02:ERCSUM,0
782,state,SR09S-PC-HSTR-02:STATE,2
783,error_sum,SR09S-PC-VSTR-02:ERCSUM,0
783,state,SR09S-PC-VSTR-02:STATE,2
795,enabled,SR09C-DI-EBPM-01:CF:ENABLED_S,1
803,offset,SR09A-PC-Q1D-01:OFFSET1,0
806,error_sum,SR09A-PC-HSTR-01:ERCSUM,0
806,state,SR09A-PC-HSTR-01:STATE,2
806,error_sum,SR09A-PC-VSTR-01:ERCSUM,0
806,state,SR09A-PC-VSTR-01:STATE,2
809,offset,SR09A-PC-Q2D-02:OFFSET1,0
811,offset,SR09A-PC-Q3D-03:OFFSET1,0
814,error_sum,SR09A-PC-HSTR-02:ERCSUM,0
814,state,SR09A-PC-HSTR-02:STATE,2
814,error_sum,SR09A-PC-VSTR-02:ERCSUM,0
814,state,SR09A-PC-VSTR-02:STATE,2
817,enabled,SR09C-DI-EBPM-02:CF:ENABLED_S,1
823,enabled,SR09C-DI-EBPM-03:CF:ENABLED_S,1
826,error_sum,SR09A-PC-HSTR-03:ERCSUM,0
826,state,SR09A-PC-HSTR-03:STATE,2
826,error_sum,SR09A-PC-VSTR-03:ERCSUM,0
826,state,SR09A-PC-VSTR-03:STATE,2
831,enabled,SR09C-DI-EBPM-04:CF:ENABLED_S,1
834,error_sum,SR09A-PC-HSTR-04:ERCSUM,0
834,state,SR09A-PC-HSTR-04:STATE,2
834,error_sum,SR09A-PC-VSTR-04:ERCSUM,0
834,state,SR09A-PC-VSTR-04:STATE,2
840,error_sum,SR09A-PC-HSTR-05:ERCSUM,0
840,state,SR09A-PC-HSTR-05:STATE,2
840,error_sum,SR09A-PC-VSTR-05:ERCSUM,0
840,state,SR09A-PC-VSTR-05:STATE,2
845,enabled,SR09C-DI-EBPM-05:CF:ENABLED_S,1
850,error_sum,SR09A-PC-HSTR-06:ERCSUM,0
850,state,SR09A-PC-HSTR-06:STATE,2
850,error_sum,SR09A-PC-VSTR-06:ERCSUM,0
850,state,SR09A-PC-VSTR-06:STATE,2
853,offset,SR09A-PC-Q3B-08:OFFSET1,0
855,enabled,SR09C-DI-EBPM-06:CF:ENABLED_S,1
857,offset,SR09A-PC-Q2B-09:OFFSET1,0
860,error_sum,SR09A-PC-HSTR-07:ERCSUM,0
860,state,SR09A-PC-HSTR-07:STATE,2
860,error_sum,SR09A-PC-VSTR-07:ERCSUM,0
860,state,SR09A-PC-VSTR-07:STATE,2
863,offset,SR09A-PC-Q1B-10:OFFSET1,0
865,enabled,SR09C-DI-EBPM-07:CF:ENABLED_S,1
915,enabled,SR10C-DI-EBPM-01:CF:ENABLED_S,1
917,offset,SR10A-PC-Q1B-01:OFFSET1,0
920,error_sum,SR10A-PC-HSTR-01:ERCSUM,0
920,state,SR10A-PC-HSTR-01:STATE,2
920,error_sum,SR10A-PC-VSTR-01:ERCSUM,0
920,state,SR10A-PC-VSTR-01:STATE,2
923,offset,SR10A-PC-Q2B-02:OFFSET1,0
925,offset,SR10A-PC-Q3B-03:OFFSET1,0
928,error_sum,SR10A-PC-HSTR-02:ERCSUM,0
928,state,SR10A-PC-HSTR-02:STATE,2
928,error_sum,SR10A-PC-VSTR-02:ERCSUM,0
928,state,SR10A-PC-VSTR-02:STATE,2
931,enabled,SR10C-DI-EBPM-02:CF:ENABLED_S,1
937,enabled,SR10C-DI-EBPM-03:CF:ENABLED_S,1
940,error_sum,SR10A-PC-HSTR-03:ERCSUM,0
940,state,SR10A-PC-HSTR-03:STATE,2
940,error_sum,SR10A-PC-VSTR-03:ERCSUM,0
940,state,SR10A-PC-VSTR-03:STATE,2
945,enabled,SR10C-DI-EBPM-04:CF:ENABLED_S,1
948,error_sum,SR10A-PC-HSTR-04:ERCSUM,0
948,state,SR10A-PC-HSTR-04:STATE,2
948,error_sum,SR10A-PC-VSTR-04:ERCSUM,0
948,state,SR10A-PC-VSTR-04:STATE,2
954,error_sum,SR10A-PC-HSTR-05:ERCSUM,0
954,state,SR10A-PC-HSTR-05:STATE,2
954,error_sum,SR10A-PC-VSTR-05:ERCSUM,0
954,state,SR10A-PC-VSTR-05:STATE,2
959,enabled,SR10C-DI-EBPM-05:CF:ENABLED_S,1
964,error_sum,SR10A-PC-HSTR-06:ERCSUM,0
964,state,SR10A-PC-HSTR-06:STATE,2
964,error_sum,SR10A-PC-VSTR-06:ERCSUM,0
964,state,SR10A-PC-VSTR-06:STATE,2
967,offset,SR10A-PC-Q3B-08:OFFSET1,0
969,enabled,SR10C-DI-EBPM-06:CF:ENABLED_S,1
971,offset,SR10A-PC-Q2B-09:OFFSET1,0
974,error_sum,SR10A-PC-HSTR-07:ERCSUM,0
974,state,SR10A-PC-HSTR-07:STATE,2
974,error_sum,SR10A-PC-VSTR-07:ERCSUM,0
974,state,SR10A-PC-VSTR-07:STATE,2
977,offset,SR10A-PC-Q1B-10:OFFSET1,0
979,enabled,SR10C-DI-EBPM-07:CF:ENABLED_S,1
993,enabled,SR11C-DI-EBPM-01:CF:ENABLED_S,1
995,offset,SR11A-PC-Q1B-01:OFFSET1,0
998,error_sum,SR11A-PC-HSTR-01:ERCSUM,0
998,state,SR11A-PC-HSTR-01:STATE,2
998,error_sum,SR11A-PC-VSTR-01:ERCSUM,0
998,state,SR11A-PC-VSTR-01:STATE,2
1001,offset,SR11A-PC-Q2B-02:OFFSET1,0
1003,offset,SR11A-PC-Q3B-03:OFFSET1,0
1006,error_sum,SR11A-PC-HSTR-02:ERCSUM,0
1006,state,SR11A-PC-HSTR-02:STATE,2
1006,error_sum,SR11A-PC-VSTR-02:ERCSUM,0
1006,state,SR11A-PC-VSTR-02:STATE,2
1009,enabled,SR11C-DI-EBPM-02:CF:ENABLED_S,1
1015,enabled,SR11C-DI-EBPM-03:CF:ENABLED_S,1
1018,error_sum,SR11A-PC-HSTR-03:ERCSUM,0
1018,state,SR11A-PC-HSTR-03:STATE,2
1018,error_sum,SR11A-PC-VSTR-03:ERCSUM,0
1018,state,SR11A-PC-VSTR-03:STATE,2
1023,enabled,SR11C-DI-EBPM-04:CF:ENABLED_S,1
1026,error_sum,SR11A-PC-HSTR-04:ERCSUM,0
1026,state,SR11A-PC-HSTR-04:STATE,2
1026,error_sum,SR11A-PC-VSTR-04:ERCSUM,0
1026,state,SR11A-PC-VSTR-04:STATE,2
1039,enabled,SR11C-DI-EBPM-05:CF:ENABLED_S,1
1044,error_sum,SR11A-PC-HSTR-06:ERCSUM,0
1044,state,SR11A-PC-HSTR-06:STATE,2
1044,error_sum,SR11A-PC-VSTR-06:ERCSUM,0
1044,state,SR11A-PC-VSTR-06:STATE,2
1047,offset,SR11A-PC-Q3B-08:OFFSET1,0
1049,enabled,SR11C-DI-EBPM-06:CF:ENABLED_S,1
1051,offset,SR11A-PC-Q2B-09:OFFSET1,0
1054,error_sum,SR11A-PC-HSTR-07:ERCSUM,0
1054,state,SR11A-PC-HSTR-07:STATE,2
1054,error_sum,SR11A-PC-VSTR-07:ERCSUM,0
1054,state,SR11A-PC-VSTR-07:STATE,2
1057,offset,SR11A-PC-Q1B-10:OFFSET1,0
1059,enabled,SR11C-DI-EBPM-07:CF:ENABLED_S,1
1073,enabled,SR12C-DI-EBPM-01:CF:ENABLED_S,1
1075,offset,SR12A-PC-Q1B-01:OFFSET1,0
1078,error_sum,SR12A-PC-HSTR-01:ERCSUM,0
1078,state,SR12A-PC-HSTR-01:STATE,2
1078,error_sum,SR12A-PC-VSTR-01:ERCSUM,0
1078,state,SR12A-PC-VSTR-01:STATE,2
1081,offset,SR12A-PC-Q2B-02:OFFSET1,0
1083,offset,SR12A-PC-Q3B-03:OFFSET1,0
1086,error_sum,SR12A-PC-HSTR-02:ERCSUM,0
1086,state,SR12A-PC-HSTR-02:STATE,2
1086,error_sum,SR12A-PC-VSTR-02:ERCSUM,0
1086,state,SR12A-PC-VSTR-02:STATE,2
1089,enabled,SR12C-DI-EBPM-02:CF:ENABLED_S,1
1095,enabled,SR12C-DI-EBPM-03:CF:ENABLED_S,1
1098,error_sum,SR12A-PC-HSTR-03:ERCSUM,0
1098,state,SR12A-PC-HSTR-03:STATE,2
1098,error_sum,SR12A-PC-VSTR-03:ERCSUM,0
1098,state,SR12A-PC-VSTR-03:STATE,2
1103,enabled,SR12C-DI-EBPM-04:CF:ENABLED_S,1
1106,error_sum,SR12A-PC-HSTR-04:ERCSUM,0
1106,state,SR12A-PC-HSTR-04:STATE,2
1106,error_sum,SR12A-PC-VSTR-04:ERCSUM,0
1106,state,SR12A-PC-VSTR-04:STATE,2
1112,error_sum,SR12A-PC-HSTR-05:ERCSUM,0
1112,state,SR12A-PC-HSTR-05:STATE,2
1112,error_sum,SR12A-PC-VSTR-05:ERCSUM,0
1112,state,SR12A-PC-VSTR-05:STATE,2
1117,enabled,SR12C-DI-EBPM-05:CF:ENABLED_S,1
1122,error_sum,SR12A-PC-HSTR-06:ERCSUM,0
1122,state,SR12A-PC-HSTR-06:STATE,2
1122,error_sum,SR12A-PC-VSTR-06:ERCSUM,0
1122,state,SR12A-PC-VSTR-06:STATE,2
1125,offset,SR12A-PC-Q3D-08:OFFSET1,0
1127,enabled,SR12C-DI-EBPM-06:CF:ENABLED_S,1
1129,offset,SR12A-PC-Q2D-09:OFFSET1,0
1132,error_sum,SR12A-PC-HSTR-07:ERCSUM,0
1132,state,SR12A-PC-HSTR-07:STATE,2
1132,error_sum,SR12A-PC-VSTR-07:ERCSUM,0
1132,state,SR12A-PC-VSTR-07:STATE,2
1135,offset,SR12A-PC-Q1D-10:OFFSET1,0
1143,enabled,SR12C-DI-EBPM-07:CF:ENABLED_S,1
1155,enabled,SR13S-DI-EBPM-01:CF:ENABLED_S,1
1157,error_sum,SR13S-PC-HSTR-01:ERCSUM,0
1157,state,SR13S-PC-HSTR-01:STATE,2
1158,error_sum,SR13S-PC-VSTR-01:ERCSUM,0
1158,state,SR13S-PC-VSTR-01:STATE,2
1168,enabled,SR13S-DI-EBPM-02:CF:ENABLED_S,1
1170,error_sum,SR13S-PC-HSTR-02:ERCSUM,0
1170,state,SR13S-PC-HSTR-02:STATE,2
1171,error_sum,SR13S-PC-VSTR-02:ERCSUM,0
1171,state,SR13S-PC-VSTR-02:STATE,2
1183,enabled,SR13C-DI-EBPM-01:CF:ENABLED_S,1
1191,offset,SR13A-PC-Q1D-01:OFFSET1,0
1194,error_sum,SR13A-PC-HSTR-01:ERCSUM,0
1194,state,SR13A-PC-HSTR-01:STATE,2
1194,error_sum,SR13A-PC-VSTR-01:ERCSUM,0
1194,state,SR13A-PC-VSTR-01:STATE,2
1197,offset,SR13A-PC-Q2D-02:OFFSET1,0
1199,offset,SR13A-PC-Q3D-03:OFFSET1,0
1202,error_sum,SR13A-PC-HSTR-02:ERCSUM,0
1202,state,SR13A-PC-HSTR-02:STATE,2
1202,error_sum,SR13A-PC-VSTR-02:ERCSUM,0
1202,state,SR13A-PC-VSTR-02:STATE,2
1205,enabled,SR13C-DI-EBPM-02:CF:ENABLED_S,1
1211,enabled,SR13C-DI-EBPM-03:CF:ENABLED_S,1
1214,error_sum,SR13A-PC-HSTR-03:ERCSUM,0
1214,state,SR13A-PC-HSTR-03:STATE,2
1214,error_sum,SR13A-PC-VSTR-03:ERCSUM,0
1214,state,SR13A-PC-VSTR-03:STATE,2
1219,enabled,SR13C-DI-EBPM-04:CF:ENABLED_S,1
1222,error_sum,SR13A-PC-HSTR-04:ERCSUM,0
1222,state,SR13A-PC-HSTR-04:STATE,2
1222,error_sum,SR13A-PC-VSTR-04:ERCSUM,0
1222,state,SR13A-PC-VSTR-04:STATE,2
1228,error_sum,SR13A-PC-HSTR-05:ERCSUM,0
1228,state,SR13A-PC-HSTR-05:STATE,2
1228,error_sum,SR13A-PC-VSTR-05:ERCSUM,0
1228,state,SR13A-PC-VSTR-05:STATE,2
1233,enabled,SR13C-DI-EBPM-05:CF:ENABLED_S,1
1238,error_sum,SR13A-PC-HSTR-06:ERCSUM,0
1238,state,SR13A-PC-HSTR-06:STATE,2
1238,error_sum,SR13A-PC-VSTR-06:ERCSUM,0
1238,state,SR13A-PC-VSTR-06:STATE,2
1241,offset,SR13A-PC-Q3B-08:OFFSET1,0
1243,enabled,SR13C-DI-EBPM-06:CF:ENABLED_S,1
1245,offset,SR13A-PC-Q2B-09:OFFSET1,0
1248,error_sum,SR13A-PC-HSTR-07:ERCSUM,0
1248,state,SR13A-PC-HSTR-07:STATE,2
1248,error_sum,SR13A-PC-VSTR-07:ERCSUM,0
1248,state,SR13A-PC-VSTR-07:STATE,2
1251,offset,SR13A-PC-Q1B-10:OFFSET1,0
1253,enabled,SR13C-DI-EBPM-07:CF:ENABLED_S,1
1267,enabled,SR14C-DI-EBPM-01:CF:ENABLED_S,1
1269,offset,SR14A-PC-Q1B-01:OFFSET1,0
1272,error_sum,SR14A-PC-HSTR-01:ERCSUM,0
1272,state,SR14A-PC-HSTR-01:STATE,2
1272,error_sum,SR14A-PC-VSTR-01:ERCSUM,0
1272,state,SR14A-PC-VSTR-01:STATE,2
1275,offset,SR14A-PC-Q2B-02:OFFSET1,0
1277,offset,SR14A-PC-Q3B-03:OFFSET1,0
1280,error_sum,SR14A-PC-HSTR-02:ERCSUM,0
1280,state,SR14A-PC-HSTR-02:STATE,2
1280,error_sum,SR14A-PC-VSTR-02:ERCSUM,0
1280,state,SR14A-PC-VSTR-02:STATE,2
1283,enabled,SR14C-DI-EBPM-02:CF:ENABLED_S,1
1289,enabled,SR14C-DI-EBPM-03:CF:ENABLED_S,1
1292,error_sum,SR14A-PC-HSTR-03:ERCSUM,0
1292,state,SR14A-PC-HSTR-03:STATE,2
1292,error_sum,SR14A-PC-VSTR-03:ERCSUM,0
1292,state,SR14A-PC-VSTR-03:STATE,2
1297,enabled,SR14C-DI-EBPM-04:CF:ENABLED_S,1
1300,error_sum,SR14A-PC-HSTR-04:ERCSUM,0
1300,state,SR14A-PC-HSTR-04:STATE,2
1300,error_sum,SR14A-PC-VSTR-04:ERCSUM,0
1300,state,SR14A-PC-VSTR-04:STATE,2
1306,error_sum,SR14A-PC-HSTR-05:ERCSUM,0
1306,state,SR14A-PC-HSTR-05:STATE,2
1306,error_sum,SR14A-PC-VSTR-05:ERCSUM,0
1306,state,SR14A-PC-VSTR-05:STATE,2
1311,enabled,SR14C-DI-EBPM-05:CF:ENABLED_S,1
1316,error_sum,SR14A-PC-HSTR-06:ERCSUM,0
1316,state,SR14A-PC-HSTR-06:STATE,2
1316,error_sum,SR14A-PC-VSTR-06:ERCSUM,0
1316,state,SR14A-PC-VSTR-06:STATE,2
1319,offset,SR14A-PC-Q3B-08:OFFSET1,0
1321,enabled,SR14C-DI-EBPM-06:CF:ENABLED_S,1
1323,offset,SR14A-PC-Q2B-09:OFFSET1,0
1326,error_sum,SR14A-PC-HSTR-07:ERCSUM,0
1326,state,SR14A-PC-HSTR-07:STATE,2
1326,error_sum,SR14A-PC-VSTR-07:ERCSUM,0
1326,state,SR14A-PC-VSTR-07:STATE,2
1329,offset,SR14A-PC-Q1B-10:OFFSET1,0
1331,enabled,SR14C-DI-EBPM-07:CF:ENABLED_S,1
1345,enabled,SR15C-DI-EBPM-01:CF:ENABLED_S,1
1347,offset,SR15A-PC-Q1B-01:OFFSET1,0
1350,error_sum,SR15A-PC-HSTR-01:ERCSUM,0
1350,state,SR15A-PC-HSTR-01:STATE,2
1350,error_sum,SR15A-PC-VSTR-01:ERCSUM,0
1350,state,SR15A-PC-VSTR-01:STATE,2
1353,offset,SR15A-PC-Q2B-02:OFFSET1,0
1355,offset,SR15A-PC-Q3B-03:OFFSET1,0
1358,error_sum,SR15A-PC-HSTR-02:ERCSUM,0
1358,state,SR15A-PC-HSTR-02:STATE,2
1358,error_sum,SR15A-PC-VSTR-02:ERCSUM,0
1358,state,SR15A-PC-VSTR-02:STATE,2
1361,enabled,SR15C-DI-EBPM-02:CF:ENABLED_S,1
1367,enabled,SR15C-DI-EBPM-03:CF:ENABLED_S,1
1370,error_sum,SR15A-PC-HSTR-03:ERCSUM,0
1370,state,SR15A-PC-HSTR-03:STATE,2
1370,error_sum,SR15A-PC-VSTR-03:ERCSUM,0
1370,state,SR15A-PC-VSTR-03:STATE,2
1375,enabled,SR15C-DI-EBPM-04:CF:ENABLED_S,1
1378,error_sum,SR15A-PC-HSTR-04:ERCSUM,0
1378,state,SR15A-PC-HSTR-04:STATE,2
1378,error_sum,SR15A-PC-VSTR-04:ERCSUM,0
1378,state,SR15A-PC-VSTR-04:STATE,2
1384,error_sum,SR15A-PC-HSTR-05:ERCSUM,0
1384,state,SR15A-PC-HSTR-05:STATE,2
1384,error_sum,SR15A-PC-VSTR-05:ERCSUM,0
1384,state,SR15A-PC-VSTR-05:STATE,2
1389,enabled,SR15C-DI-EBPM-05:CF:ENABLED_S,1
1394,error_sum,SR15A-PC-HSTR-06:ERCSUM,0
1394,state,SR15A-PC-HSTR-06:STATE,2
1394,error_sum,SR15A-PC-VSTR-06:ERCSUM,0
1394,state,SR15A-PC-VSTR-06:STATE,2
1397,offset,SR15A-PC-Q3B-08:OFFSET1,0
1399,enabled,SR15C-DI-EBPM-06:CF:ENABLED_S,1
1401,offset,SR15A-PC-Q2B-09:OFFSET1,0
1404,error_sum,SR15A-PC-HSTR-07:ERCSUM,0
1404,state,SR15A-PC-HSTR-07:STATE,2
1404,error_sum,SR15A-PC-VSTR-07:ERCSUM,0
1404,state,SR15A-PC-VSTR-07:STATE,2
1407,offset,SR15A-PC-Q1B-10:OFFSET1,0
1409,enabled,SR15C-DI-EBPM-07:CF:ENABLED_S,1
1425,enabled,SR16C-DI-EBPM-01:CF:ENABLED_S,1
1427,offset,SR16A-PC-Q1B-01:OFFSET1,0
1430,error_sum,SR16A-PC-HSTR-01:ERCSUM,0
1430,state,SR16A-PC-HSTR-01:STATE,2
1430,error_sum,SR16A-PC-VSTR-01:ERCSUM,0
1430,state,SR16A-PC-VSTR-01:STATE,2
1433,offset,SR16A-PC-Q2B-02:OFFSET1,0
1435,offset,SR16A-PC-Q3B-03:OFFSET1,0
1438,error_sum,SR16A-PC-HSTR-02:ERCSUM,0
1438,state,SR16A-PC-HSTR-02:STATE,2
1438,error_sum,SR16A-PC-VSTR-02:ERCSUM,0
1438,state,SR16A-PC-VSTR-02:STATE,2
1441,enabled,SR16C-DI-EBPM-02:CF:ENABLED_S,1
1447,enabled,SR16C-DI-EBPM-03:CF:ENABLED_S,1
1450,error_sum,SR16A-PC-HSTR-03:ERCSUM,0
1450,state,SR16A-PC-HSTR-03:STATE,2
1450,error_sum,SR16A-PC-VSTR-03:ERCSUM,0
1450,state,SR16A-PC-VSTR-03:STATE,2
1455,enabled,SR16C-DI-EBPM-04:CF:ENABLED_S,1
1458,error_sum,SR16A-PC-HSTR-04:ERCSUM,0
1458,state,SR16A-PC-HSTR-04:STATE,2
1458,error_sum,SR16A-PC-VSTR-04:ERCSUM,0
1458,state,SR16A-PC-VSTR-04:STATE,2
1464,error_sum,SR16A-PC-HSTR-05:ERCSUM,0
1464,state,SR16A-PC-HSTR-05:STATE,2
1464,error_sum,SR16A-PC-VSTR-05:ERCSUM,0
1464,state,SR16A-PC-VSTR-05:STATE,2
1469,enabled,SR16C-DI-EBPM-05:CF:ENABLED_S,1
1475,error_sum,SR16A-PC-HSTR-06:ERCSUM,0
1475,state,SR16A-PC-HSTR-06:STATE,2
1475,error_sum,SR16A-PC-VSTR-06:ERCSUM,0
1475,state,SR16A-PC-VSTR-06:STATE,2
1478,offset,SR16A-PC-Q3D-08:OFFSET1,0
1480,enabled,SR16C-DI-EBPM-06:CF:ENABLED_S,1
1482,offset,SR16A-PC-Q2D-09:OFFSET1,0
1485,error_sum,SR16A-PC-HSTR-07:ERCSUM,0
1485,state,SR16A-PC-HSTR-07:STATE,2
1485,error_sum,SR16A-PC-VSTR-07:ERCSUM,0
1485,state,SR16A-PC-VSTR-07:STATE,2
1488,offset,SR16A-PC-Q1D-10:OFFSET1,0
1490,enabled,SR16C-DI-EBPM-07:CF:ENABLED_S,1
1495,enabled,SR17C-DI-EBPM-01:CF:ENABLED_S,1
1497,offset,SR17A-PC-Q1D-01:OFFSET1,0
1500,error_sum,SR17A-PC-HSTR-01:ERCSUM,0
1500,state,SR17A-PC-HSTR-01:STATE,2
1500,error_sum,SR17A-PC-VSTR-01:ERCSUM,0
1500,state,SR17A-PC-VSTR-01:STATE,2
1503,offset,SR17A-PC-Q2D-02:OFFSET1,0
1505,offset,SR17A-PC-Q3D-03:OFFSET1,0
1508,error_sum,SR17A-PC-HSTR-02:ERCSUM,0
1508,state,SR17A-PC-HSTR-02:STATE,2
1508,error_sum,SR17A-PC-VSTR-02:ERCSUM,0
1508,state,SR17A-PC-VSTR-02:STATE,2
1511,enabled,SR17C-DI-EBPM-02:CF:ENABLED_S,1
1517,enabled,SR17C-DI-EBPM-03:CF:ENABLED_S,1
1520,error_sum,SR17A-PC-HSTR-03:ERCSUM,0
1520,state,SR17A-PC-HSTR-03:STATE,2
1520,error_sum,SR17A-PC-VSTR-03:ERCSUM,0
1520,state,SR17A-PC-VSTR-03:STATE,2
1525,enabled,SR17C-DI-EBPM-04:CF:ENABLED_S,1
1528,error_sum,SR17A-PC-HSTR-04:ERCSUM,0
1528,state,SR17A-PC-HSTR-04:STATE,2
1528,error_sum,SR17A-PC-VSTR-04:ERCSUM,0
1528,state,SR17A-PC-VSTR-04:STATE,2
1534,error_sum,SR17A-PC-HSTR-05:ERCSUM,0
1534,state,SR17A-PC-HSTR-05:STATE,2
1534,error_sum,SR17A-PC-VSTR-05:ERCSUM,0
1534,state,SR17A-PC-VSTR-05:STATE,2
1539,enabled,SR17C-DI-EBPM-05:CF:ENABLED_S,1
1544,error_sum,SR17A-PC-HSTR-06:ERCSUM,0
1544,state,SR17A-PC-HSTR-06:STATE,2
1544,error_sum,SR17A-PC-VSTR-06:ERCSUM,0
1544,state,SR17A-PC-VSTR-06:STATE,2
1547,offset,SR17A-PC-Q3B-08:OFFSET1,0
1549,enabled,SR17C-DI-EBPM-06:CF:ENABLED_S,1
1551,offset,SR17A-PC-Q2B-09:OFFSET1,0
1554,error_sum,SR17A-PC-HSTR-07:ERCSUM,0
1554,state,SR17A-PC-HSTR-07:STATE,2
1554,error_sum,SR17A-PC-VSTR-07:ERCSUM,0
1554,state,SR17A-PC-VSTR-07:STATE,2
1557,offset,SR17A-PC-Q1B-10:OFFSET1,0
1559,enabled,SR17C-DI-EBPM-07:CF:ENABLED_S,1
1575,enabled,SR18C-DI-EBPM-01:CF:ENABLED_S,1
1577,offset,SR18A-PC-Q1B-01:OFFSET1,0
1580,error_sum,SR18A-PC-HSTR-01:ERCSUM,0
1580,state,SR18A-PC-HSTR-01:STATE,2
1580,error_sum,SR18A-PC-VSTR-01:ERCSUM,0
1580,state,SR18A-PC-VSTR-01:STATE,2
1583,offset,SR18A-PC-Q2B-02:OFFSET1,0
1585,offset,SR18A-PC-Q3B-03:OFFSET1,0
1588,error_sum,SR18A-PC-HSTR-02:ERCSUM,0
1588,state,SR18A-PC-HSTR-02:STATE,2
1588,error_sum,SR18A-PC-VSTR-02:ERCSUM,0
1588,state,SR18A-PC-VSTR-02:STATE,2
1591,enabled,SR18C-DI-EBPM-02:CF:ENABLED_S,1
1597,enabled,SR18C-DI-EBPM-03:CF:ENABLED_S,1
1600,error_sum,SR18A-PC-HSTR-03:ERCSUM,0
1600,state,SR18A-PC-HSTR-03:STATE,2
1600,error_sum,SR18A-PC-VSTR-03:ERCSUM,0
1600,state,SR18A-PC-VSTR-03:STATE,2
1605,enabled,SR18C-DI-EBPM-04:CF:ENABLED_S,1
1608,error_sum,SR18A-PC-HSTR-04:ERCSUM,0
1608,state,SR18A-PC-HSTR-04:STATE,2
1608,error_sum,SR18A-PC-VSTR-04:ERCSUM,0
1608,state,SR18A-PC-VSTR-04:STATE,2
1614,error_sum,SR18A-PC-HSTR-05:ERCSUM,0
1614,state,SR18A-PC-HSTR-05:STATE,2
1614,error_sum,SR18A-PC-VSTR-05:ERCSUM,0
1614,state,SR18A-PC-VSTR-05:STATE,2
1619,enabled,SR18C-DI-EBPM-05:CF:ENABLED_S,1
1625,error_sum,SR18A-PC-HSTR-06:ERCSUM,0
1625,state,SR18A-PC-HSTR-06:STATE,2
1625,error_sum,SR18A-PC-VSTR-06:ERCSUM,0
1625,state,SR18A-PC-VSTR-06:STATE,2
1628,offset,SR18A-PC-Q3B-08:OFFSET1,0
1630,enabled,SR18C-DI-EBPM-06:CF:ENABLED_S,1
1632,offset,SR18A-PC-Q2B-09:OFFSET1,0
1635,error_sum,SR18A-PC-HSTR-07:ERCSUM,0
1635,state,SR18A-PC-HSTR-07:STATE,2
1635,error_sum,SR18A-PC-VSTR-07:ERCSUM,0
1635,state,SR18A-PC-VSTR-07:STATE,2
1638,offset,SR18A-PC-Q1B-10:OFFSET1,0
1640,enabled,SR18C-DI-EBPM-07:CF:ENABLED_S,1
1654,enabled,SR19C-DI-EBPM-01:CF:ENABLED_S,1
1656,offset,SR19A-PC-Q1B-01:OFFSET1,0
1659,error_sum,SR19A-PC-HSTR-01:ERCSUM,0
1659,state,SR19A-PC-HSTR-01:STATE,2
1659,error_sum,SR19A-PC-VSTR-01:ERCSUM,0
1659,state,SR19A-PC-VSTR-01:STATE,2
1662,offset,SR19A-PC-Q2B-02:OFFSET1,0
1664,offset,SR19A-PC-Q3B-03:OFFSET1,0
1667,error_sum,SR19A-PC-HSTR-02:ERCSUM,0
1667,state,SR19A-PC-HSTR-02:STATE,2
1667,error_sum,SR19A-PC-VSTR-02:ERCSUM,0
1667,state,SR19A-PC-VSTR-02:STATE,2
1670,enabled,SR19C-DI-EBPM-02:CF:ENABLED_S,1
1676,enabled,SR19C-DI-EBPM-03:CF:ENABLED_S,1
1679,error_sum,SR19A-PC-HSTR-03:ERCSUM,0
1679,state,SR19A-PC-HSTR-03:STATE,2
1679,error_sum,SR19A-PC-VSTR-03:ERCSUM,0
1679,state,SR19A-PC-VSTR-03:STATE,2
1684,enabled,SR19C-DI-EBPM-04:CF:ENABLED_S,1
1687,error_sum,SR19A-PC-HSTR-04:ERCSUM,0
1687,state,SR19A-PC-HSTR-04:STATE,2
1687,error_sum,SR19A-PC-VSTR-04:ERCSUM,0
1687,state,SR19A-PC-VSTR-04:STATE,2
1693,error_sum,SR19A-PC-HSTR-05:ERCSUM,0
1693,state,SR19A-PC-HSTR-05:STATE,2
1693,error_sum,SR19A-PC-VSTR-05:ERCSUM,0
1693,state,SR19A-PC-VSTR-05:STATE,2
1698,enabled,SR19C-DI-EBPM-05:CF:ENABLED_S,1
1703,error_sum,SR19A-PC-HSTR-06:ERCSUM,0
1703,state,SR19A-PC-HSTR-06:STATE,2
1703,error_sum,SR19A-PC-VSTR-06:ERCSUM,0
1703,state,SR19A-PC-VSTR-06:STATE,2
1706,offset,SR19A-PC-Q3B-08:OFFSET1,0
1708,enabled,SR19C-DI-EBPM-06:CF:ENABLED_S,1
1710,offset,SR19A-PC-Q2B-09:OFFSET1,0
1713,error_sum,SR19A-PC-HSTR-07:ERCSUM,0
1713,state,SR19A-PC-HSTR-07:STATE,2
1713,error_sum,SR19A-PC-VSTR-07:ERCSUM,0
1713,state,SR19A-PC-VSTR-07:STATE,2
1716,offset,SR19A-PC-Q1B-10:OFFSET1,0
1718,enabled,SR19C-DI-EBPM-07:CF:ENABLED_S,1
1762,enabled,SR20C-DI-EBPM-01:CF:ENABLED_S,1
1765,offset,SR20A-PC-Q1B-01:OFFSET1,0
1768,error_sum,SR20A-PC-HSTR-01:ERCSUM,0
1768,state,SR20A-PC-HSTR-01:STATE,2
1768,error_sum,SR20A-PC-VSTR-01:ERCSUM,0
1768,state,SR20A-PC-VSTR-01:STATE,2
1771,offset,SR20A-PC-Q2B-02:OFFSET1,0
1773,offset,SR20A-PC-Q3B-03:OFFSET1,0
1776,error_sum,SR20A-PC-HSTR-02:ERCSUM,0
1776,state,SR20A-PC-HSTR-02:STATE,2
1776,error_sum,SR20A-PC-VSTR-02:ERCSUM,0
1776,state,SR20A-PC-VSTR-02:STATE,2
1779,enabled,SR20C-DI-EBPM-02:CF:ENABLED_S,1
1785,enabled,SR20C-DI-EBPM-03:CF:ENABLED_S,1
1788,error_sum,SR20A-PC-HSTR-03:ERCSUM,0
1788,state,SR20A-PC-HSTR-03:STATE,2
1788,error_sum,SR20A-PC-VSTR-03:ERCSUM,0
1788,state,SR20A-PC-VSTR-03:STATE,2
1793,enabled,SR20C-DI-EBPM-04:CF:ENABLED_S,1
1796,error_sum,SR20A-PC-HSTR-04:ERCSUM,0
1796,state,SR20A-PC-HSTR-04:STATE,2
1796,error_sum,SR20A-PC-VSTR-04:ERCSUM,0
1796,state,SR20A-PC-VSTR-04:STATE,2
1802,error_sum,SR20A-PC-HSTR-05:ERCSUM,0
1802,state,SR20A-PC-HSTR-05:STATE,2
1802,error_sum,SR20A-PC-VSTR-05:ERCSUM,0
1802,state,SR20A-PC-VSTR-05:STATE,2
1807,enabled,SR20C-DI-EBPM-05:CF:ENABLED_S,1
1812,error_sum,SR20A-PC-HSTR-06:ERCSUM,0
1812,state,SR20A-PC-HSTR-06:STATE,2
1812,error_sum,SR20A-PC-VSTR-06:ERCSUM,0
1812,state,SR20A-PC-VSTR-06:STATE,2
1815,offset,SR20A-PC-Q3D-08:OFFSET1,0
1817,enabled,SR20C-DI-EBPM-06:CF:ENABLED_S,1
1819,offset,SR20A-PC-Q2D-09:OFFSET1,0
1822,error_sum,SR20A-PC-HSTR-07:ERCSUM,0
1822,state,SR20A-PC-HSTR-07:STATE,2
1822,error_sum,SR20A-PC-VSTR-07:ERCSUM,0
1822,state,SR20A-PC-VSTR-07:STATE,2
1825,offset,SR20A-PC-Q1D-10:OFFSET1,0
1827,enabled,SR20C-DI-EBPM-07:CF:ENABLED_S,1
1841,enabled,SR21C-DI-EBPM-01:CF:ENABLED_S,1
1843,offset,SR21A-PC-Q1D-01:OFFSET1,0
1846,error_sum,SR21A-PC-HSTR-01:ERCSUM,0
1846,state,SR21A-PC-HSTR-01:STATE,2
1846,error_sum,SR21A-PC-VSTR-01:ERCSUM,0
1846,state,SR21A-PC-VSTR-01:STATE,2
1849,offset,SR21A-PC-Q2D-02:OFFSET1,0
1851,offset,SR21A-PC-Q3D-03:OFFSET1,0
1854,error_sum,SR21A-PC-HSTR-02:ERCSUM,0
1854,state,SR21A-PC-HSTR-02:STATE,2
1854,error_sum,SR21A-PC-VSTR-02:ERCSUM,0
1854,state,SR21A-PC-VSTR-02:STATE,2
1857,enabled,SR21C-DI-EBPM-02:CF:ENABLED_S,1
1863,enabled,SR21C-DI-EBPM-03:CF:ENABLED_S,1
1866,error_sum,SR21A-PC-HSTR-03:ERCSUM,0
1866,state,SR21A-PC-HSTR-03:STATE,2
1866,error_sum,SR21A-PC-VSTR-03:ERCSUM,0
1866,state,SR21A-PC-VSTR-03:STATE,2
1871,enabled,SR21C-DI-EBPM-04:CF:ENABLED_S,1
1874,error_sum,SR21A-PC-HSTR-04:ERCSUM,0
1874,state,SR21A-PC-HSTR-04:STATE,2
1874,error_sum,SR21A-PC-VSTR-04:ERCSUM,0
1874,state,SR21A-PC-VSTR-04:STATE,2
1880,error_sum,SR21A-PC-HSTR-05:ERCSUM,0
1880,state,SR21A-PC-HSTR-05:STATE,2
1880,error_sum,SR21A-PC-VSTR-05:ERCSUM,0
1880,state,SR21A-PC-VSTR-05:STATE,2
1885,enabled,SR21C-DI-EBPM-05:CF:ENABLED_S,1
1891,error_sum,SR21A-PC-HSTR-06:ERCSUM,0
1891,state,SR21A-PC-HSTR-06:STATE,2
1891,error_sum,SR21A-PC-VSTR-06:ERCSUM,0
1891,state,SR21A-PC-VSTR-06:STATE,2
1894,offset,SR21A-PC-Q3B-08:OFFSET1,0
1896,enabled,SR21C-DI-EBPM-06:CF:ENABLED_S,1
1898,offset,SR21A-PC-Q2B-09:OFFSET1,0
1901,error_sum,SR21A-PC-HSTR-07:ERCSUM,0
1901,state,SR21A-PC-HSTR-07:STATE,2
1901,error_sum,SR21A-PC-VSTR-07:ERCSUM,0
1901,state,SR21A-PC-VSTR-07:STATE,2
1904,offset,SR21A-PC-Q1B-10:OFFSET1,0
1906,enabled,SR21C-DI-EBPM-07:CF:ENABLED_S,1
1920,enabled,SR22C-DI-EBPM-01:CF:ENABLED_S,1
1922,offset,SR22A-PC-Q1B-01:OFFSET1,0
1925,error_sum,SR22A-PC-HSTR-01:ERCSUM,0
1925,state,SR22A-PC-HSTR-01:STATE,2
1925,error_sum,SR22A-PC-VSTR-01:ERCSUM,0
1925,state,SR22A-PC-VSTR-01:STATE,2
1928,offset,SR22A-PC-Q2B-02:OFFSET1,0
1930,offset,SR22A-PC-Q3B-03:OFFSET1,0
1933,error_sum,SR22A-PC-HSTR-02:ERCSUM,0
1933,state,SR22A-PC-HSTR-02:STATE,2
1933,error_sum,SR22A-PC-VSTR-02:ERCSUM,0
1933,state,SR22A-PC-VSTR-02:STATE,2
1936,enabled,SR22C-DI-EBPM-02:CF:ENABLED_S,1
1942,enabled,SR22C-DI-EBPM-03:CF:ENABLED_S,1
1945,error_sum,SR22A-PC-HSTR-03:ERCSUM,0
1945,state,SR22A-PC-HSTR-03:STATE,2
1945,error_sum,SR22A-PC-VSTR-03:ERCSUM,0
1945,state,SR22A-PC-VSTR-03:STATE,2
1950,enabled,SR22C-DI-EBPM-04:CF:ENABLED_S,1
1953,error_sum,SR22A-PC-HSTR-04:ERCSUM,0
1953,state,SR22A-PC-HSTR-04:STATE,2
1953,error_sum,SR22A-PC-VSTR-04:ERCSUM,0
1953,state,SR22A-PC-VSTR-04:STATE,2
1959,error_sum,SR22A-PC-HSTR-05:ERCSUM,0
1959,state,SR22A-PC-HSTR-05:STATE,2
1959,error_sum,SR22A-PC-VSTR-05:ERCSUM,0
1959,state,SR22A-PC-VSTR-05:STATE,2
1964,enabled,SR22C-DI-EBPM-05:CF:ENABLED_S,1
1970,error_sum,SR22A-PC-HSTR-06:ERCSUM,0
1970,state,SR22A-PC-HSTR-06:STATE,2
1970,error_sum,SR22A-PC-VSTR-06:ERCSUM,0
1970,state,SR22A-PC-VSTR-06:STATE,2
1973,offset,SR22A-PC-Q3B-08:OFFSET1,0
1975,enabled,SR22C-DI-EBPM-06:CF:ENABLED_S,1
1977,offset,SR22A-PC-Q2B-09:OFFSET1,0
1980,error_sum,SR22A-PC-HSTR-07:ERCSUM,0
1980,state,SR22A-PC-HSTR-07:STATE,2
1980,error_sum,SR22A-PC-VSTR-07:ERCSUM,0
1980,state,SR22A-PC-VSTR-07:STATE,2
1983,offset,SR22A-PC-Q1B-10:OFFSET1,0
1985,enabled,SR22C-DI-EBPM-07:CF:ENABLED_S,1
1999,enabled,SR23C-DI-EBPM-01:CF:ENABLED_S,1
2001,offset,SR23A-PC-Q1B-01:OFFSET1,0
2004,error_sum,SR23A-PC-HSTR-01:ERCSUM,0
2004,state,SR23A-PC-HSTR-01:STATE,2
2004,error_sum,SR23A-PC-VSTR-01:ERCSUM,0
2004,state,SR23A-PC-VSTR-01:STATE,2
2007,offset,SR23A-PC-Q2B-02:OFFSET1,0
2009,offset,SR23A-PC-Q3B-03:OFFSET1,0
2012,error_sum,SR23A-PC-HSTR-02:ERCSUM,0
2012,state,SR23A-PC-HSTR-02:STATE,2
2012,error_sum,SR23A-PC-VSTR-02:ERCSUM,0
2012,state,SR23A-PC-VSTR-02:STATE,2
2015,enabled,SR23C-DI-EBPM-02:CF:ENABLED_S,1
2021,enabled,SR23C-DI-EBPM-03:CF:ENABLED_S,1
2024,error_sum,SR23A-PC-HSTR-03:ERCSUM,0
2024,state,SR23A-PC-HSTR-03:STATE,2
2024,error_sum,SR23A-PC-VSTR-03:ERCSUM,0
2024,state,SR23A-PC-VSTR-03:STATE,2
2029,enabled,SR23C-DI-EBPM-04:CF:ENABLED_S,1
2032,error_sum,SR23A-PC-HSTR-04:ERCSUM,0
2032,state,SR23A-PC-HSTR-04:STATE,2
2032,error_sum,SR23A-PC-VSTR-04:ERCSUM,0
2032,state,SR23A-PC-VSTR-04:STATE,2
2038,error_sum,SR23A-PC-HSTR-05:ERCSUM,0
2038,state,SR23A-PC-HSTR-05:STATE,2
2038,error_sum,SR23A-PC-VSTR-05:ERCSUM,0
2038,state,SR23A-PC-VSTR-05:STATE,2
2043,enabled,SR23C-DI-EBPM-05:CF:ENABLED_S,1
2049,error_sum,SR23A-PC-HSTR-06:ERCSUM,0
2049,state,SR23A-PC-HSTR-06:STATE,2
2049,error_sum,SR23A-PC-VSTR-06:ERCSUM,0
2049,state,SR23A-PC-VSTR-06:STATE,2
2052,offset,SR23A-PC-Q3B-08:OFFSET1,0
2054,enabled,SR23C-DI-EBPM-06:CF:ENABLED_S,1
2056,offset,SR23A-PC-Q2B-09:OFFSET1,0
2059,error_sum,SR23A-PC-HSTR-07:ERCSUM,0
2059,state,SR23A-PC-HSTR-07:STATE,2
2059,error_sum,SR23A-PC-VSTR-07:ERCSUM,0
2059,state,SR23A-PC-VSTR-07:STATE,2
2062,offset,SR23A-PC-Q1B-10:OFFSET1,0
2064,enabled,SR23C-DI-EBPM-07:CF:ENABLED_S,1
2078,enabled,SR24C-DI-EBPM-01:CF:ENABLED_S,1
2080,offset,SR24A-PC-Q1B-01:OFFSET1,0
2083,error_sum,SR24A-PC-HSTR-01:ERCSUM,0
2083,state,SR24A-PC-HSTR-01:STATE,2
2083,error_sum,SR24A-PC-VSTR-01:ERCSUM,0
2083,state,SR24A-PC-VSTR-01:STATE,2
2086,offset,SR24A-PC-Q2B-02:OFFSET1,0
2088,offset,SR24A-PC-Q3B-03:OFFSET1,0
2091,error_sum,SR24A-PC-HSTR-02:ERCSUM,0
2091,state,SR24A-PC-HSTR-02:STATE,2
2091,error_sum,SR24A-PC-VSTR-02:ERCSUM,0
2091,state,SR24A-PC-VSTR-02:STATE,2
2094,enabled,SR24C-DI-EBPM-02:CF:ENABLED_S,1
2100,enabled,SR24C-DI-EBPM-03:CF:ENABLED_S,1
2103,error_sum,SR24A-PC-HSTR-03:ERCSUM,0
2103,state,SR24A-PC-HSTR-03:STATE,2
2103,error_sum,SR24A-PC-VSTR-03:ERCSUM,0
2103,state,SR24A-PC-VSTR-03:STATE,2
2108,enabled,SR24C-DI-EBPM-04:CF:ENABLED_S,1
2111,error_sum,SR24A-PC-HSTR-04:ERCSUM,0
2111,state,SR24A-PC-HSTR-04:STATE,2
2111,error_sum,SR24A-PC-VSTR-04:ERCSUM,0
2111,state,SR24A-PC-VSTR-04:STATE,2
2117,error_sum,SR24A-PC-HSTR-05:ERCSUM,0
2117,state,SR24A-PC-HSTR-05:STATE,2
2117,error_sum,SR24A-PC-VSTR-05:ERCSUM,0
2117,state,SR24A-PC-VSTR-05:STATE,2
2122,enabled,SR24C-DI-EBPM-05:CF:ENABLED_S,1
2128,error_sum,SR24A-PC-HSTR-06:ERCSUM,0
2128,state,SR24A-PC-HSTR-06:STATE,2
2128,error_sum,SR24A-PC-VSTR-06:ERCSUM,0
2128,state,SR24A-PC-VSTR-06:STATE,2
2131,offset,SR24A-PC-Q3D-08:OFFSET1,0
2133,enabled,SR24C-DI-EBPM-06:CF:ENABLED_S,1
2135,offset,SR24A-PC-Q2D-09:OFFSET1,0
2138,error_sum,SR24A-PC-HSTR-07:ERCSUM,0
2138,state,SR24A-PC-HSTR-07:STATE,2
2138,error_sum,SR24A-PC-VSTR-07:ERCSUM,0
2138,state,SR24A-PC-VSTR-07:STATE,2
2141,offset,SR24A-PC-Q1D-10:OFFSET1,0
2143,enabled,SR24C-DI-EBPM-07:CF:ENABLED_S,1
